date,mailroom,tier,actual_count,predicted_count,pred_sd,lower_95,upper_95,split,day_of_week,month_name,lockers,is_open,model_used,utilization_pct,overflow_units,risk_flag
2024-10-05,Tower B,large,80,78.6,50.1,0.0,176.8,train,Saturday,October,577,True,hgb_poisson|lean,13.6,0,OK
2024-10-07,Tower B,large,373,190.5,78.0,37.7,343.4,train,Monday,October,577,True,hgb_poisson|lean,33.0,0,OK
2024-10-08,Tower B,large,128,212.0,82.3,50.8,373.2,train,Tuesday,October,577,True,hgb_poisson|lean,36.7,0,OK
2024-10-09,Tower B,large,115,211.9,82.2,50.7,373.1,train,Wednesday,October,577,True,hgb_poisson|lean,36.7,0,OK
2024-10-10,Tower B,large,351,218.9,83.6,55.1,382.7,train,Thursday,October,577,True,hgb_poisson|lean,37.9,0,OK
2024-10-11,Tower B,large,157,188.5,77.6,36.5,340.5,train,Friday,October,577,True,hgb_poisson|lean,32.7,0,OK
2024-10-12,Tower B,large,63,78.6,50.1,0.0,176.8,train,Saturday,October,577,True,hgb_poisson|lean,13.6,0,OK
2024-10-14,Tower B,large,43,181.2,76.1,32.2,330.3,train,Monday,October,577,True,hgb_poisson|lean,31.4,0,OK
2024-10-15,Tower B,large,221,210.8,82.0,50.0,371.5,train,Tuesday,October,577,True,hgb_poisson|lean,36.5,0,OK
2024-10-16,Tower B,large,199,218.9,83.6,55.1,382.8,train,Wednesday,October,577,True,hgb_poisson|lean,37.9,0,OK
2024-10-17,Tower B,large,233,162.4,72.0,21.3,303.5,train,Thursday,October,577,True,hgb_poisson|lean,28.1,0,OK
2024-10-18,Tower B,large,142,194.6,78.8,40.1,349.0,train,Friday,October,577,True,hgb_poisson|lean,33.7,0,OK
2024-10-19,Tower B,large,128,78.1,49.9,0.0,176.0,train,Saturday,October,577,True,hgb_poisson|lean,13.5,0,OK
2024-10-21,Tower B,large,258,192.2,78.3,38.7,345.8,train,Monday,October,577,True,hgb_poisson|lean,33.3,0,OK
2024-10-22,Tower B,large,129,210.8,82.0,50.0,371.5,train,Tuesday,October,577,True,hgb_poisson|lean,36.5,0,OK
2024-10-23,Tower B,large,274,218.9,83.6,55.1,382.8,train,Wednesday,October,577,True,hgb_poisson|lean,37.9,0,OK
2024-10-24,Tower B,large,223,207.7,81.4,48.1,367.3,train,Thursday,October,577,True,hgb_poisson|lean,36.0,0,OK
2024-10-25,Tower B,large,195,192.2,78.3,38.7,345.8,train,Friday,October,577,True,hgb_poisson|lean,33.3,0,OK
2024-10-26,Tower B,large,105,80.6,50.7,0.0,180.1,train,Saturday,October,577,True,hgb_poisson|lean,14.0,0,OK
2024-10-28,Tower B,large,178,140.5,67.0,9.2,271.7,train,Monday,October,577,True,hgb_poisson|lean,24.4,0,OK
2024-10-29,Tower B,large,233,210.8,82.0,50.0,371.5,train,Tuesday,October,577,True,hgb_poisson|lean,36.5,0,OK
2024-10-30,Tower B,large,256,201.0,80.1,44.0,358.0,train,Wednesday,October,577,True,hgb_poisson|lean,34.8,0,OK
2024-10-31,Tower B,large,222,212.8,82.4,51.3,374.3,train,Thursday,October,577,True,hgb_poisson|lean,36.9,0,OK
2024-11-01,Tower B,large,163,183.2,76.5,33.3,333.1,train,Friday,November,577,True,hgb_poisson|lean,31.8,0,OK
2024-11-02,Tower B,large,140,72.5,48.1,0.0,166.7,train,Saturday,November,577,True,hgb_poisson|lean,12.6,0,OK
2024-11-04,Tower B,large,163,170.2,73.7,25.7,314.6,train,Monday,November,577,True,hgb_poisson|lean,29.5,0,OK
2024-11-05,Tower B,large,174,203.9,80.7,45.8,362.0,train,Tuesday,November,577,True,hgb_poisson|lean,35.3,0,OK
2024-11-06,Tower B,large,85,199.3,79.8,43.0,355.7,train,Wednesday,November,577,True,hgb_poisson|lean,34.5,0,OK
2024-11-07,Tower B,large,90,197.0,79.3,41.6,352.4,train,Thursday,November,577,True,hgb_poisson|lean,34.1,0,OK
2024-11-08,Tower B,large,65,177.2,75.2,29.8,324.6,train,Friday,November,577,True,hgb_poisson|lean,30.7,0,OK
2024-11-09,Tower B,large,48,60.7,44.0,0.0,146.9,train,Saturday,November,577,True,hgb_poisson|lean,10.5,0,OK
2024-11-11,Tower B,large,21,99.3,56.3,0.0,209.7,train,Monday,November,577,True,hgb_poisson|lean,17.2,0,OK
2024-11-12,Tower B,large,160,116.2,60.9,0.0,235.5,train,Tuesday,November,577,True,hgb_poisson|lean,20.1,0,OK
2024-11-13,Tower B,large,76,116.8,61.1,0.0,236.5,train,Wednesday,November,577,True,hgb_poisson|lean,20.2,0,OK
2024-11-14,Tower B,large,64,121.7,62.3,0.0,243.8,train,Thursday,November,577,True,hgb_poisson|lean,21.1,0,OK
2024-11-15,Tower B,large,110,109.4,59.1,0.0,225.3,train,Friday,November,577,True,hgb_poisson|lean,19.0,0,OK
2024-11-16,Tower B,large,103,48.8,39.5,0.0,126.2,train,Saturday,November,577,True,hgb_poisson|lean,8.5,0,OK
2024-11-18,Tower B,large,120,81.8,51.1,0.0,181.9,train,Monday,November,577,True,hgb_poisson|lean,14.2,0,OK
2024-11-19,Tower B,large,72,75.4,49.1,0.0,171.5,train,Tuesday,November,577,True,hgb_poisson|lean,13.1,0,OK
2024-11-20,Tower B,large,56,94.3,54.9,0.0,201.9,train,Wednesday,November,577,True,hgb_poisson|lean,16.3,0,OK
2024-11-21,Tower B,large,59,124.0,62.9,0.7,247.3,train,Thursday,November,577,True,hgb_poisson|lean,21.5,0,OK
2024-11-22,Tower B,large,76,84.2,51.8,0.0,185.8,train,Friday,November,577,True,hgb_poisson|lean,14.6,0,OK
2024-11-23,Tower B,large,10,31.6,31.7,0.0,93.8,train,Saturday,November,577,True,hgb_poisson|lean,5.5,0,OK
2024-11-25,Tower B,large,50,114.2,60.4,0.0,232.5,train,Monday,November,577,True,hgb_poisson|lean,19.8,0,OK
2024-11-26,Tower B,large,26,65.6,45.7,0.0,155.2,train,Tuesday,November,577,True,hgb_poisson|lean,11.4,0,OK
2024-11-27,Tower B,large,100,65.6,45.7,0.0,155.2,train,Wednesday,November,577,True,hgb_poisson|lean,11.4,0,OK
2024-11-28,Tower B,large,0,66.6,46.1,0.0,156.9,train,Thursday,November,577,True,hgb_poisson|lean,11.5,0,OK
2024-11-29,Tower B,large,0,73.1,48.3,0.0,167.7,train,Friday,November,577,True,hgb_poisson|lean,12.7,0,OK
2024-11-30,Tower B,large,0,17.1,23.4,0.0,63.0,train,Saturday,November,577,True,hgb_poisson|lean,3.0,0,OK
2024-12-02,Tower B,large,179,128.9,64.1,3.2,254.6,train,Monday,December,577,True,hgb_poisson|lean,22.3,0,OK
2024-12-03,Tower B,large,67,79.2,50.3,0.0,177.7,train,Tuesday,December,577,True,hgb_poisson|lean,13.7,0,OK
2024-12-04,Tower B,large,48,79.2,50.3,0.0,177.7,train,Wednesday,December,577,True,hgb_poisson|lean,13.7,0,OK
2024-12-05,Tower B,large,76,82.2,51.2,0.0,182.6,train,Thursday,December,577,True,hgb_poisson|lean,14.2,0,OK
2024-12-06,Tower B,large,159,83.4,51.6,0.0,184.6,train,Friday,December,577,True,hgb_poisson|lean,14.5,0,OK
2024-12-07,Tower B,large,14,17.4,23.6,0.0,63.6,train,Saturday,December,577,True,hgb_poisson|lean,3.0,0,OK
2024-12-09,Tower B,large,167,141.0,67.1,9.5,272.5,train,Monday,December,577,True,hgb_poisson|lean,24.4,0,OK
2024-12-10,Tower B,large,61,73.2,48.3,0.0,167.9,train,Tuesday,December,577,True,hgb_poisson|lean,12.7,0,OK
2024-12-11,Tower B,large,157,81.0,50.8,0.0,180.6,train,Wednesday,December,577,True,hgb_poisson|lean,14.0,0,OK
2024-12-12,Tower B,large,84,68.5,46.7,0.0,160.1,train,Thursday,December,577,True,hgb_poisson|lean,11.9,0,OK
2024-12-13,Tower B,large,54,70.4,47.4,0.0,163.4,train,Friday,December,577,True,hgb_poisson|lean,12.2,0,OK
2024-12-14,Tower B,large,15,16.5,22.9,0.0,61.5,train,Saturday,December,577,True,hgb_poisson|lean,2.9,0,OK
2024-12-16,Tower B,large,122,116.5,61.0,0.0,236.0,train,Monday,December,577,True,hgb_poisson|lean,20.2,0,OK
2024-12-17,Tower B,large,37,79.4,50.3,0.0,178.1,train,Tuesday,December,577,True,hgb_poisson|lean,13.8,0,OK
2024-12-18,Tower B,large,21,21.7,26.3,0.0,73.3,train,Wednesday,December,577,True,hgb_poisson|lean,3.8,0,OK
2024-12-19,Tower B,large,20,12.6,20.0,0.0,51.8,train,Thursday,December,577,True,hgb_poisson|lean,2.2,0,OK
2024-12-20,Tower B,large,11,12.1,19.6,0.0,50.6,train,Friday,December,577,True,hgb_poisson|lean,2.1,0,OK
2024-12-21,Tower B,large,0,5.7,13.5,0.0,32.2,train,Saturday,December,577,True,hgb_poisson|lean,1.0,0,OK
2024-12-23,Tower B,large,47,24.4,27.9,0.0,79.1,train,Monday,December,577,True,hgb_poisson|lean,4.2,0,OK
2024-12-24,Tower B,large,0,16.3,22.8,0.0,61.0,train,Tuesday,December,577,True,hgb_poisson|lean,2.8,0,OK
2024-12-25,Tower B,large,0,16.0,22.6,0.0,60.3,train,Wednesday,December,577,True,hgb_poisson|lean,2.8,0,OK
2024-12-26,Tower B,large,32,18.0,23.9,0.0,64.9,train,Thursday,December,577,True,hgb_poisson|lean,3.1,0,OK
2024-12-27,Tower B,large,7,15.2,22.0,0.0,58.4,train,Friday,December,577,True,hgb_poisson|lean,2.6,0,OK
2024-12-28,Tower B,large,0,3.2,10.1,0.0,23.0,train,Saturday,December,577,True,hgb_poisson|lean,0.6,0,OK
2024-12-30,Tower B,large,23,13.9,21.1,0.0,55.3,train,Monday,December,577,True,hgb_poisson|lean,2.4,0,OK
2024-12-31,Tower B,large,0,11.5,19.1,0.0,48.9,train,Tuesday,December,577,True,hgb_poisson|lean,2.0,0,OK
2025-01-01,Tower B,large,0,11.5,19.1,0.0,48.9,train,Wednesday,January,577,True,hgb_poisson|lean,2.0,0,OK
2025-01-02,Tower B,large,88,12.5,20.0,0.0,51.7,train,Thursday,January,577,True,hgb_poisson|lean,2.2,0,OK
2025-01-03,Tower B,large,114,87.8,52.9,0.0,191.5,train,Friday,January,577,True,hgb_poisson|lean,15.2,0,OK
2025-01-04,Tower B,large,0,13.3,20.6,0.0,53.6,train,Saturday,January,577,True,hgb_poisson|lean,2.3,0,OK
2025-01-06,Tower B,large,49,106.3,58.2,0.0,220.4,train,Monday,January,577,True,hgb_poisson|lean,18.4,0,OK
2025-01-07,Tower B,large,72,88.2,53.0,0.0,192.1,train,Tuesday,January,577,True,hgb_poisson|lean,15.3,0,OK
2025-01-08,Tower B,large,128,100.9,56.8,0.0,212.2,train,Wednesday,January,577,True,hgb_poisson|lean,17.5,0,OK
2025-01-09,Tower B,large,133,137.7,66.3,7.8,267.6,train,Thursday,January,577,True,hgb_poisson|lean,23.9,0,OK
2025-01-10,Tower B,large,198,158.6,71.2,19.2,298.1,train,Friday,January,577,True,hgb_poisson|lean,27.5,0,OK
2025-01-11,Tower B,large,60,34.0,33.0,0.0,98.6,train,Saturday,January,577,True,hgb_poisson|lean,5.9,0,OK
2025-01-13,Tower B,large,273,232.6,86.2,63.7,401.5,train,Monday,January,577,True,hgb_poisson|lean,40.3,0,OK
2025-01-14,Tower B,large,157,134.3,65.5,6.0,262.7,train,Tuesday,January,577,True,hgb_poisson|lean,23.3,0,OK
2025-01-15,Tower B,large,236,178.7,75.5,30.7,326.7,train,Wednesday,January,577,True,hgb_poisson|lean,31.0,0,OK
2025-01-16,Tower B,large,200,183.3,76.5,33.4,333.2,train,Thursday,January,577,True,hgb_poisson|lean,31.8,0,OK
2025-01-17,Tower B,large,165,183.6,76.6,33.6,333.7,train,Friday,January,577,True,hgb_poisson|lean,31.8,0,OK
2025-01-18,Tower B,large,54,84.4,51.9,0.0,186.1,train,Saturday,January,577,True,hgb_poisson|lean,14.6,0,OK
2025-01-20,Tower B,large,9,172.3,74.2,27.0,317.7,train,Monday,January,577,True,hgb_poisson|lean,29.9,0,OK
2025-01-21,Tower B,large,213,179.6,75.7,31.2,328.0,train,Tuesday,January,577,True,hgb_poisson|lean,31.1,0,OK
2025-01-22,Tower B,large,257,191.7,78.2,38.4,345.0,train,Wednesday,January,577,True,hgb_poisson|lean,33.2,0,OK
2025-01-23,Tower B,large,175,193.6,78.6,39.5,347.7,train,Thursday,January,577,True,hgb_poisson|lean,33.6,0,OK
2025-01-24,Tower B,large,99,198.2,79.5,42.3,354.1,train,Friday,January,577,True,hgb_poisson|lean,34.4,0,OK
2025-01-25,Tower B,large,81,96.2,55.4,0.0,204.7,train,Saturday,January,577,True,hgb_poisson|lean,16.7,0,OK
2025-01-27,Tower B,large,207,177.8,75.3,30.1,325.4,train,Monday,January,577,True,hgb_poisson|lean,30.8,0,OK
2025-01-28,Tower B,large,135,151.5,69.5,15.2,287.8,train,Tuesday,January,577,True,hgb_poisson|lean,26.3,0,OK
2025-01-29,Tower B,large,135,152.3,69.7,15.7,289.0,train,Wednesday,January,577,True,hgb_poisson|lean,26.4,0,OK
2025-01-30,Tower B,large,82,149.4,69.1,14.1,284.8,train,Thursday,January,577,True,hgb_poisson|lean,25.9,0,OK
2025-01-31,Tower B,large,127,155.5,70.4,17.4,293.5,train,Friday,January,577,True,hgb_poisson|lean,26.9,0,OK
2025-02-01,Tower B,large,99,88.7,53.2,0.0,193.0,train,Saturday,February,577,True,hgb_poisson|lean,15.4,0,OK
2025-02-03,Tower B,large,125,163.0,72.1,21.6,304.3,train,Monday,February,577,True,hgb_poisson|lean,28.2,0,OK
2025-02-04,Tower B,large,142,168.8,73.4,24.9,312.6,train,Tuesday,February,577,True,hgb_poisson|lean,29.3,0,OK
2025-02-05,Tower B,large,127,169.5,73.5,25.3,313.6,train,Wednesday,February,577,True,hgb_poisson|lean,29.4,0,OK
2025-02-06,Tower B,large,131,171.0,73.9,26.2,315.8,train,Thursday,February,577,True,hgb_poisson|lean,29.6,0,OK
2025-02-07,Tower B,large,145,166.4,72.9,23.6,309.3,train,Friday,February,577,True,hgb_poisson|lean,28.8,0,OK
2025-02-08,Tower B,large,86,75.7,49.2,0.0,172.0,train,Saturday,February,577,True,hgb_poisson|lean,13.1,0,OK
2025-02-10,Tower B,large,279,164.7,72.5,22.6,306.8,train,Monday,February,577,True,hgb_poisson|lean,28.5,0,OK
2025-02-11,Tower B,large,169,123.5,62.8,0.4,246.5,train,Tuesday,February,577,True,hgb_poisson|lean,21.4,0,OK
2025-02-12,Tower B,large,134,124.2,62.9,0.8,247.5,train,Wednesday,February,577,True,hgb_poisson|lean,21.5,0,OK
2025-02-13,Tower B,large,265,169.8,73.6,25.5,314.1,train,Thursday,February,577,True,hgb_poisson|lean,29.4,0,OK
2025-02-14,Tower B,large,286,125.3,63.2,1.4,249.3,train,Friday,February,577,True,hgb_poisson|lean,21.7,0,OK
2025-02-15,Tower B,large,142,73.9,48.6,0.0,169.2,train,Saturday,February,577,True,hgb_poisson|lean,12.8,0,OK
2025-02-17,Tower B,large,36,118.1,61.4,0.0,238.4,train,Monday,February,577,True,hgb_poisson|lean,20.5,0,OK
2025-02-18,Tower B,large,238,167.4,73.1,24.1,310.6,train,Tuesday,February,577,True,hgb_poisson|lean,29.0,0,OK
2025-02-19,Tower B,large,149,138.1,66.4,8.0,268.2,train,Wednesday,February,577,True,hgb_poisson|lean,23.9,0,OK
2025-02-20,Tower B,large,91,149.1,69.0,13.9,284.3,train,Thursday,February,577,True,hgb_poisson|lean,25.8,0,OK
2025-02-21,Tower B,large,87,125.3,63.2,1.4,249.3,train,Friday,February,577,True,hgb_poisson|lean,21.7,0,OK
2025-02-22,Tower B,large,100,73.9,48.6,0.0,169.2,train,Saturday,February,577,True,hgb_poisson|lean,12.8,0,OK
2025-02-24,Tower B,large,121,118.1,61.4,0.0,238.4,train,Monday,February,577,True,hgb_poisson|lean,20.5,0,OK
2025-02-25,Tower B,large,65,167.4,73.1,24.1,310.6,train,Tuesday,February,577,True,hgb_poisson|lean,29.0,0,OK
2025-02-26,Tower B,large,31,168.3,73.3,24.7,312.0,train,Wednesday,February,577,True,hgb_poisson|lean,29.2,0,OK
2025-02-27,Tower B,large,166,171.0,73.9,26.2,315.8,train,Thursday,February,577,True,hgb_poisson|lean,29.6,0,OK
2025-02-28,Tower B,large,81,166.4,72.9,23.6,309.3,train,Friday,February,577,True,hgb_poisson|lean,28.8,0,OK
2025-03-01,Tower B,large,90,73.4,48.4,0.0,168.2,train,Saturday,March,577,True,hgb_poisson|lean,12.7,0,OK
2025-03-03,Tower B,large,67,156.8,70.7,18.1,295.4,train,Monday,March,577,True,hgb_poisson|lean,27.2,0,OK
2025-03-04,Tower B,large,39,118.2,61.4,0.0,238.6,train,Tuesday,March,577,True,hgb_poisson|lean,20.5,0,OK
2025-03-05,Tower B,large,63,105.6,58.0,0.0,219.4,train,Wednesday,March,577,True,hgb_poisson|lean,18.3,0,OK
2025-03-06,Tower B,large,33,104.5,57.7,0.0,217.7,train,Thursday,March,577,True,hgb_poisson|lean,18.1,0,OK
2025-03-07,Tower B,large,10,84.4,51.9,0.0,186.1,train,Friday,March,577,True,hgb_poisson|lean,14.6,0,OK
2025-03-08,Tower B,large,0,15.8,22.5,0.0,59.9,train,Saturday,March,577,True,hgb_poisson|lean,2.7,0,OK
2025-03-10,Tower B,large,280,117.2,61.2,0.0,237.1,train,Monday,March,577,True,hgb_poisson|lean,20.3,0,OK
2025-03-11,Tower B,large,55,75.7,49.1,0.0,172.0,train,Tuesday,March,577,True,hgb_poisson|lean,13.1,0,OK
2025-03-12,Tower B,large,132,69.1,47.0,0.0,161.1,train,Wednesday,March,577,True,hgb_poisson|lean,12.0,0,OK
2025-03-13,Tower B,large,75,68.4,46.7,0.0,159.9,train,Thursday,March,577,True,hgb_poisson|lean,11.9,0,OK
2025-03-14,Tower B,large,90,73.2,48.3,0.0,168.0,train,Friday,March,577,True,hgb_poisson|lean,12.7,0,OK
2025-03-15,Tower B,large,35,29.9,30.9,0.0,90.5,train,Saturday,March,577,True,hgb_poisson|lean,5.2,0,OK
2025-03-17,Tower B,large,200,107.3,58.5,0.0,222.0,train,Monday,March,577,True,hgb_poisson|lean,18.6,0,OK
2025-03-18,Tower B,large,66,73.6,48.5,0.0,168.7,train,Tuesday,March,577,True,hgb_poisson|lean,12.8,0,OK
2025-03-19,Tower B,large,56,73.1,48.3,0.0,167.8,train,Wednesday,March,577,True,hgb_poisson|lean,12.7,0,OK
2025-03-20,Tower B,large,111,79.2,50.3,0.0,177.8,train,Thursday,March,577,True,hgb_poisson|lean,13.7,0,OK
2025-03-21,Tower B,large,87,111.1,59.5,0.0,227.7,train,Friday,March,577,True,hgb_poisson|lean,19.3,0,OK
2025-03-22,Tower B,large,72,47.4,38.9,0.0,123.6,train,Saturday,March,577,True,hgb_poisson|lean,8.2,0,OK
2025-03-24,Tower B,large,114,116.8,61.1,0.0,236.5,train,Monday,March,577,True,hgb_poisson|lean,20.2,0,OK
2025-03-25,Tower B,large,59,99.3,56.3,0.0,209.7,train,Tuesday,March,577,True,hgb_poisson|lean,17.2,0,OK
2025-03-26,Tower B,large,116,120.1,61.9,0.0,241.4,train,Wednesday,March,577,True,hgb_poisson|lean,20.8,0,OK
2025-03-27,Tower B,large,78,111.5,59.6,0.0,228.4,train,Thursday,March,577,True,hgb_poisson|lean,19.3,0,OK
2025-03-28,Tower B,large,80,102.3,57.2,0.0,214.4,train,Friday,March,577,True,hgb_poisson|lean,17.7,0,OK
2025-03-29,Tower B,large,38,49.4,39.7,0.0,127.3,train,Saturday,March,577,True,hgb_poisson|lean,8.6,0,OK
2025-03-31,Tower B,large,135,122.4,62.5,0.0,244.9,train,Monday,March,577,True,hgb_poisson|lean,21.2,0,OK
2025-04-01,Tower B,large,67,114.4,60.4,0.0,232.9,train,Tuesday,April,577,True,hgb_poisson|lean,19.8,0,OK
2025-04-02,Tower B,large,103,112.1,59.8,0.0,229.3,train,Wednesday,April,577,True,hgb_poisson|lean,19.4,0,OK
2025-04-03,Tower B,large,118,81.8,51.1,0.0,181.9,train,Thursday,April,577,True,hgb_poisson|lean,14.2,0,OK
2025-04-04,Tower B,large,76,124.0,62.9,0.7,247.3,train,Friday,April,577,True,hgb_poisson|lean,21.5,0,OK
2025-04-05,Tower B,large,41,46.5,38.5,0.0,121.9,train,Saturday,April,577,True,hgb_poisson|lean,8.1,0,OK
2025-04-07,Tower B,large,170,122.4,62.5,0.0,244.9,train,Monday,April,577,True,hgb_poisson|lean,21.2,0,OK
2025-04-08,Tower B,large,52,114.4,60.4,0.0,232.9,train,Tuesday,April,577,True,hgb_poisson|lean,19.8,0,OK
2025-04-09,Tower B,large,81,114.4,60.4,0.0,232.9,train,Wednesday,April,577,True,hgb_poisson|lean,19.8,0,OK
2025-04-10,Tower B,large,130,113.2,60.1,0.0,231.0,train,Thursday,April,577,True,hgb_poisson|lean,19.6,0,OK
2025-04-11,Tower B,large,112,102.3,57.2,0.0,214.4,train,Friday,April,577,True,hgb_poisson|lean,17.7,0,OK
2025-04-12,Tower B,large,25,41.4,36.4,0.0,112.7,train,Saturday,April,577,True,hgb_poisson|lean,7.2,0,OK
2025-04-14,Tower B,large,212,126.9,63.6,2.2,251.6,train,Monday,April,577,True,hgb_poisson|lean,22.0,0,OK
2025-04-15,Tower B,large,64,97.0,55.6,0.0,206.0,train,Tuesday,April,577,True,hgb_poisson|lean,16.8,0,OK
2025-04-16,Tower B,large,100,99.3,56.3,0.0,209.7,train,Wednesday,April,577,True,hgb_poisson|lean,17.2,0,OK
2025-04-17,Tower B,large,146,103.1,57.4,0.0,215.5,train,Thursday,April,577,True,hgb_poisson|lean,17.9,0,OK
2025-04-18,Tower B,large,133,117.1,61.1,0.0,237.0,train,Friday,April,577,True,hgb_poisson|lean,20.3,0,OK
2025-04-19,Tower B,large,71,57.3,42.8,0.0,141.1,train,Saturday,April,577,True,hgb_poisson|lean,9.9,0,OK
2025-04-21,Tower B,large,234,124.0,62.9,0.7,247.3,train,Monday,April,577,True,hgb_poisson|lean,21.5,0,OK
2025-04-22,Tower B,large,120,112.3,59.9,0.0,229.7,train,Tuesday,April,577,True,hgb_poisson|lean,19.5,0,OK
2025-04-23,Tower B,large,97,124.0,62.9,0.7,247.3,train,Wednesday,April,577,True,hgb_poisson|lean,21.5,0,OK
2025-04-24,Tower B,large,124,99.7,56.4,0.0,210.2,train,Thursday,April,577,True,hgb_poisson|lean,17.3,0,OK
2025-04-25,Tower B,large,74,125.1,63.2,1.3,249.0,train,Friday,April,577,True,hgb_poisson|lean,21.7,0,OK
2025-04-26,Tower B,large,57,57.7,42.9,0.0,141.8,train,Saturday,April,577,True,hgb_poisson|lean,10.0,0,OK
2025-04-28,Tower B,large,99,107.2,58.5,0.0,221.9,train,Monday,April,577,True,hgb_poisson|lean,18.6,0,OK
2025-04-29,Tower B,large,40,97.2,55.7,0.0,206.3,train,Tuesday,April,577,True,hgb_poisson|lean,16.8,0,OK
2025-04-30,Tower B,large,29,112.3,59.9,0.0,229.7,train,Wednesday,April,577,True,hgb_poisson|lean,19.5,0,OK
2025-05-01,Tower B,large,34,99.2,56.3,0.0,209.4,train,Thursday,May,577,True,hgb_poisson|lean,17.2,0,OK
2025-05-02,Tower B,large,25,99.7,56.4,0.0,210.2,train,Friday,May,577,True,hgb_poisson|lean,17.3,0,OK
2025-05-03,Tower B,large,0,21.6,26.2,0.0,73.0,train,Saturday,May,577,True,hgb_poisson|lean,3.7,0,OK
2025-05-05,Tower B,large,101,70.9,47.6,0.0,164.1,train,Monday,May,577,True,hgb_poisson|lean,12.3,0,OK
2025-05-06,Tower B,large,23,41.7,36.5,0.0,113.3,train,Tuesday,May,577,True,hgb_poisson|lean,7.2,0,OK
2025-05-07,Tower B,large,31,31.7,31.8,0.0,94.1,train,Wednesday,May,577,True,hgb_poisson|lean,5.5,0,OK
2025-05-08,Tower B,large,13,33.5,32.7,0.0,97.5,train,Thursday,May,577,True,hgb_poisson|lean,5.8,0,OK
2025-05-09,Tower B,large,45,34.7,33.3,0.0,99.8,train,Friday,May,577,True,hgb_poisson|lean,6.0,0,OK
2025-05-10,Tower B,large,0,4.8,12.4,0.0,29.2,train,Saturday,May,577,True,hgb_poisson|lean,0.8,0,OK
2025-05-12,Tower B,large,43,70.4,47.4,0.0,163.3,train,Monday,May,577,True,hgb_poisson|lean,12.2,0,OK
2025-05-13,Tower B,large,17,44.7,37.8,0.0,118.6,train,Tuesday,May,577,True,hgb_poisson|lean,7.7,0,OK
2025-05-14,Tower B,large,15,25.5,28.6,0.0,81.5,train,Wednesday,May,577,True,hgb_poisson|lean,4.4,0,OK
2025-05-15,Tower B,large,15,26.6,29.1,0.0,83.7,train,Thursday,May,577,True,hgb_poisson|lean,4.6,0,OK
2025-05-16,Tower B,large,28,26.5,29.1,0.0,83.5,train,Friday,May,577,True,hgb_poisson|lean,4.6,0,OK
2025-05-17,Tower B,large,0,4.1,11.5,0.0,26.7,train,Saturday,May,577,True,hgb_poisson|lean,0.7,0,OK
2025-05-19,Tower B,large,66,45.8,38.2,0.0,120.7,train,Monday,May,577,True,hgb_poisson|lean,7.9,0,OK
2025-05-20,Tower B,large,21,34.5,33.2,0.0,99.5,train,Tuesday,May,577,True,hgb_poisson|lean,6.0,0,OK
2025-05-21,Tower B,large,8,26.9,29.3,0.0,84.2,train,Wednesday,May,577,True,hgb_poisson|lean,4.7,0,OK
2025-05-22,Tower B,large,22,29.4,30.6,0.0,89.4,train,Thursday,May,577,True,hgb_poisson|lean,5.1,0,OK
2025-05-23,Tower B,large,35,29.0,30.4,0.0,88.7,train,Friday,May,577,True,hgb_poisson|lean,5.0,0,OK
2025-05-24,Tower B,large,0,4.9,12.5,0.0,29.5,train,Saturday,May,577,True,hgb_poisson|lean,0.8,0,OK
2025-05-26,Tower B,large,8,42.4,36.8,0.0,114.5,train,Monday,May,577,True,hgb_poisson|lean,7.3,0,OK
2025-05-27,Tower B,large,56,35.4,33.6,0.0,101.3,train,Tuesday,May,577,True,hgb_poisson|lean,6.1,0,OK
2025-05-28,Tower B,large,54,33.4,32.6,0.0,97.3,train,Wednesday,May,577,True,hgb_poisson|lean,5.8,0,OK
2025-05-29,Tower B,large,4,34.6,33.2,0.0,99.8,train,Thursday,May,577,True,hgb_poisson|lean,6.0,0,OK
2025-05-30,Tower B,large,33,33.8,32.8,0.0,98.2,train,Friday,May,577,True,hgb_poisson|lean,5.9,0,OK
2025-05-31,Tower B,large,0,4.3,11.7,0.0,27.3,train,Saturday,May,577,True,hgb_poisson|lean,0.7,0,OK
2025-06-02,Tower B,large,50,42.0,36.6,0.0,113.7,train,Monday,June,577,True,hgb_poisson|lean,7.3,0,OK
2025-06-03,Tower B,large,26,36.6,34.2,0.0,103.5,train,Tuesday,June,577,True,hgb_poisson|lean,6.3,0,OK
2025-06-04,Tower B,large,12,25.9,28.7,0.0,82.2,train,Wednesday,June,577,True,hgb_poisson|lean,4.5,0,OK
2025-06-05,Tower B,large,14,26.2,28.9,0.0,82.8,train,Thursday,June,577,True,hgb_poisson|lean,4.5,0,OK
2025-06-06,Tower B,large,14,18.9,24.5,0.0,67.0,train,Friday,June,577,True,hgb_poisson|lean,3.3,0,OK
2025-06-07,Tower B,large,0,4.2,11.6,0.0,27.1,train,Saturday,June,577,True,hgb_poisson|lean,0.7,0,OK
2025-06-09,Tower B,large,44,33.8,32.9,0.0,98.3,train,Monday,June,577,True,hgb_poisson|lean,5.9,0,OK
2025-06-10,Tower B,large,22,28.2,30.0,0.0,87.1,train,Tuesday,June,577,True,hgb_poisson|lean,4.9,0,OK
2025-06-11,Tower B,large,20,25.5,28.6,0.0,81.5,train,Wednesday,June,577,True,hgb_poisson|lean,4.4,0,OK
2025-06-12,Tower B,large,13,26.5,29.1,0.0,83.5,train,Thursday,June,577,True,hgb_poisson|lean,4.6,0,OK
2025-06-13,Tower B,large,7,15.4,22.2,0.0,59.0,train,Friday,June,577,True,hgb_poisson|lean,2.7,0,OK
2025-06-14,Tower B,large,0,2.5,9.0,0.0,20.2,train,Saturday,June,577,True,hgb_poisson|lean,0.4,0,OK
2025-06-16,Tower B,large,32,36.7,34.2,0.0,103.8,train,Monday,June,577,True,hgb_poisson|lean,6.4,0,OK
2025-06-17,Tower B,large,15,28.2,30.0,0.0,87.1,train,Tuesday,June,577,True,hgb_poisson|lean,4.9,0,OK
2025-06-18,Tower B,large,11,16.7,23.1,0.0,62.0,train,Wednesday,June,577,True,hgb_poisson|lean,2.9,0,OK
2025-06-19,Tower B,large,0,18.0,24.0,0.0,65.0,train,Thursday,June,577,True,hgb_poisson|lean,3.1,0,OK
2025-06-20,Tower B,large,14,17.8,23.8,0.0,64.5,train,Friday,June,577,True,hgb_poisson|lean,3.1,0,OK
2025-06-21,Tower B,large,0,2.9,9.7,0.0,21.9,train,Saturday,June,577,True,hgb_poisson|lean,0.5,0,OK
2025-06-23,Tower B,large,41,37.4,34.5,0.0,105.1,train,Monday,June,577,True,hgb_poisson|lean,6.5,0,OK
2025-06-24,Tower B,large,7,30.6,31.3,0.0,91.9,train,Tuesday,June,577,True,hgb_poisson|lean,5.3,0,OK
2025-06-25,Tower B,large,11,19.3,24.8,0.0,67.9,train,Wednesday,June,577,True,hgb_poisson|lean,3.3,0,OK
2025-06-26,Tower B,large,11,18.4,24.2,0.0,65.8,train,Thursday,June,577,True,hgb_poisson|lean,3.2,0,OK
2025-06-27,Tower B,large,7,17.8,23.8,0.0,64.5,train,Friday,June,577,True,hgb_poisson|lean,3.1,0,OK
2025-06-28,Tower B,large,0,2.4,8.8,0.0,19.6,train,Saturday,June,577,True,hgb_poisson|lean,0.4,0,OK
2025-06-30,Tower B,large,26,29.2,30.5,0.0,89.1,train,Monday,June,577,True,hgb_poisson|lean,5.1,0,OK
2025-07-01,Tower B,large,20,24.5,28.0,0.0,79.3,train,Tuesday,July,577,True,hgb_poisson|lean,4.2,0,OK
2025-07-02,Tower B,large,4,19.7,25.0,0.0,68.7,train,Wednesday,July,577,True,hgb_poisson|lean,3.4,0,OK
2025-07-03,Tower B,large,5,12.9,20.3,0.0,52.7,train,Thursday,July,577,True,hgb_poisson|lean,2.2,0,OK
2025-07-04,Tower B,large,0,12.8,20.2,0.0,52.3,train,Friday,July,577,True,hgb_poisson|lean,2.2,0,OK
2025-07-05,Tower B,large,0,2.4,8.8,0.0,19.6,train,Saturday,July,577,True,hgb_poisson|lean,0.4,0,OK
2025-07-07,Tower B,large,13,29.2,30.5,0.0,89.1,train,Monday,July,577,True,hgb_poisson|lean,5.1,0,OK
2025-07-08,Tower B,large,13,24.5,28.0,0.0,79.3,train,Tuesday,July,577,True,hgb_poisson|lean,4.2,0,OK
2025-07-09,Tower B,large,2,15.4,22.2,0.0,58.9,train,Wednesday,July,577,True,hgb_poisson|lean,2.7,0,OK
2025-07-10,Tower B,large,7,12.9,20.3,0.0,52.7,train,Thursday,July,577,True,hgb_poisson|lean,2.2,0,OK
2025-07-11,Tower B,large,20,12.8,20.2,0.0,52.3,train,Friday,July,577,True,hgb_poisson|lean,2.2,0,OK
2025-07-12,Tower B,large,0,2.4,8.8,0.0,19.6,train,Saturday,July,577,True,hgb_poisson|lean,0.4,0,OK
2025-07-14,Tower B,large,20,29.2,30.5,0.0,89.1,train,Monday,July,577,True,hgb_poisson|lean,5.1,0,OK
2025-07-15,Tower B,large,48,24.5,28.0,0.0,79.3,train,Tuesday,July,577,True,hgb_poisson|lean,4.2,0,OK
2025-07-16,Tower B,large,41,19.7,25.0,0.0,68.7,train,Wednesday,July,577,True,hgb_poisson|lean,3.4,0,OK
2025-07-17,Tower B,large,33,18.4,24.2,0.0,65.8,train,Thursday,July,577,True,hgb_poisson|lean,3.2,0,OK
2025-07-18,Tower B,large,24,18.1,24.1,0.0,65.3,train,Friday,July,577,True,hgb_poisson|lean,3.1,0,OK
2025-07-19,Tower B,large,0,3.0,9.8,0.0,22.1,train,Saturday,July,577,True,hgb_poisson|lean,0.5,0,OK
2025-07-21,Tower B,large,67,37.4,34.5,0.0,105.1,train,Monday,July,577,True,hgb_poisson|lean,6.5,0,OK
2025-07-22,Tower B,large,38,31.2,31.6,0.0,93.0,train,Tuesday,July,577,True,hgb_poisson|lean,5.4,0,OK
2025-07-23,Tower B,large,65,29.6,30.7,0.0,89.9,train,Wednesday,July,577,True,hgb_poisson|lean,5.1,0,OK
2025-07-24,Tower B,large,50,31.8,31.9,0.0,94.3,train,Thursday,July,577,True,hgb_poisson|lean,5.5,0,OK
2025-07-25,Tower B,large,64,31.5,31.7,0.0,93.6,train,Friday,July,577,True,hgb_poisson|lean,5.5,0,OK
2025-07-26,Tower B,large,0,5.6,13.4,0.0,31.9,train,Saturday,July,577,True,hgb_poisson|lean,1.0,0,OK
2025-07-28,Tower B,large,75,53.3,41.3,0.0,134.2,train,Monday,July,577,True,hgb_poisson|lean,9.2,0,OK
2025-07-29,Tower B,large,55,57.5,42.8,0.0,141.5,train,Tuesday,July,577,True,hgb_poisson|lean,10.0,0,OK
2025-07-30,Tower B,large,18,41.9,36.6,0.0,113.6,train,Wednesday,July,577,True,hgb_poisson|lean,7.3,0,OK
2025-07-31,Tower B,large,28,42.4,36.8,0.0,114.5,train,Thursday,July,577,True,hgb_poisson|lean,7.3,0,OK
2025-08-01,Tower B,large,19,41.9,36.6,0.0,113.6,train,Friday,August,577,True,hgb_poisson|lean,7.3,0,OK
2025-08-02,Tower B,large,0,6.3,14.1,0.0,33.9,train,Saturday,August,577,True,hgb_poisson|lean,1.1,0,OK
2025-08-04,Tower B,large,51,49.2,39.6,0.0,126.8,train,Monday,August,577,True,hgb_poisson|lean,8.5,0,OK
2025-08-05,Tower B,large,36,59.3,43.5,0.0,144.5,train,Tuesday,August,577,True,hgb_poisson|lean,10.3,0,OK
2025-08-06,Tower B,large,42,45.1,37.9,0.0,119.5,train,Wednesday,August,577,True,hgb_poisson|lean,7.8,0,OK
2025-08-07,Tower B,large,68,54.5,41.7,0.0,136.2,train,Thursday,August,577,True,hgb_poisson|lean,9.4,0,OK
2025-08-08,Tower B,large,54,53.9,41.5,0.0,135.1,train,Friday,August,577,True,hgb_poisson|lean,9.3,0,OK
2025-08-09,Tower B,large,0,7.4,15.4,0.0,37.6,train,Saturday,August,577,True,hgb_poisson|lean,1.3,0,OK
2025-08-11,Tower B,large,116,99.7,56.4,0.0,210.3,train,Monday,August,577,True,hgb_poisson|lean,17.3,0,OK
2025-08-12,Tower B,large,126,70.9,47.6,0.0,164.1,train,Tuesday,August,577,True,hgb_poisson|lean,12.3,0,OK
2025-08-13,Tower B,large,62,56.5,42.5,0.0,139.8,train,Wednesday,August,577,True,hgb_poisson|lean,9.8,0,OK
2025-08-14,Tower B,large,78,57.2,42.7,0.0,141.0,train,Thursday,August,577,True,hgb_poisson|lean,9.9,0,OK
2025-08-15,Tower B,large,71,51.4,40.5,0.0,130.8,train,Friday,August,577,True,hgb_poisson|lean,8.9,0,OK
2025-08-16,Tower B,large,18,11.2,18.9,0.0,48.2,train,Saturday,August,577,True,hgb_poisson|lean,1.9,0,OK
2025-08-18,Tower B,large,81,247.5,88.9,73.3,421.7,train,Monday,August,577,True,hgb_poisson|lean,42.9,0,OK
2025-08-19,Tower B,large,110,168.2,73.3,24.6,311.8,train,Tuesday,August,577,True,hgb_poisson|lean,29.2,0,OK
2025-08-20,Tower B,large,155,173.6,74.4,27.7,319.5,train,Wednesday,August,577,True,hgb_poisson|lean,30.1,0,OK
2025-08-21,Tower B,large,115,136.7,66.0,7.2,266.1,train,Thursday,August,577,True,hgb_poisson|lean,23.7,0,OK
2025-08-22,Tower B,large,53,139.0,66.6,8.5,269.6,train,Friday,August,577,True,hgb_poisson|lean,24.1,0,OK
2025-08-23,Tower B,large,72,54.3,41.6,0.0,135.9,train,Saturday,August,577,True,hgb_poisson|lean,9.4,0,OK
2025-08-25,Tower B,large,203,216.0,83.0,53.3,378.7,train,Monday,August,577,True,hgb_poisson|lean,37.4,0,OK
2025-08-26,Tower B,large,435,238.5,87.2,67.5,409.5,train,Tuesday,August,577,True,hgb_poisson|lean,41.3,0,OK
2025-08-27,Tower B,large,303,243.9,88.2,71.0,416.8,train,Wednesday,August,577,True,hgb_poisson|lean,42.3,0,OK
2025-08-28,Tower B,large,383,262.9,91.6,83.4,442.4,train,Thursday,August,577,True,hgb_poisson|lean,45.6,0,OK
2025-08-29,Tower B,large,582,269.1,92.7,87.5,450.8,train,Friday,August,577,True,hgb_poisson|lean,46.6,5,OK
2025-08-30,Tower B,large,71,89.0,53.3,0.0,193.5,train,Saturday,August,577,True,hgb_poisson|lean,15.4,0,OK
2025-09-01,Tower B,large,5,225.1,84.8,59.0,391.2,train,Monday,September,577,True,hgb_poisson|lean,39.0,0,OK
2025-09-02,Tower B,large,195,265.6,92.1,85.1,446.0,train,Tuesday,September,577,True,hgb_poisson|lean,46.0,0,OK
2025-09-03,Tower B,large,355,320.0,101.1,121.9,518.1,train,Wednesday,September,577,True,hgb_poisson|lean,55.5,0,WATCH
2025-09-04,Tower B,large,510,300.2,97.9,108.3,492.0,train,Thursday,September,577,True,hgb_poisson|lean,52.0,0,WATCH
2025-09-05,Tower B,large,412,306.9,99.0,112.9,500.9,train,Friday,September,577,True,hgb_poisson|lean,53.2,0,WATCH
2025-09-06,Tower B,large,26,105.2,57.9,0.0,218.7,train,Saturday,September,577,True,hgb_poisson|lean,18.2,0,OK
2025-09-08,Tower B,large,186,275.9,93.8,91.9,459.8,train,Monday,September,577,True,hgb_poisson|lean,47.8,0,OK
2025-09-09,Tower B,large,335,340.7,104.3,136.4,545.1,train,Tuesday,September,577,True,hgb_poisson|lean,59.0,0,WATCH
2025-09-10,Tower B,large,399,372.7,109.1,158.9,586.4,train,Wednesday,September,577,True,hgb_poisson|lean,64.6,0,HIGH
2025-09-11,Tower B,large,396,295.6,97.1,105.2,486.0,train,Thursday,September,577,True,hgb_poisson|lean,51.2,0,WATCH
2025-09-12,Tower B,large,347,263.2,91.7,83.6,442.9,train,Friday,September,577,True,hgb_poisson|lean,45.6,0,OK
2025-09-13,Tower B,large,85,95.6,55.2,0.0,203.8,train,Saturday,September,577,True,hgb_poisson|lean,16.6,0,OK
2025-09-15,Tower B,large,204,260.8,91.2,82.0,439.6,train,Monday,September,577,True,hgb_poisson|lean,45.2,0,OK
2025-09-16,Tower B,large,399,316.1,100.4,119.3,513.0,train,Tuesday,September,577,True,hgb_poisson|lean,54.8,0,WATCH
2025-09-17,Tower B,large,232,308.9,99.3,114.3,503.5,train,Wednesday,September,577,True,hgb_poisson|lean,53.5,0,WATCH
2025-09-18,Tower B,large,394,307.1,99.0,113.0,501.1,train,Thursday,September,577,True,hgb_poisson|lean,53.2,0,WATCH
2025-09-19,Tower B,large,207,227.4,85.2,60.4,394.4,train,Friday,September,577,True,hgb_poisson|lean,39.4,0,OK
2025-09-20,Tower B,large,82,80.4,50.7,0.0,179.7,train,Saturday,September,577,True,hgb_poisson|lean,13.9,0,OK
2025-09-22,Tower B,large,239,208.9,81.7,48.9,368.9,train,Monday,September,577,True,hgb_poisson|lean,36.2,0,OK
2025-09-23,Tower B,large,493,254.2,90.1,77.6,430.7,train,Tuesday,September,577,True,hgb_poisson|lean,44.1,0,OK
2025-09-24,Tower B,large,179,251.8,89.6,76.1,427.5,train,Wednesday,September,577,True,hgb_poisson|lean,43.6,0,OK
2025-09-25,Tower B,large,223,250.8,89.5,75.4,426.1,train,Thursday,September,577,True,hgb_poisson|lean,43.5,0,OK
2025-09-26,Tower B,large,136,222.0,84.2,57.0,387.0,train,Friday,September,577,True,hgb_poisson|lean,38.5,0,OK
2025-09-27,Tower B,large,33,78.5,50.0,0.0,176.6,train,Saturday,September,577,True,hgb_poisson|lean,13.6,0,OK
2025-09-29,Tower B,large,187,166.4,72.9,23.6,309.2,train,Monday,September,577,True,hgb_poisson|lean,28.8,0,OK
2025-09-30,Tower B,large,390,200.6,80.0,43.8,357.4,train,Tuesday,September,577,True,hgb_poisson|lean,34.8,0,OK
2025-10-01,Tower B,large,151,254.2,90.1,77.6,430.7,train,Wednesday,October,577,True,hgb_poisson|lean,44.1,0,OK
2025-10-02,Tower B,large,145,217.2,83.3,54.0,380.3,train,Thursday,October,577,True,hgb_poisson|lean,37.6,0,OK
2025-10-03,Tower B,large,146,175.5,74.8,28.8,322.2,train,Friday,October,577,True,hgb_poisson|lean,30.4,0,OK
2025-10-04,Tower B,large,41,74.0,48.6,0.0,169.3,train,Saturday,October,577,True,hgb_poisson|lean,12.8,0,OK
2025-10-06,Tower B,large,239,188.1,77.5,36.2,339.9,train,Monday,October,577,True,hgb_poisson|lean,32.6,0,OK
2025-10-07,Tower B,large,443,235.8,86.7,65.8,405.8,train,Tuesday,October,577,True,hgb_poisson|lean,40.9,0,OK
2025-10-08,Tower B,large,140,203.6,80.6,45.6,361.5,train,Wednesday,October,577,True,hgb_poisson|lean,35.3,0,OK
2025-10-09,Tower B,large,175,236.3,86.8,66.1,406.5,train,Thursday,October,577,True,hgb_poisson|lean,41.0,0,OK
2025-10-10,Tower B,large,264,221.4,84.1,56.6,386.1,train,Friday,October,577,True,hgb_poisson|lean,38.4,0,OK
2025-10-11,Tower B,large,71,84.6,52.0,0.0,186.5,train,Saturday,October,577,True,hgb_poisson|lean,14.7,0,OK
2025-10-13,Tower B,large,178,204.7,80.8,46.3,363.1,train,Monday,October,577,True,hgb_poisson|lean,35.5,0,OK
2025-10-14,Tower B,large,80,238.3,87.2,67.4,409.3,train,Tuesday,October,577,True,hgb_poisson|lean,41.3,0,OK
2025-10-15,Tower B,large,429,258.2,90.8,80.3,436.2,train,Wednesday,October,577,True,hgb_poisson|lean,44.7,0,OK
2025-10-16,Tower B,large,389,242.4,88.0,70.0,414.8,train,Thursday,October,577,True,hgb_poisson|lean,42.0,0,OK
2025-10-17,Tower B,large,357,214.5,82.7,52.3,376.6,train,Friday,October,577,True,hgb_poisson|lean,37.2,0,OK
2025-10-18,Tower B,large,75,77.5,49.7,0.0,175.0,train,Saturday,October,577,True,hgb_poisson|lean,13.4,0,OK
2025-10-20,Tower B,large,91,178.9,75.6,30.8,326.9,train,Monday,October,577,True,hgb_poisson|lean,31.0,0,OK
2025-10-21,Tower B,large,376,244.8,88.4,71.5,418.0,train,Tuesday,October,577,True,hgb_poisson|lean,42.4,0,OK
2025-10-22,Tower B,large,409,246.5,88.7,72.6,420.3,train,Wednesday,October,577,True,hgb_poisson|lean,42.7,0,OK
2025-10-23,Tower B,large,317,316.6,100.5,119.6,513.6,train,Thursday,October,577,True,hgb_poisson|lean,54.9,0,WATCH
2025-10-24,Tower B,large,461,279.4,94.4,94.3,464.4,train,Friday,October,577,True,hgb_poisson|lean,48.4,0,OK
2025-10-25,Tower B,large,170,94.2,54.8,0.0,201.6,train,Saturday,October,577,True,hgb_poisson|lean,16.3,0,OK
2025-10-27,Tower B,large,264,256.9,90.5,79.4,434.4,train,Monday,October,577,True,hgb_poisson|lean,44.5,0,OK
2025-10-28,Tower B,large,404,307.2,99.0,113.1,501.2,train,Tuesday,October,577,True,hgb_poisson|lean,53.2,0,WATCH
2025-10-29,Tower B,large,409,311.4,99.7,116.0,506.8,train,Wednesday,October,577,True,hgb_poisson|lean,54.0,0,WATCH
2025-10-30,Tower B,large,410,285.2,95.4,98.2,472.2,train,Thursday,October,577,True,hgb_poisson|lean,49.4,0,OK
2025-10-31,Tower B,large,503,227.4,85.2,60.4,394.4,train,Friday,October,577,True,hgb_poisson|lean,39.4,0,OK
2025-11-01,Tower B,large,141,80.4,50.7,0.0,179.7,train,Saturday,November,577,True,hgb_poisson|lean,13.9,0,OK
2025-11-03,Tower B,large,204,214.0,82.6,52.0,375.9,train,Monday,November,577,True,hgb_poisson|lean,37.1,0,OK
2025-11-04,Tower B,large,287,251.8,89.6,76.1,427.5,train,Tuesday,November,577,True,hgb_poisson|lean,43.6,0,OK
2025-11-05,Tower B,large,138,251.8,89.6,76.1,427.5,train,Wednesday,November,577,True,hgb_poisson|lean,43.6,0,OK
2025-11-06,Tower B,large,102,250.8,89.5,75.4,426.1,train,Thursday,November,577,True,hgb_poisson|lean,43.5,0,OK
2025-11-07,Tower B,large,81,227.4,85.2,60.4,394.4,train,Friday,November,577,True,hgb_poisson|lean,39.4,0,OK
2025-11-08,Tower B,large,18,80.4,50.7,0.0,179.7,train,Saturday,November,577,True,hgb_poisson|lean,13.9,0,OK
2025-11-10,Tower B,large,77,208.9,81.7,48.9,368.9,train,Monday,November,577,True,hgb_poisson|lean,36.2,0,OK
2025-11-11,Tower B,large,180,200.7,80.0,43.9,357.6,train,Tuesday,November,577,True,hgb_poisson|lean,34.8,0,OK
2025-11-12,Tower B,large,124,200.7,80.0,43.9,357.6,train,Wednesday,November,577,True,hgb_poisson|lean,34.8,0,OK
2025-11-13,Tower B,large,92,199.5,79.8,43.1,355.9,train,Thursday,November,577,True,hgb_poisson|lean,34.6,0,OK
2025-11-14,Tower B,large,140,200.6,80.0,43.8,357.4,train,Friday,November,577,True,hgb_poisson|lean,34.8,0,OK
2025-11-15,Tower B,large,29,78.9,50.2,0.0,177.3,train,Saturday,November,577,True,hgb_poisson|lean,13.7,0,OK
2025-11-17,Tower B,large,95,117.1,61.1,0.0,237.0,train,Monday,November,577,True,hgb_poisson|lean,20.3,0,OK
2025-11-18,Tower B,large,178,116.0,60.8,0.0,235.3,train,Tuesday,November,577,True,hgb_poisson|lean,20.1,0,OK
2025-11-19,Tower B,large,81,117.3,61.2,0.0,237.3,train,Wednesday,November,577,True,hgb_poisson|lean,20.3,0,OK
2025-11-20,Tower B,large,35,83.6,51.7,0.0,184.9,train,Thursday,November,577,True,hgb_poisson|lean,14.5,0,OK
2025-11-21,Tower B,large,49,60.2,43.8,0.0,146.1,train,Friday,November,577,True,hgb_poisson|lean,10.4,0,OK
2025-11-22,Tower B,large,9,34.0,32.9,0.0,98.6,train,Saturday,November,577,True,hgb_poisson|lean,5.9,0,OK
2025-11-24,Tower B,large,38,74.8,48.9,0.0,170.6,train,Monday,November,577,True,hgb_poisson|lean,13.0,0,OK
2025-11-25,Tower B,large,33,45.9,38.3,0.0,120.9,train,Tuesday,November,577,True,hgb_poisson|lean,8.0,0,OK
2025-11-26,Tower B,large,33,45.9,38.3,0.0,120.9,train,Wednesday,November,577,True,hgb_poisson|lean,8.0,0,OK
2025-11-27,Tower B,large,0,43.9,37.4,0.0,117.3,train,Thursday,November,577,True,hgb_poisson|lean,7.6,0,OK
2025-11-28,Tower B,large,0,50.5,40.1,0.0,129.2,train,Friday,November,577,True,hgb_poisson|lean,8.8,0,OK
2025-11-29,Tower B,large,0,16.5,22.9,0.0,61.5,train,Saturday,November,577,True,hgb_poisson|lean,2.9,0,OK
2025-12-01,Tower B,large,201,141.7,67.3,9.9,273.6,train,Monday,December,577,True,hgb_poisson|lean,24.6,0,OK
2025-12-02,Tower B,large,103,80.8,50.8,0.0,180.3,train,Tuesday,December,577,True,hgb_poisson|lean,14.0,0,OK
2025-12-03,Tower B,large,48,78.7,50.1,0.0,176.9,train,Wednesday,December,577,True,hgb_poisson|lean,13.6,0,OK
2025-12-04,Tower B,large,50,80.1,50.6,0.0,179.2,train,Thursday,December,577,True,hgb_poisson|lean,13.9,0,OK
2025-12-05,Tower B,large,71,83.4,51.6,0.0,184.6,train,Friday,December,577,True,hgb_poisson|lean,14.5,0,OK
2025-12-06,Tower B,large,15,10.0,17.9,0.0,45.1,train,Saturday,December,577,True,hgb_poisson|lean,1.7,0,OK
2025-12-08,Tower B,large,116,128.9,64.1,3.2,254.6,train,Monday,December,577,True,hgb_poisson|lean,22.3,0,OK
2025-12-09,Tower B,large,108,86.3,52.5,0.0,189.2,train,Tuesday,December,577,True,hgb_poisson|lean,15.0,0,OK
2025-12-10,Tower B,large,113,87.6,52.9,0.0,191.3,train,Wednesday,December,577,True,hgb_poisson|lean,15.2,0,OK
2025-12-11,Tower B,large,84,80.1,50.6,0.0,179.2,train,Thursday,December,577,True,hgb_poisson|lean,13.9,0,OK
2025-12-12,Tower B,large,85,74.2,48.6,0.0,169.5,train,Friday,December,577,True,hgb_poisson|lean,12.9,0,OK
2025-12-13,Tower B,large,4,15.2,22.1,0.0,58.5,train,Saturday,December,577,True,hgb_poisson|lean,2.6,0,OK
2025-12-15,Tower B,large,13,113.6,60.2,0.0,231.6,train,Monday,December,577,True,hgb_poisson|lean,19.7,0,OK
2025-12-16,Tower B,large,11,97.0,55.7,0.0,206.1,train,Tuesday,December,577,True,hgb_poisson|lean,16.8,0,OK
2025-12-17,Tower B,large,25,97.0,55.7,0.0,206.1,train,Wednesday,December,577,True,hgb_poisson|lean,16.8,0,OK
2025-12-18,Tower B,large,14,16.5,22.9,0.0,61.4,train,Thursday,December,577,True,hgb_poisson|lean,2.9,0,OK
2025-12-19,Tower B,large,4,16.3,22.8,0.0,60.9,train,Friday,December,577,True,hgb_poisson|lean,2.8,0,OK
2025-12-20,Tower B,large,0,3.9,11.2,0.0,25.8,train,Saturday,December,577,True,hgb_poisson|lean,0.7,0,OK
2025-12-22,Tower B,large,8,25.1,28.3,0.0,80.6,train,Monday,December,577,True,hgb_poisson|lean,4.4,0,OK
2025-12-23,Tower B,large,4,16.5,23.0,0.0,61.5,train,Tuesday,December,577,True,hgb_poisson|lean,2.9,0,OK
2025-12-24,Tower B,large,0,16.5,23.0,0.0,61.5,train,Wednesday,December,577,True,hgb_poisson|lean,2.9,0,OK
2025-12-25,Tower B,large,0,12.6,20.1,0.0,52.0,train,Thursday,December,577,True,hgb_poisson|lean,2.2,0,OK
2025-12-26,Tower B,large,3,11.9,19.5,0.0,50.1,train,Friday,December,577,True,hgb_poisson|lean,2.1,0,OK
2025-12-27,Tower B,large,0,3.0,9.8,0.0,22.2,train,Saturday,December,577,True,hgb_poisson|lean,0.5,0,OK
2025-12-29,Tower B,large,7,10.8,18.6,0.0,47.2,train,Monday,December,577,True,hgb_poisson|lean,1.9,0,OK
2025-12-30,Tower B,large,5,8.9,16.8,0.0,41.8,train,Tuesday,December,577,True,hgb_poisson|lean,1.5,0,OK
2025-12-31,Tower B,large,0,8.9,16.8,0.0,41.8,train,Wednesday,December,577,True,hgb_poisson|lean,1.5,0,OK
2026-01-01,Tower B,large,0,8.7,16.6,0.0,41.3,train,Thursday,January,577,True,hgb_poisson|lean,1.5,0,OK
2026-01-02,Tower B,large,4,8.7,16.6,0.0,41.3,train,Friday,January,577,True,hgb_poisson|lean,1.5,0,OK
2026-01-03,Tower B,large,0,9.3,17.2,0.0,43.1,train,Saturday,January,577,True,hgb_poisson|lean,1.6,0,OK
2026-01-05,Tower B,large,11,75.1,48.9,0.0,171.0,train,Monday,January,577,True,hgb_poisson|lean,13.0,0,OK
2026-01-06,Tower B,large,156,62.2,44.6,0.0,149.5,train,Tuesday,January,577,True,hgb_poisson|lean,10.8,0,OK
2026-01-07,Tower B,large,97,91.5,54.0,0.0,197.4,train,Wednesday,January,577,True,hgb_poisson|lean,15.9,0,OK
2026-01-08,Tower B,large,38,89.0,53.3,0.0,193.5,train,Thursday,January,577,True,hgb_poisson|lean,15.4,0,OK
2026-01-09,Tower B,large,183,108.8,58.9,0.0,224.3,train,Friday,January,577,True,hgb_poisson|lean,18.9,0,OK
2026-01-10,Tower B,large,1,16.4,22.9,0.0,61.3,train,Saturday,January,577,True,hgb_poisson|lean,2.8,0,OK
2026-01-12,Tower B,large,368,218.2,83.4,54.6,381.7,train,Monday,January,577,True,hgb_poisson|lean,37.8,0,OK
2026-01-13,Tower B,large,207,170.7,73.8,26.1,315.4,train,Tuesday,January,577,True,hgb_poisson|lean,29.6,0,OK
2026-01-14,Tower B,large,169,149.7,69.1,14.2,285.2,train,Wednesday,January,577,True,hgb_poisson|lean,25.9,0,OK
2026-01-15,Tower B,large,366,233.9,86.4,64.6,403.3,train,Thursday,January,577,True,hgb_poisson|lean,40.5,0,OK
2026-01-16,Tower B,large,356,268.9,92.6,87.3,450.4,train,Friday,January,577,True,hgb_poisson|lean,46.6,0,OK
2026-01-17,Tower B,large,138,98.5,56.1,0.0,208.5,train,Saturday,January,577,True,hgb_poisson|lean,17.1,0,OK
2026-01-19,Tower B,large,17,182.2,76.3,32.7,331.6,train,Monday,January,577,True,hgb_poisson|lean,31.6,0,OK
2026-01-20,Tower B,large,149,190.6,78.0,37.7,343.5,train,Tuesday,January,577,True,hgb_poisson|lean,33.0,0,OK
2026-01-21,Tower B,large,282,191.7,78.2,38.4,345.0,train,Wednesday,January,577,True,hgb_poisson|lean,33.2,0,OK
2026-01-22,Tower B,large,353,286.1,95.6,98.8,473.4,train,Thursday,January,577,True,hgb_poisson|lean,49.6,0,OK
2026-01-23,Tower B,large,348,204.7,80.8,46.3,363.1,train,Friday,January,577,True,hgb_poisson|lean,35.5,0,OK
2026-01-24,Tower B,large,74,72.6,48.1,0.0,166.9,train,Saturday,January,577,True,hgb_poisson|lean,12.6,0,OK
2026-01-26,Tower B,large,1,166.0,72.8,23.3,308.7,train,Monday,January,577,True,hgb_poisson|lean,28.8,0,OK
2026-01-27,Tower B,large,85,210.8,82.0,50.0,371.6,train,Tuesday,January,577,True,hgb_poisson|lean,36.5,0,OK
2026-01-28,Tower B,large,204,224.2,84.6,58.4,390.0,train,Wednesday,January,577,True,hgb_poisson|lean,38.9,0,OK
2026-01-29,Tower B,large,203,257.2,90.6,79.6,434.8,train,Thursday,January,577,True,hgb_poisson|lean,44.6,0,OK
2026-01-30,Tower B,large,199,221.8,84.1,56.9,386.7,train,Friday,January,577,True,hgb_poisson|lean,38.4,0,OK
2026-01-31,Tower B,large,141,87.2,52.8,0.0,190.7,train,Saturday,January,577,True,hgb_poisson|lean,15.1,0,OK
2026-02-02,Tower B,large,239,173.2,74.3,27.5,318.9,train,Monday,February,577,True,hgb_poisson|lean,30.0,0,OK
2026-02-03,Tower B,large,340,193.5,78.6,39.5,347.5,train,Tuesday,February,577,True,hgb_poisson|lean,33.5,0,OK
2026-02-04,Tower B,large,266,214.5,82.7,52.4,376.7,train,Wednesday,February,577,True,hgb_poisson|lean,37.2,0,OK
2026-02-05,Tower B,large,339,194.2,78.7,39.9,348.5,train,Thursday,February,577,True,hgb_poisson|lean,33.7,0,OK
2026-02-06,Tower B,large,119,170.8,73.8,26.1,315.5,train,Friday,February,577,True,hgb_poisson|lean,29.6,0,OK
2026-02-07,Tower B,large,149,77.8,49.8,0.0,175.4,train,Saturday,February,577,True,hgb_poisson|lean,13.5,0,OK
2026-02-09,Tower B,large,144,173.8,74.5,27.8,319.8,train,Monday,February,577,True,hgb_poisson|lean,30.1,0,OK
2026-02-10,Tower B,large,366,213.7,82.6,51.9,375.6,train,Tuesday,February,577,True,hgb_poisson|lean,37.0,0,OK
2026-02-11,Tower B,large,467,223.9,84.5,58.2,389.6,train,Wednesday,February,577,True,hgb_poisson|lean,38.8,0,OK
2026-02-12,Tower B,large,266,239.3,87.4,68.0,410.6,train,Thursday,February,577,True,hgb_poisson|lean,41.5,0,OK
2026-02-13,Tower B,large,222,279.4,94.4,94.3,464.4,train,Friday,February,577,True,hgb_poisson|lean,48.4,0,OK
2026-02-14,Tower B,large,182,96.2,55.4,0.0,204.7,train,Saturday,February,577,True,hgb_poisson|lean,16.7,0,OK
2026-02-16,Tower B,large,289,264.4,91.9,84.3,444.4,train,Monday,February,577,True,hgb_poisson|lean,45.8,0,OK
2026-02-17,Tower B,large,183,312.5,99.9,116.8,508.3,train,Tuesday,February,577,True,hgb_poisson|lean,54.2,0,WATCH
2026-02-18,Tower B,large,355,317.9,100.7,120.5,515.4,train,Wednesday,February,577,True,hgb_poisson|lean,55.1,0,WATCH
2026-02-19,Tower B,large,232,307.6,99.1,113.4,501.8,train,Thursday,February,577,True,hgb_poisson|lean,53.3,0,WATCH
2026-02-20,Tower B,large,151,274.6,93.6,91.1,458.1,train,Friday,February,577,True,hgb_poisson|lean,47.6,0,OK
2026-02-21,Tower B,large,30,95.1,55.1,0.0,203.0,train,Saturday,February,577,True,hgb_poisson|lean,16.5,0,OK
2026-02-23,Tower B,large,177,180.5,75.9,31.7,329.2,train,Monday,February,577,True,hgb_poisson|lean,31.3,0,OK
2026-02-24,Tower B,large,272,238.9,87.3,67.7,410.0,train,Tuesday,February,577,True,hgb_poisson|lean,41.4,0,OK
2026-02-25,Tower B,large,121,241.3,87.8,69.3,413.3,train,Wednesday,February,577,True,hgb_poisson|lean,41.8,0,OK
2026-02-26,Tower B,large,160,217.3,83.3,54.1,380.6,train,Thursday,February,577,True,hgb_poisson|lean,37.7,0,OK
2026-02-27,Tower B,large,94,170.8,73.8,26.1,315.5,train,Friday,February,577,True,hgb_poisson|lean,29.6,0,OK
2026-02-28,Tower B,large,11,87.5,52.9,0.0,191.1,train,Saturday,February,577,True,hgb_poisson|lean,15.2,0,OK
2026-03-02,Tower B,large,201,204.0,80.7,45.8,362.1,train,Monday,March,577,True,hgb_poisson|lean,35.4,0,OK
2026-03-03,Tower B,large,131,232.9,86.2,63.9,401.8,train,Tuesday,March,577,True,hgb_poisson|lean,40.4,0,OK
2026-03-04,Tower B,large,92,213.5,82.5,51.7,375.3,train,Wednesday,March,577,True,hgb_poisson|lean,37.0,0,OK
2026-03-05,Tower B,large,71,112.8,60.0,0.0,230.3,train,Thursday,March,577,True,hgb_poisson|lean,19.5,0,OK
2026-03-06,Tower B,large,28,110.8,59.5,0.0,227.3,train,Friday,March,577,True,hgb_poisson|lean,19.2,0,OK
2026-03-07,Tower B,large,19,56.4,42.4,0.0,139.5,train,Saturday,March,577,True,hgb_poisson|lean,9.8,0,OK
2026-03-09,Tower B,large,65,73.5,48.4,0.0,168.4,train,Monday,March,577,True,hgb_poisson|lean,12.7,0,OK
2026-03-10,Tower B,large,20,65.3,45.7,0.0,154.8,train,Tuesday,March,577,True,hgb_poisson|lean,11.3,0,OK
2026-03-11,Tower B,large,75,65.3,45.7,0.0,154.8,train,Wednesday,March,577,True,hgb_poisson|lean,11.3,0,OK
2026-03-12,Tower B,large,26,56.7,42.5,0.0,140.0,train,Thursday,March,577,True,hgb_poisson|lean,9.8,0,OK
2026-03-13,Tower B,large,46,44.2,37.6,0.0,117.8,train,Friday,March,577,True,hgb_poisson|lean,7.7,0,OK
2026-03-14,Tower B,large,1,12.8,20.2,0.0,52.4,train,Saturday,March,577,True,hgb_poisson|lean,2.2,0,OK
2026-03-16,Tower B,large,334,147.7,68.7,13.1,282.3,train,Monday,March,577,True,hgb_poisson|lean,25.6,0,OK
2026-03-17,Tower B,large,123,84.7,52.0,0.0,186.6,train,Tuesday,March,577,True,hgb_poisson|lean,14.7,0,OK
2026-03-18,Tower B,large,404,125.3,63.2,1.3,249.2,train,Wednesday,March,577,True,hgb_poisson|lean,21.7,0,OK
2026-03-19,Tower B,large,180,119.3,61.7,0.0,240.2,train,Thursday,March,577,True,hgb_poisson|lean,20.7,0,OK
2026-03-20,Tower B,large,200,119.9,61.9,0.0,241.1,train,Friday,March,577,True,hgb_poisson|lean,20.8,0,OK
2026-03-21,Tower B,large,19,64.0,45.2,0.0,152.6,train,Saturday,March,577,True,hgb_poisson|lean,11.1,0,OK
2026-03-23,Tower B,large,97,129.2,64.2,3.3,255.0,train,Monday,March,577,True,hgb_poisson|lean,22.4,0,OK
2026-03-24,Tower B,large,194,123.8,62.9,0.6,247.0,train,Tuesday,March,577,True,hgb_poisson|lean,21.5,0,OK
2026-03-25,Tower B,large,180,139.8,66.8,8.9,270.7,train,Wednesday,March,577,True,hgb_poisson|lean,24.2,0,OK
2026-03-26,Tower B,large,319,149.4,69.1,14.1,284.8,train,Thursday,March,577,True,hgb_poisson|lean,25.9,0,OK
2026-03-27,Tower B,large,289,185.8,77.0,34.9,336.8,train,Friday,March,577,True,hgb_poisson|lean,32.2,0,OK
2026-03-28,Tower B,large,15,81.2,50.9,0.0,181.0,train,Saturday,March,577,True,hgb_poisson|lean,14.1,0,OK
2026-03-30,Tower B,large,741,246.1,88.6,72.4,419.9,train,Monday,March,577,True,hgb_poisson|lean,42.7,164,OK
2026-03-31,Tower B,large,83,184.9,76.8,34.3,335.4,train,Tuesday,March,577,True,hgb_poisson|lean,32.0,0,OK
2026-04-01,Tower B,large,311,247.2,88.8,73.1,421.2,train,Wednesday,April,577,True,hgb_poisson|lean,42.8,0,OK
2026-04-02,Tower B,large,102,182.2,76.3,32.7,331.7,train,Thursday,April,577,True,hgb_poisson|lean,31.6,0,OK
2026-04-03,Tower B,large,137,157.4,70.9,18.5,296.4,train,Friday,April,577,True,hgb_poisson|lean,27.3,0,OK
2026-04-04,Tower B,large,17,75.0,48.9,0.0,170.8,train,Saturday,April,577,True,hgb_poisson|lean,13.0,0,OK
2026-04-06,Tower B,large,113,165.0,72.6,22.8,307.3,train,Monday,April,577,True,hgb_poisson|lean,28.6,0,OK
2026-04-07,Tower B,large,251,213.3,82.5,51.6,375.1,train,Tuesday,April,577,True,hgb_poisson|lean,37.0,0,OK
2026-04-08,Tower B,large,138,198.1,79.5,42.3,354.0,train,Wednesday,April,577,True,hgb_poisson|lean,34.3,0,OK
2026-04-09,Tower B,large,93,194.2,78.7,39.9,348.5,train,Thursday,April,577,True,hgb_poisson|lean,33.7,0,OK
2026-04-10,Tower B,large,44,168.9,73.4,25.0,312.8,train,Friday,April,577,True,hgb_poisson|lean,29.3,0,OK
2026-04-11,Tower B,large,20,69.8,47.2,0.0,162.2,train,Saturday,April,577,True,hgb_poisson|lean,12.1,0,OK
2026-04-13,Tower B,large,125,140.5,67.0,9.2,271.7,train,Monday,April,577,True,hgb_poisson|lean,24.4,0,OK
2026-04-14,Tower B,large,105,107.0,58.4,0.0,221.5,train,Tuesday,April,577,True,hgb_poisson|lean,18.5,0,OK
2026-04-15,Tower B,large,49,107.6,58.6,0.0,222.4,train,Wednesday,April,577,True,hgb_poisson|lean,18.6,0,OK
2026-04-16,Tower B,large,50,63.6,45.0,0.0,151.8,train,Thursday,April,577,True,hgb_poisson|lean,11.0,0,OK
2026-04-17,Tower B,large,69,62.5,44.7,0.0,150.1,train,Friday,April,577,True,hgb_poisson|lean,10.8,0,OK
2026-04-18,Tower B,large,92,42.3,36.7,0.0,114.3,train,Saturday,April,577,True,hgb_poisson|lean,7.3,0,OK
2026-04-20,Tower B,large,50,68.8,46.9,0.0,160.7,train,Monday,April,577,True,hgb_poisson|lean,11.9,0,OK
2026-04-21,Tower B,large,103,110.8,59.5,0.0,227.4,train,Tuesday,April,577,True,hgb_poisson|lean,19.2,0,OK
2026-04-22,Tower B,large,84,95.5,55.2,0.0,203.7,train,Wednesday,April,577,True,hgb_poisson|lean,16.6,0,OK
2026-04-23,Tower B,large,50,116.4,60.9,0.0,235.9,train,Thursday,April,577,True,hgb_poisson|lean,20.2,0,OK
2026-04-24,Tower B,large,49,76.9,49.5,0.0,174.0,train,Friday,April,577,True,hgb_poisson|lean,13.3,0,OK
2026-04-25,Tower B,large,31,16.3,22.8,0.0,61.0,train,Saturday,April,577,True,hgb_poisson|lean,2.8,0,OK
2026-04-27,Tower B,large,23,129.2,64.2,3.4,255.1,train,Monday,April,577,True,hgb_poisson|lean,22.4,0,OK
2026-04-28,Tower B,large,97,79.4,50.3,0.0,178.0,train,Tuesday,April,577,True,hgb_poisson|lean,13.8,0,OK
2026-04-29,Tower B,large,42,65.6,45.7,0.0,155.2,train,Wednesday,April,577,True,hgb_poisson|lean,11.4,0,OK
2026-04-30,Tower B,large,16,72.0,47.9,0.0,165.9,test,Thursday,April,577,True,hgb_poisson|lean,12.5,0,OK
2026-05-01,Tower B,large,9,80.1,50.6,0.0,179.3,test,Friday,May,577,True,hgb_poisson|lean,13.9,0,OK
2026-05-02,Tower B,large,0,15.8,22.5,0.0,59.8,test,Saturday,May,577,True,hgb_poisson|lean,2.7,0,OK
2026-05-04,Tower B,large,0,70.4,47.4,0.0,163.3,test,Monday,May,577,True,hgb_poisson|lean,12.2,0,OK
2026-05-05,Tower B,large,2,46.5,38.5,0.0,122.0,test,Tuesday,May,577,True,hgb_poisson|lean,8.1,0,OK
2026-05-06,Tower B,large,3,36.9,34.3,0.0,104.1,test,Wednesday,May,577,True,hgb_poisson|lean,6.4,0,OK
2026-05-07,Tower B,large,45,38.6,35.1,0.0,107.5,test,Thursday,May,577,True,hgb_poisson|lean,6.7,0,OK
2026-05-08,Tower B,large,8,27.5,29.6,0.0,85.5,test,Friday,May,577,True,hgb_poisson|lean,4.8,0,OK
2026-05-09,Tower B,large,2,4.2,11.6,0.0,27.0,test,Saturday,May,577,True,hgb_poisson|lean,0.7,0,OK
2026-05-11,Tower B,large,28,44.6,37.7,0.0,118.6,test,Monday,May,577,True,hgb_poisson|lean,7.7,0,OK
2026-05-12,Tower B,large,15,33.9,32.9,0.0,98.3,test,Tuesday,May,577,True,hgb_poisson|lean,5.9,0,OK
2026-05-13,Tower B,large,12,20.9,25.8,0.0,71.6,test,Wednesday,May,577,True,hgb_poisson|lean,3.6,0,OK
2026-05-14,Tower B,large,17,19.6,25.0,0.0,68.5,test,Thursday,May,577,True,hgb_poisson|lean,3.4,0,OK
2026-05-15,Tower B,large,4,19.3,24.8,0.0,68.0,test,Friday,May,577,True,hgb_poisson|lean,3.3,0,OK
2026-05-16,Tower B,large,15,2.5,8.9,0.0,19.8,test,Saturday,May,577,True,hgb_poisson|lean,0.4,0,OK
2026-05-18,Tower B,large,14,32.9,32.4,0.0,96.4,test,Monday,May,577,True,hgb_poisson|lean,5.7,0,OK
2026-05-19,Tower B,large,13,27.5,29.7,0.0,85.7,test,Tuesday,May,577,True,hgb_poisson|lean,4.8,0,OK
2026-05-20,Tower B,large,26,21.9,26.4,0.0,73.6,test,Wednesday,May,577,True,hgb_poisson|lean,3.8,0,OK
2026-05-21,Tower B,large,12,20.4,25.5,0.0,70.5,test,Thursday,May,577,True,hgb_poisson|lean,3.5,0,OK
2026-05-22,Tower B,large,5,15.9,22.5,0.0,60.1,test,Friday,May,577,True,hgb_poisson|lean,2.8,0,OK
2026-05-23,Tower B,large,5,2.5,9.0,0.0,20.2,test,Saturday,May,577,True,hgb_poisson|lean,0.4,0,OK
2026-05-25,Tower B,large,5,27.1,29.4,0.0,84.7,test,Monday,May,577,True,hgb_poisson|lean,4.7,0,OK
2026-05-26,Tower B,large,8,24.0,27.7,0.0,78.3,test,Tuesday,May,577,True,hgb_poisson|lean,4.2,0,OK
2026-05-27,Tower B,large,20,19.7,25.0,0.0,68.7,test,Wednesday,May,577,True,hgb_poisson|lean,3.4,0,OK
2026-05-28,Tower B,large,10,12.9,20.3,0.0,52.7,test,Thursday,May,577,True,hgb_poisson|lean,2.2,0,OK
2026-05-29,Tower B,large,13,12.8,20.2,0.0,52.3,test,Friday,May,577,True,hgb_poisson|lean,2.2,0,OK
2026-05-30,Tower B,large,8,2.4,8.8,0.0,19.6,test,Saturday,May,577,True,hgb_poisson|lean,0.4,0,OK
2026-06-01,Tower B,large,13,29.2,30.5,0.0,89.1,test,Monday,June,577,True,hgb_poisson|lean,5.1,0,OK
2026-06-02,Tower B,large,20,24.5,28.0,0.0,79.3,test,Tuesday,June,577,True,hgb_poisson|lean,4.2,0,OK
2026-06-03,Tower B,large,2,15.4,22.2,0.0,58.9,test,Wednesday,June,577,True,hgb_poisson|lean,2.7,0,OK
2026-06-04,Tower B,large,14,12.9,20.3,0.0,52.7,test,Thursday,June,577,True,hgb_poisson|lean,2.2,0,OK
2026-06-05,Tower B,large,23,12.8,20.2,0.0,52.3,test,Friday,June,577,True,hgb_poisson|lean,2.2,0,OK
2026-06-06,Tower B,large,0,2.4,8.8,0.0,19.6,test,Saturday,June,577,True,hgb_poisson|lean,0.4,0,OK
2026-06-08,Tower B,large,48,29.2,30.5,0.0,89.1,test,Monday,June,577,True,hgb_poisson|lean,5.1,0,OK
2026-06-09,Tower B,large,21,31.2,31.6,0.0,93.0,test,Tuesday,June,577,True,hgb_poisson|lean,5.4,0,OK
2026-06-10,Tower B,large,13,19.7,25.0,0.0,68.7,test,Wednesday,June,577,True,hgb_poisson|lean,3.4,0,OK
2026-06-11,Tower B,large,14,18.4,24.2,0.0,65.8,test,Thursday,June,577,True,hgb_poisson|lean,3.2,0,OK
2026-06-12,Tower B,large,23,18.1,24.1,0.0,65.3,test,Friday,June,577,True,hgb_poisson|lean,3.1,0,OK
2026-06-13,Tower B,large,10,3.0,9.8,0.0,22.1,test,Saturday,June,577,True,hgb_poisson|lean,0.5,0,OK
2026-06-15,Tower B,large,33,37.4,34.5,0.0,105.1,test,Monday,June,577,True,hgb_poisson|lean,6.5,0,OK
2026-06-16,Tower B,large,15,31.2,31.6,0.0,93.0,test,Tuesday,June,577,True,hgb_poisson|lean,5.4,0,OK
2026-06-17,Tower B,large,17,19.7,25.0,0.0,68.7,test,Wednesday,June,577,True,hgb_poisson|lean,3.4,0,OK
2026-06-18,Tower B,large,6,18.4,24.2,0.0,65.8,test,Thursday,June,577,True,hgb_poisson|lean,3.2,0,OK
2026-06-19,Tower B,large,0,18.1,24.1,0.0,65.3,test,Friday,June,577,True,hgb_poisson|lean,3.1,0,OK
2026-06-20,Tower B,large,0,3.0,9.8,0.0,22.1,test,Saturday,June,577,True,hgb_poisson|lean,0.5,0,OK
2026-06-22,Tower B,large,29,37.4,34.5,0.0,105.1,test,Monday,June,577,True,hgb_poisson|lean,6.5,0,OK
2026-06-23,Tower B,large,22,31.2,31.6,0.0,93.0,test,Tuesday,June,577,True,hgb_poisson|lean,5.4,0,OK
2026-06-24,Tower B,large,1,19.7,25.0,0.0,68.7,test,Wednesday,June,577,True,hgb_poisson|lean,3.4,0,OK
2026-06-25,Tower B,large,8,18.4,24.2,0.0,65.8,test,Thursday,June,577,True,hgb_poisson|lean,3.2,0,OK
2026-06-26,Tower B,large,58,18.1,24.1,0.0,65.3,test,Friday,June,577,True,hgb_poisson|lean,3.1,0,OK
2026-06-27,Tower B,large,7,3.0,9.8,0.0,22.1,test,Saturday,June,577,True,hgb_poisson|lean,0.5,0,OK
2026-06-29,Tower B,large,30,37.4,34.5,0.0,105.1,test,Monday,June,577,True,hgb_poisson|lean,6.5,0,OK
2026-06-30,Tower B,large,16,31.2,31.6,0.0,93.0,test,Tuesday,June,577,True,hgb_poisson|lean,5.4,0,OK
2026-07-01,Tower B,large,11,19.7,25.0,0.0,68.7,test,Wednesday,July,577,True,hgb_poisson|lean,3.4,0,OK
2026-07-02,Tower B,large,9,18.4,24.2,0.0,65.8,test,Thursday,July,577,True,hgb_poisson|lean,3.2,0,OK
2026-07-03,Tower B,large,3,18.1,24.1,0.0,65.3,test,Friday,July,577,True,hgb_poisson|lean,3.1,0,OK
2026-07-04,Tower B,large,0,3.0,9.8,0.0,22.1,test,Saturday,July,577,True,hgb_poisson|lean,0.5,0,OK
2026-07-06,Tower B,large,29,37.4,34.5,0.0,105.1,test,Monday,July,577,True,hgb_poisson|lean,6.5,0,OK
2026-07-07,Tower B,large,13,31.2,31.6,0.0,93.0,test,Tuesday,July,577,True,hgb_poisson|lean,5.4,0,OK
2026-07-08,Tower B,large,12,19.7,25.0,0.0,68.7,test,Wednesday,July,577,True,hgb_poisson|lean,3.4,0,OK
2026-07-09,Tower B,large,7,18.4,24.2,0.0,65.8,test,Thursday,July,577,True,hgb_poisson|lean,3.2,0,OK
2026-07-10,Tower B,large,7,18.1,24.1,0.0,65.3,test,Friday,July,577,True,hgb_poisson|lean,3.1,0,OK
2026-07-11,Tower B,large,8,3.0,9.8,0.0,22.1,test,Saturday,July,577,True,hgb_poisson|lean,0.5,0,OK
2026-07-13,Tower B,large,7,37.4,34.5,0.0,105.1,test,Monday,July,577,True,hgb_poisson|lean,6.5,0,OK
2026-07-14,Tower B,large,18,24.5,28.0,0.0,79.3,test,Tuesday,July,577,True,hgb_poisson|lean,4.2,0,OK
2026-07-15,Tower B,large,15,15.4,22.2,0.0,58.9,test,Wednesday,July,577,True,hgb_poisson|lean,2.7,0,OK
2026-07-16,Tower B,large,6,12.9,20.3,0.0,52.7,test,Thursday,July,577,True,hgb_poisson|lean,2.2,0,OK
2026-07-17,Tower B,large,11,12.8,20.2,0.0,52.3,test,Friday,July,577,True,hgb_poisson|lean,2.2,0,OK
2026-07-18,Tower B,large,10,2.4,8.8,0.0,19.6,test,Saturday,July,577,True,hgb_poisson|lean,0.4,0,OK
2026-07-20,Tower B,large,5,29.2,30.5,0.0,89.1,test,Monday,July,577,True,hgb_poisson|lean,5.1,0,OK
2026-07-21,Tower B,large,8,24.5,28.0,0.0,79.3,test,Tuesday,July,577,True,hgb_poisson|lean,4.2,0,OK
2026-07-22,Tower B,large,24,15.4,22.2,0.0,58.9,test,Wednesday,July,577,True,hgb_poisson|lean,2.7,0,OK
2026-07-23,Tower B,large,10,12.9,20.3,0.0,52.7,test,Thursday,July,577,True,hgb_poisson|lean,2.2,0,OK
2026-07-24,Tower B,large,1,12.8,20.2,0.0,52.3,test,Friday,July,577,True,hgb_poisson|lean,2.2,0,OK
2026-07-25,Tower B,large,0,2.4,8.8,0.0,19.6,test,Saturday,July,577,True,hgb_poisson|lean,0.4,0,OK
2026-07-27,Tower B,large,15,29.2,30.5,0.0,89.1,test,Monday,July,577,True,hgb_poisson|lean,5.1,0,OK
2026-07-28,Tower B,large,4,24.5,28.0,0.0,79.3,test,Tuesday,July,577,True,hgb_poisson|lean,4.2,0,OK
2026-07-29,Tower B,large,18,15.4,22.2,0.0,58.9,test,Wednesday,July,577,True,hgb_poisson|lean,2.7,0,OK
2026-07-30,Tower B,large,19,12.9,20.3,0.0,52.7,test,Thursday,July,577,True,hgb_poisson|lean,2.2,0,OK
2026-07-31,Tower B,large,12,12.8,20.2,0.0,52.3,test,Friday,July,577,True,hgb_poisson|lean,2.2,0,OK
2026-08-01,Tower B,large,5,2.4,8.8,0.0,19.6,test,Saturday,August,577,True,hgb_poisson|lean,0.4,0,OK
2026-08-03,Tower B,large,10,29.2,30.5,0.0,89.1,test,Monday,August,577,True,hgb_poisson|lean,5.1,0,OK
2026-08-04,Tower B,large,1,24.5,28.0,0.0,79.3,test,Tuesday,August,577,True,hgb_poisson|lean,4.2,0,OK
2026-08-05,Tower B,large,4,15.4,22.2,0.0,58.9,test,Wednesday,August,577,True,hgb_poisson|lean,2.7,0,OK
2026-08-06,Tower B,large,4,12.9,20.3,0.0,52.7,test,Thursday,August,577,True,hgb_poisson|lean,2.2,0,OK
2026-08-07,Tower B,large,18,12.8,20.2,0.0,52.3,test,Friday,August,577,True,hgb_poisson|lean,2.2,0,OK
2026-08-08,Tower B,large,0,2.4,8.8,0.0,19.6,test,Saturday,August,577,True,hgb_poisson|lean,0.4,0,OK
2026-08-10,Tower B,large,28,29.2,30.5,0.0,89.1,test,Monday,August,577,True,hgb_poisson|lean,5.1,0,OK
2026-08-11,Tower B,large,12,24.5,28.0,0.0,79.3,test,Tuesday,August,577,True,hgb_poisson|lean,4.2,0,OK
2026-08-12,Tower B,large,23,15.4,22.2,0.0,58.9,test,Wednesday,August,577,True,hgb_poisson|lean,2.7,0,OK
2026-08-13,Tower B,large,15,12.9,20.3,0.0,52.7,test,Thursday,August,577,True,hgb_poisson|lean,2.2,0,OK
2026-08-14,Tower B,large,16,12.8,20.2,0.0,52.3,test,Friday,August,577,True,hgb_poisson|lean,2.2,0,OK
2026-08-15,Tower B,large,13,2.4,8.8,0.0,19.6,test,Saturday,August,577,True,hgb_poisson|lean,0.4,0,OK
2026-08-17,Tower B,large,40,89.9,53.6,0.0,194.9,test,Monday,August,577,True,hgb_poisson|lean,15.6,0,OK
2026-08-18,Tower B,large,69,94.7,55.0,0.0,202.5,test,Tuesday,August,577,True,hgb_poisson|lean,16.4,0,OK
2026-08-19,Tower B,large,93,90.9,53.9,0.0,196.4,test,Wednesday,August,577,True,hgb_poisson|lean,15.8,0,OK
2026-08-20,Tower B,large,53,108.1,58.7,0.0,223.1,test,Thursday,August,577,True,hgb_poisson|lean,18.7,0,OK
2026-08-21,Tower B,large,311,108.0,58.7,0.0,223.1,test,Friday,August,577,True,hgb_poisson|lean,18.7,0,OK
2026-08-22,Tower B,large,33,23.6,27.5,0.0,77.5,test,Saturday,August,577,True,hgb_poisson|lean,4.1,0,OK
2026-08-24,Tower B,large,156,280.5,94.6,95.1,466.0,test,Monday,August,577,True,hgb_poisson|lean,48.6,0,OK
2026-08-25,Tower B,large,216,200.2,79.9,43.5,356.9,test,Tuesday,August,577,True,hgb_poisson|lean,34.7,0,OK
2026-08-26,Tower B,large,280,175.6,74.9,28.8,322.3,test,Wednesday,August,577,True,hgb_poisson|lean,30.4,0,OK
2026-08-27,Tower B,large,330,233.1,86.3,64.0,402.1,test,Thursday,August,577,True,hgb_poisson|lean,40.4,0,OK
2026-08-28,Tower B,large,175,315.3,100.3,118.7,511.9,test,Friday,August,577,True,hgb_poisson|lean,54.6,0,WATCH
2026-08-29,Tower B,large,57,123.4,62.8,0.4,246.4,test,Saturday,August,577,True,hgb_poisson|lean,21.4,0,OK
2026-08-31,Tower B,large,227,234.0,86.4,64.6,403.4,test,Monday,August,577,True,hgb_poisson|lean,40.6,0,OK
2026-09-01,Tower B,large,221,258.9,90.9,80.7,437.0,test,Tuesday,September,577,True,hgb_poisson|lean,44.9,0,OK
2026-09-02,Tower B,large,357,254.0,90.0,77.5,430.5,test,Wednesday,September,577,True,hgb_poisson|lean,44.0,0,OK
2026-09-03,Tower B,large,218,340.8,104.3,136.4,545.2,test,Thursday,September,577,True,hgb_poisson|lean,59.1,0,WATCH
2026-09-04,Tower B,large,219,251.9,89.7,76.2,427.7,test,Friday,September,577,True,hgb_poisson|lean,43.7,0,OK
2026-09-05,Tower B,large,44,94.6,54.9,0.0,202.2,test,Saturday,September,577,True,hgb_poisson|lean,16.4,0,OK
2026-09-07,Tower B,large,0,223.7,84.5,58.1,389.3,test,Monday,September,577,True,hgb_poisson|lean,38.8,0,OK
2026-09-08,Tower B,large,209,265.6,92.1,85.1,446.0,test,Tuesday,September,577,True,hgb_poisson|lean,46.0,0,OK
2026-09-09,Tower B,large,307,320.0,101.1,121.9,518.1,test,Wednesday,September,577,True,hgb_poisson|lean,55.5,0,WATCH
2026-09-10,Tower B,large,200,311.0,99.6,115.7,506.3,test,Thursday,September,577,True,hgb_poisson|lean,53.9,0,WATCH
2026-09-11,Tower B,large,182,219.2,83.6,55.2,383.1,test,Friday,September,577,True,hgb_poisson|lean,38.0,0,OK
2026-09-12,Tower B,large,24,87.2,52.8,0.0,190.7,test,Saturday,September,577,True,hgb_poisson|lean,15.1,0,OK
2026-09-14,Tower B,large,169,220.7,83.9,56.2,385.1,test,Monday,September,577,True,hgb_poisson|lean,38.2,0,OK
2026-09-15,Tower B,large,255,193.5,78.6,39.5,347.5,test,Tuesday,September,577,True,hgb_poisson|lean,33.5,0,OK
2026-09-16,Tower B,large,220,214.5,82.7,52.4,376.7,test,Wednesday,September,577,True,hgb_poisson|lean,37.2,0,OK
2026-09-17,Tower B,large,120,210.3,81.9,49.7,370.8,test,Thursday,September,577,True,hgb_poisson|lean,36.4,0,OK
2026-09-18,Tower B,large,100,177.2,75.2,29.8,324.6,test,Friday,September,577,True,hgb_poisson|lean,30.7,0,OK
2026-09-19,Tower B,large,5,58.8,43.3,0.0,143.8,test,Saturday,September,577,True,hgb_poisson|lean,10.2,0,OK
2024-10-05,Bouquet Gardens,small,0,20.6,17.0,0.0,53.9,train,Saturday,October,107,True,bayes_ridge|full,19.3,0,OK
2024-10-07,Bouquet Gardens,small,85,29.1,20.2,0.0,68.8,train,Monday,October,107,True,bayes_ridge|full,27.2,0,OK
2024-10-08,Bouquet Gardens,small,37,36.4,22.6,0.0,80.8,train,Tuesday,October,107,True,bayes_ridge|full,34.0,0,OK
2024-10-09,Bouquet Gardens,small,37,34.5,22.0,0.0,77.7,train,Wednesday,October,107,True,bayes_ridge|full,32.2,0,OK
2024-10-10,Bouquet Gardens,small,46,33.7,21.8,0.0,76.4,train,Thursday,October,107,True,bayes_ridge|full,31.5,0,OK
2024-10-11,Bouquet Gardens,small,10,31.7,21.1,0.0,73.1,train,Friday,October,107,True,bayes_ridge|full,29.6,0,OK
2024-10-12,Bouquet Gardens,small,1,22.1,17.7,0.0,56.8,train,Saturday,October,107,True,bayes_ridge|full,20.7,0,OK
2024-10-14,Bouquet Gardens,small,24,30.5,20.7,0.0,71.1,train,Monday,October,107,True,bayes_ridge|full,28.5,0,OK
2024-10-15,Bouquet Gardens,small,106,33.4,21.7,0.0,75.9,train,Tuesday,October,107,True,bayes_ridge|full,31.2,0,OK
2024-10-16,Bouquet Gardens,small,19,35.2,22.3,0.0,78.8,train,Wednesday,October,107,True,bayes_ridge|full,32.9,0,OK
2024-10-17,Bouquet Gardens,small,41,31.9,21.2,0.0,73.5,train,Thursday,October,107,True,bayes_ridge|full,29.8,0,OK
2024-10-18,Bouquet Gardens,small,53,30.6,20.7,0.0,71.2,train,Friday,October,107,True,bayes_ridge|full,28.6,0,OK
2024-10-19,Bouquet Gardens,small,30,23.2,18.1,0.0,58.6,train,Saturday,October,107,True,bayes_ridge|full,21.7,0,OK
2024-10-21,Bouquet Gardens,small,133,35.0,22.2,0.0,78.5,train,Monday,October,107,True,bayes_ridge|full,32.7,26,OK
2024-10-22,Bouquet Gardens,small,22,46.1,25.5,0.0,96.0,train,Tuesday,October,107,True,bayes_ridge|full,43.1,0,OK
2024-10-23,Bouquet Gardens,small,72,45.7,25.4,0.0,95.5,train,Wednesday,October,107,True,bayes_ridge|full,42.7,0,OK
2024-10-24,Bouquet Gardens,small,30,41.6,24.2,0.0,89.0,train,Thursday,October,107,True,bayes_ridge|full,38.9,0,OK
2024-10-25,Bouquet Gardens,small,75,40.6,23.9,0.0,87.4,train,Friday,October,107,True,bayes_ridge|full,37.9,0,OK
2024-10-26,Bouquet Gardens,small,17,35.3,22.3,0.0,79.0,train,Saturday,October,107,True,bayes_ridge|full,33.0,0,OK
2024-10-28,Bouquet Gardens,small,100,43.0,24.6,0.0,91.3,train,Monday,October,107,True,bayes_ridge|full,40.2,0,OK
2024-10-29,Bouquet Gardens,small,49,49.7,26.5,0.0,101.6,train,Tuesday,October,107,True,bayes_ridge|full,46.4,0,OK
2024-10-30,Bouquet Gardens,small,105,43.9,24.9,0.0,92.6,train,Wednesday,October,107,True,bayes_ridge|full,41.0,0,OK
2024-10-31,Bouquet Gardens,small,31,48.5,26.1,0.0,99.7,train,Thursday,October,107,True,bayes_ridge|full,45.3,0,OK
2024-11-01,Bouquet Gardens,small,11,43.4,24.7,0.0,91.8,train,Friday,November,107,True,bayes_ridge|full,40.6,0,OK
2024-11-02,Bouquet Gardens,small,24,34.2,21.9,0.0,77.1,train,Saturday,November,107,True,bayes_ridge|full,32.0,0,OK
2024-11-04,Bouquet Gardens,small,19,40.9,24.0,0.0,88.0,train,Monday,November,107,True,bayes_ridge|full,38.2,0,OK
2024-11-05,Bouquet Gardens,small,14,42.0,24.3,0.0,89.7,train,Tuesday,November,107,True,bayes_ridge|full,39.3,0,OK
2024-11-06,Bouquet Gardens,small,14,35.6,22.4,0.0,79.4,train,Wednesday,November,107,True,bayes_ridge|full,33.3,0,OK
2024-11-07,Bouquet Gardens,small,14,30.6,20.7,0.0,71.2,train,Thursday,November,107,True,bayes_ridge|full,28.6,0,OK
2024-11-08,Bouquet Gardens,small,5,22.5,17.8,0.0,57.4,train,Friday,November,107,True,bayes_ridge|full,21.0,0,OK
2024-11-09,Bouquet Gardens,small,1,12.3,13.2,0.0,38.2,train,Saturday,November,107,True,bayes_ridge|full,11.5,0,OK
2024-11-11,Bouquet Gardens,small,4,21.8,17.5,0.0,56.2,train,Monday,November,107,True,bayes_ridge|full,20.4,0,OK
2024-11-12,Bouquet Gardens,small,27,21.1,17.3,0.0,55.0,train,Tuesday,November,107,True,bayes_ridge|full,19.7,0,OK
2024-11-13,Bouquet Gardens,small,26,21.4,17.3,0.0,55.4,train,Wednesday,November,107,True,bayes_ridge|full,20.0,0,OK
2024-11-14,Bouquet Gardens,small,12,20.0,16.8,0.0,52.8,train,Thursday,November,107,True,bayes_ridge|full,18.7,0,OK
2024-11-15,Bouquet Gardens,small,19,17.8,15.8,0.0,48.9,train,Friday,November,107,True,bayes_ridge|full,16.6,0,OK
2024-11-16,Bouquet Gardens,small,10,9.7,11.7,0.0,32.6,train,Saturday,November,107,True,bayes_ridge|full,9.1,0,OK
2024-11-18,Bouquet Gardens,small,17,20.3,16.9,0.0,53.4,train,Monday,November,107,True,bayes_ridge|full,19.0,0,OK
2024-11-19,Bouquet Gardens,small,13,22.6,17.8,0.0,57.6,train,Tuesday,November,107,True,bayes_ridge|full,21.1,0,OK
2024-11-20,Bouquet Gardens,small,3,22.8,17.9,0.0,57.9,train,Wednesday,November,107,True,bayes_ridge|full,21.3,0,OK
2024-11-21,Bouquet Gardens,small,5,8.3,10.8,0.0,29.6,train,Thursday,November,107,True,bayes_ridge|full,7.8,0,OK
2024-11-22,Bouquet Gardens,small,5,6.2,9.4,0.0,24.6,train,Friday,November,107,True,bayes_ridge|full,5.8,0,OK
2024-11-23,Bouquet Gardens,small,0,0.0,3.8,0.0,7.4,train,Saturday,November,107,True,bayes_ridge|full,0.0,0,OK
2024-11-25,Bouquet Gardens,small,0,10.2,12.0,0.0,33.7,train,Monday,November,107,True,bayes_ridge|full,9.5,0,OK
2024-11-26,Bouquet Gardens,small,1,11.8,12.9,0.0,37.1,train,Tuesday,November,107,True,bayes_ridge|full,11.0,0,OK
2024-11-27,Bouquet Gardens,small,7,11.5,12.7,0.0,36.4,train,Wednesday,November,107,True,bayes_ridge|full,10.7,0,OK
2024-11-28,Bouquet Gardens,small,0,10.5,12.2,0.0,34.4,train,Thursday,November,107,True,bayes_ridge|full,9.8,0,OK
2024-11-29,Bouquet Gardens,small,0,9.5,11.6,0.0,32.2,train,Friday,November,107,True,bayes_ridge|full,8.9,0,OK
2024-11-30,Bouquet Gardens,small,0,2.2,5.6,0.0,13.3,train,Saturday,November,107,True,bayes_ridge|full,2.1,0,OK
2024-12-02,Bouquet Gardens,small,67,14.5,14.3,0.0,42.5,train,Monday,December,107,True,bayes_ridge|full,13.6,0,OK
2024-12-03,Bouquet Gardens,small,15,21.8,17.5,0.0,56.2,train,Tuesday,December,107,True,bayes_ridge|full,20.4,0,OK
2024-12-04,Bouquet Gardens,small,39,23.7,18.2,0.0,59.4,train,Wednesday,December,107,True,bayes_ridge|full,22.1,0,OK
2024-12-05,Bouquet Gardens,small,8,25.9,19.1,0.0,63.3,train,Thursday,December,107,True,bayes_ridge|full,24.2,0,OK
2024-12-06,Bouquet Gardens,small,49,19.0,16.4,0.0,51.1,train,Friday,December,107,True,bayes_ridge|full,17.8,0,OK
2024-12-07,Bouquet Gardens,small,12,14.9,14.5,0.0,43.2,train,Saturday,December,107,True,bayes_ridge|full,13.9,0,OK
2024-12-09,Bouquet Gardens,small,13,26.2,19.2,0.0,63.8,train,Monday,December,107,True,bayes_ridge|full,24.5,0,OK
2024-12-10,Bouquet Gardens,small,30,28.3,20.0,0.0,67.5,train,Tuesday,December,107,True,bayes_ridge|full,26.4,0,OK
2024-12-11,Bouquet Gardens,small,7,25.6,19.0,0.0,62.8,train,Wednesday,December,107,True,bayes_ridge|full,23.9,0,OK
2024-12-12,Bouquet Gardens,small,15,23.4,18.1,0.0,58.9,train,Thursday,December,107,True,bayes_ridge|full,21.9,0,OK
2024-12-13,Bouquet Gardens,small,11,20.1,16.8,0.0,53.0,train,Friday,December,107,True,bayes_ridge|full,18.8,0,OK
2024-12-14,Bouquet Gardens,small,2,12.5,13.2,0.0,38.4,train,Saturday,December,107,True,bayes_ridge|full,11.7,0,OK
2024-12-16,Bouquet Gardens,small,6,19.6,16.6,0.0,52.2,train,Monday,December,107,True,bayes_ridge|full,18.3,0,OK
2024-12-17,Bouquet Gardens,small,4,20.5,17.0,0.0,53.7,train,Tuesday,December,107,True,bayes_ridge|full,19.2,0,OK
2025-01-03,Bouquet Gardens,small,31,15.8,14.9,0.0,45.1,train,Friday,January,107,True,bayes_ridge|full,14.8,0,OK
2025-01-04,Bouquet Gardens,small,0,7.8,10.5,0.0,28.3,train,Saturday,January,107,True,bayes_ridge|full,7.3,0,OK
2025-01-06,Bouquet Gardens,small,6,17.6,15.7,0.0,48.4,train,Monday,January,107,True,bayes_ridge|full,16.4,0,OK
2025-01-07,Bouquet Gardens,small,6,17.9,15.9,0.0,49.1,train,Tuesday,January,107,True,bayes_ridge|full,16.7,0,OK
2025-01-08,Bouquet Gardens,small,24,17.2,15.6,0.0,47.7,train,Wednesday,January,107,True,bayes_ridge|full,16.1,0,OK
2025-01-09,Bouquet Gardens,small,37,16.8,15.4,0.0,47.0,train,Thursday,January,107,True,bayes_ridge|full,15.7,0,OK
2025-01-10,Bouquet Gardens,small,40,17.4,15.7,0.0,48.1,train,Friday,January,107,True,bayes_ridge|full,16.3,0,OK
2025-01-11,Bouquet Gardens,small,18,12.2,13.1,0.0,37.9,train,Saturday,January,107,True,bayes_ridge|full,11.4,0,OK
2025-01-13,Bouquet Gardens,small,6,21.7,17.5,0.0,55.9,train,Monday,January,107,True,bayes_ridge|full,20.3,0,OK
2025-01-14,Bouquet Gardens,small,75,23.3,18.1,0.0,58.7,train,Tuesday,January,107,True,bayes_ridge|full,21.8,0,OK
2025-01-15,Bouquet Gardens,small,23,28.1,19.9,0.0,67.1,train,Wednesday,January,107,True,bayes_ridge|full,26.3,0,OK
2025-01-16,Bouquet Gardens,small,67,27.6,19.7,0.0,66.3,train,Thursday,January,107,True,bayes_ridge|full,25.8,0,OK
2025-01-17,Bouquet Gardens,small,24,29.4,20.3,0.0,69.2,train,Friday,January,107,True,bayes_ridge|full,27.5,0,OK
2025-01-18,Bouquet Gardens,small,70,20.7,17.1,0.0,54.2,train,Saturday,January,107,True,bayes_ridge|full,19.3,0,OK
2025-01-20,Bouquet Gardens,small,0,33.7,21.8,0.0,76.4,train,Monday,January,107,True,bayes_ridge|full,31.5,0,OK
2025-01-21,Bouquet Gardens,small,61,33.4,21.7,0.0,75.9,train,Tuesday,January,107,True,bayes_ridge|full,31.2,0,OK
2025-01-22,Bouquet Gardens,small,41,37.3,22.9,0.0,82.2,train,Wednesday,January,107,True,bayes_ridge|full,34.9,0,OK
2025-01-23,Bouquet Gardens,small,11,33.5,21.7,0.0,76.0,train,Thursday,January,107,True,bayes_ridge|full,31.3,0,OK
2025-01-24,Bouquet Gardens,small,44,30.9,20.9,0.0,71.8,train,Friday,January,107,True,bayes_ridge|full,28.9,0,OK
2025-01-25,Bouquet Gardens,small,44,21.6,17.4,0.0,55.8,train,Saturday,January,107,True,bayes_ridge|full,20.2,0,OK
2025-01-27,Bouquet Gardens,small,9,33.5,21.7,0.0,76.0,train,Monday,January,107,True,bayes_ridge|full,31.3,0,OK
2025-01-28,Bouquet Gardens,small,53,30.2,20.6,0.0,70.7,train,Tuesday,January,107,True,bayes_ridge|full,28.2,0,OK
2025-01-29,Bouquet Gardens,small,26,33.8,21.8,0.0,76.5,train,Wednesday,January,107,True,bayes_ridge|full,31.6,0,OK
2025-01-30,Bouquet Gardens,small,13,29.8,20.5,0.0,69.9,train,Thursday,January,107,True,bayes_ridge|full,27.9,0,OK
2025-01-31,Bouquet Gardens,small,38,25.7,19.0,0.0,62.9,train,Friday,January,107,True,bayes_ridge|full,24.0,0,OK
2025-02-01,Bouquet Gardens,small,15,19.8,16.7,0.0,52.5,train,Saturday,February,107,True,bayes_ridge|full,18.5,0,OK
2025-02-03,Bouquet Gardens,small,5,27.8,19.8,0.0,66.6,train,Monday,February,107,True,bayes_ridge|full,26.0,0,OK
2025-02-04,Bouquet Gardens,small,53,26.2,19.2,0.0,63.8,train,Tuesday,February,107,True,bayes_ridge|full,24.5,0,OK
2025-02-05,Bouquet Gardens,small,45,28.7,20.1,0.0,68.1,train,Wednesday,February,107,True,bayes_ridge|full,26.8,0,OK
2025-02-06,Bouquet Gardens,small,45,26.8,19.4,0.0,64.8,train,Thursday,February,107,True,bayes_ridge|full,25.0,0,OK
2025-02-07,Bouquet Gardens,small,24,26.2,19.2,0.0,63.9,train,Friday,February,107,True,bayes_ridge|full,24.5,0,OK
2025-02-08,Bouquet Gardens,small,24,19.0,16.4,0.0,51.1,train,Saturday,February,107,True,bayes_ridge|full,17.8,0,OK
2025-02-10,Bouquet Gardens,small,4,28.6,20.0,0.0,67.9,train,Monday,February,107,True,bayes_ridge|full,26.7,0,OK
2025-02-11,Bouquet Gardens,small,94,28.7,20.1,0.0,68.1,train,Tuesday,February,107,True,bayes_ridge|full,26.8,0,OK
2025-02-12,Bouquet Gardens,small,32,34.8,22.1,0.0,78.2,train,Wednesday,February,107,True,bayes_ridge|full,32.5,0,OK
2025-02-13,Bouquet Gardens,small,66,31.8,21.2,0.0,73.3,train,Thursday,February,107,True,bayes_ridge|full,29.7,0,OK
2025-02-14,Bouquet Gardens,small,33,31.7,21.1,0.0,73.0,train,Friday,February,107,True,bayes_ridge|full,29.6,0,OK
2025-02-15,Bouquet Gardens,small,22,23.0,18.0,0.0,58.3,train,Saturday,February,107,True,bayes_ridge|full,21.5,0,OK
2025-02-17,Bouquet Gardens,small,2,33.3,21.7,0.0,75.8,train,Monday,February,107,True,bayes_ridge|full,31.1,0,OK
2025-02-18,Bouquet Gardens,small,52,32.8,21.5,0.0,74.9,train,Tuesday,February,107,True,bayes_ridge|full,30.7,0,OK
2025-02-19,Bouquet Gardens,small,10,36.0,22.5,0.0,80.0,train,Wednesday,February,107,True,bayes_ridge|full,33.6,0,OK
2025-02-20,Bouquet Gardens,small,52,28.5,20.0,0.0,67.7,train,Thursday,February,107,True,bayes_ridge|full,26.6,0,OK
2025-02-21,Bouquet Gardens,small,14,28.1,19.9,0.0,67.1,train,Friday,February,107,True,bayes_ridge|full,26.3,0,OK
2025-02-22,Bouquet Gardens,small,16,16.4,15.2,0.0,46.2,train,Saturday,February,107,True,bayes_ridge|full,15.3,0,OK
2025-02-24,Bouquet Gardens,small,9,25.4,18.9,0.0,62.5,train,Monday,February,107,True,bayes_ridge|full,23.7,0,OK
2025-02-25,Bouquet Gardens,small,3,25.6,19.0,0.0,62.9,train,Tuesday,February,107,True,bayes_ridge|full,23.9,0,OK
2025-02-26,Bouquet Gardens,small,3,25.2,18.8,0.0,62.0,train,Wednesday,February,107,True,bayes_ridge|full,23.6,0,OK
2025-02-27,Bouquet Gardens,small,11,20.0,16.8,0.0,53.0,train,Thursday,February,107,True,bayes_ridge|full,18.7,0,OK
2025-02-28,Bouquet Gardens,small,4,17.8,15.8,0.0,48.8,train,Friday,February,107,True,bayes_ridge|full,16.6,0,OK
2025-03-01,Bouquet Gardens,small,7,6.4,9.5,0.0,25.0,train,Saturday,March,107,True,bayes_ridge|full,6.0,0,OK
2025-03-03,Bouquet Gardens,small,0,15.9,14.9,0.0,45.2,train,Monday,March,107,True,bayes_ridge|full,14.9,0,OK
2025-03-04,Bouquet Gardens,small,0,15.7,14.9,0.0,44.9,train,Tuesday,March,107,True,bayes_ridge|full,14.7,0,OK
2025-03-05,Bouquet Gardens,small,0,17.1,15.5,0.0,47.5,train,Wednesday,March,107,True,bayes_ridge|full,16.0,0,OK
2025-03-06,Bouquet Gardens,small,11,15.2,14.6,0.0,43.8,train,Thursday,March,107,True,bayes_ridge|full,14.2,0,OK
2025-03-07,Bouquet Gardens,small,0,13.7,13.9,0.0,40.8,train,Friday,March,107,True,bayes_ridge|full,12.8,0,OK
2025-03-08,Bouquet Gardens,small,0,5.0,8.4,0.0,21.4,train,Saturday,March,107,True,bayes_ridge|full,4.7,0,OK
2025-03-10,Bouquet Gardens,small,17,14.7,14.4,0.0,42.9,train,Monday,March,107,True,bayes_ridge|full,13.7,0,OK
2025-03-11,Bouquet Gardens,small,36,16.6,15.3,0.0,46.6,train,Tuesday,March,107,True,bayes_ridge|full,15.5,0,OK
2025-03-12,Bouquet Gardens,small,6,18.9,16.3,0.0,50.8,train,Wednesday,March,107,True,bayes_ridge|full,17.7,0,OK
2025-03-13,Bouquet Gardens,small,21,17.5,15.7,0.0,48.3,train,Thursday,March,107,True,bayes_ridge|full,16.4,0,OK
2025-03-14,Bouquet Gardens,small,9,17.4,15.6,0.0,48.0,train,Friday,March,107,True,bayes_ridge|full,16.3,0,OK
2025-03-15,Bouquet Gardens,small,49,9.4,11.5,0.0,32.0,train,Saturday,March,107,True,bayes_ridge|full,8.8,0,OK
2025-03-17,Bouquet Gardens,small,7,20.9,17.2,0.0,54.6,train,Monday,March,107,True,bayes_ridge|full,19.5,0,OK
2025-03-18,Bouquet Gardens,small,11,22.7,17.9,0.0,57.7,train,Tuesday,March,107,True,bayes_ridge|full,21.2,0,OK
2025-03-19,Bouquet Gardens,small,0,21.9,17.5,0.0,56.3,train,Wednesday,March,107,True,bayes_ridge|full,20.5,0,OK
2025-03-20,Bouquet Gardens,small,21,17.7,15.8,0.0,48.6,train,Thursday,March,107,True,bayes_ridge|full,16.5,0,OK
2025-03-21,Bouquet Gardens,small,16,17.1,15.5,0.0,47.5,train,Friday,March,107,True,bayes_ridge|full,16.0,0,OK
2025-03-22,Bouquet Gardens,small,14,9.0,11.3,0.0,31.1,train,Saturday,March,107,True,bayes_ridge|full,8.4,0,OK
2025-03-24,Bouquet Gardens,small,0,19.8,16.7,0.0,52.5,train,Monday,March,107,True,bayes_ridge|full,18.5,0,OK
2025-03-25,Bouquet Gardens,small,17,17.6,15.7,0.0,48.4,train,Tuesday,March,107,True,bayes_ridge|full,16.4,0,OK
2025-03-26,Bouquet Gardens,small,2,18.0,15.9,0.0,49.2,train,Wednesday,March,107,True,bayes_ridge|full,16.8,0,OK
2025-03-27,Bouquet Gardens,small,6,15.6,14.8,0.0,44.6,train,Thursday,March,107,True,bayes_ridge|full,14.6,0,OK
2025-03-28,Bouquet Gardens,small,1,14.0,14.1,0.0,41.6,train,Friday,March,107,True,bayes_ridge|full,13.1,0,OK
2025-03-29,Bouquet Gardens,small,1,4.7,8.2,0.0,20.8,train,Saturday,March,107,True,bayes_ridge|full,4.4,0,OK
2025-03-31,Bouquet Gardens,small,6,14.0,14.0,0.0,41.4,train,Monday,March,107,True,bayes_ridge|full,13.1,0,OK
2025-04-01,Bouquet Gardens,small,29,14.6,14.3,0.0,42.7,train,Tuesday,April,107,True,bayes_ridge|full,13.6,0,OK
2025-04-02,Bouquet Gardens,small,26,16.1,15.0,0.0,45.6,train,Wednesday,April,107,True,bayes_ridge|full,15.0,0,OK
2025-04-03,Bouquet Gardens,small,10,15.1,14.6,0.0,43.7,train,Thursday,April,107,True,bayes_ridge|full,14.1,0,OK
2025-04-04,Bouquet Gardens,small,13,13.9,14.0,0.0,41.4,train,Friday,April,107,True,bayes_ridge|full,13.0,0,OK
2025-04-05,Bouquet Gardens,small,0,6.6,9.7,0.0,25.6,train,Saturday,April,107,True,bayes_ridge|full,6.2,0,OK
2025-04-07,Bouquet Gardens,small,4,16.8,15.4,0.0,47.0,train,Monday,April,107,True,bayes_ridge|full,15.7,0,OK
2025-04-08,Bouquet Gardens,small,15,18.2,16.0,0.0,49.5,train,Tuesday,April,107,True,bayes_ridge|full,17.0,0,OK
2025-04-09,Bouquet Gardens,small,13,18.4,16.1,0.0,49.9,train,Wednesday,April,107,True,bayes_ridge|full,17.2,0,OK
2025-04-10,Bouquet Gardens,small,15,15.7,14.9,0.0,44.8,train,Thursday,April,107,True,bayes_ridge|full,14.7,0,OK
2025-04-11,Bouquet Gardens,small,13,13.2,13.6,0.0,39.8,train,Friday,April,107,True,bayes_ridge|full,12.3,0,OK
2025-04-12,Bouquet Gardens,small,7,5.6,8.9,0.0,23.0,train,Saturday,April,107,True,bayes_ridge|full,5.2,0,OK
2025-04-14,Bouquet Gardens,small,4,15.6,14.8,0.0,44.6,train,Monday,April,107,True,bayes_ridge|full,14.6,0,OK
2025-04-15,Bouquet Gardens,small,20,17.1,15.5,0.0,47.5,train,Tuesday,April,107,True,bayes_ridge|full,16.0,0,OK
2025-04-16,Bouquet Gardens,small,18,17.9,15.9,0.0,49.1,train,Wednesday,April,107,True,bayes_ridge|full,16.7,0,OK
2025-04-17,Bouquet Gardens,small,26,16.5,15.3,0.0,46.4,train,Thursday,April,107,True,bayes_ridge|full,15.4,0,OK
2025-04-18,Bouquet Gardens,small,14,15.6,14.8,0.0,44.7,train,Friday,April,107,True,bayes_ridge|full,14.6,0,OK
2025-04-19,Bouquet Gardens,small,0,7.6,10.4,0.0,27.9,train,Saturday,April,107,True,bayes_ridge|full,7.1,0,OK
2025-04-21,Bouquet Gardens,small,13,17.1,15.5,0.0,47.4,train,Monday,April,107,True,bayes_ridge|full,16.0,0,OK
2025-04-22,Bouquet Gardens,small,5,10.7,12.3,0.0,34.7,train,Tuesday,April,107,True,bayes_ridge|full,10.0,0,OK
2025-04-23,Bouquet Gardens,small,7,10.4,12.1,0.0,34.1,train,Wednesday,April,107,True,bayes_ridge|full,9.7,0,OK
2025-04-24,Bouquet Gardens,small,4,7.8,10.5,0.0,28.3,train,Thursday,April,107,True,bayes_ridge|full,7.3,0,OK
2025-04-25,Bouquet Gardens,small,4,5.0,8.4,0.0,21.5,train,Friday,April,107,True,bayes_ridge|full,4.7,0,OK
2025-04-26,Bouquet Gardens,small,6,0.0,3.8,0.0,7.4,train,Saturday,April,107,True,bayes_ridge|full,0.0,0,OK
2025-04-28,Bouquet Gardens,small,11,5.3,8.7,0.0,22.4,train,Monday,April,107,True,bayes_ridge|full,5.0,0,OK
2025-04-29,Bouquet Gardens,small,3,7.3,10.1,0.0,27.2,train,Tuesday,April,107,True,bayes_ridge|full,6.8,0,OK
2025-04-30,Bouquet Gardens,small,1,6.2,9.3,0.0,24.5,train,Wednesday,April,107,True,bayes_ridge|full,5.8,0,OK
2025-05-01,Bouquet Gardens,small,2,4.2,7.7,0.0,19.2,train,Thursday,May,107,True,bayes_ridge|full,3.9,0,OK
2025-05-02,Bouquet Gardens,small,0,2.0,5.3,0.0,12.3,train,Friday,May,107,True,bayes_ridge|full,1.9,0,OK
2025-08-18,Bouquet Gardens,small,0,8.8,11.1,0.0,30.5,train,Monday,August,107,True,bayes_ridge|full,8.2,0,OK
2025-08-19,Bouquet Gardens,small,0,9.5,11.6,0.0,32.2,train,Tuesday,August,107,True,bayes_ridge|full,8.9,0,OK
2025-08-20,Bouquet Gardens,small,3,8.6,11.0,0.0,30.1,train,Wednesday,August,107,True,bayes_ridge|full,8.0,0,OK
2025-08-21,Bouquet Gardens,small,24,6.3,9.5,0.0,24.9,train,Thursday,August,107,True,bayes_ridge|full,5.9,0,OK
2025-08-22,Bouquet Gardens,small,12,6.1,9.3,0.0,24.3,train,Friday,August,107,True,bayes_ridge|full,5.7,0,OK
2025-08-23,Bouquet Gardens,small,0,0.0,3.8,0.0,7.4,train,Saturday,August,107,True,bayes_ridge|full,0.0,0,OK
2025-08-25,Bouquet Gardens,small,33,9.3,11.4,0.0,31.7,train,Monday,August,107,True,bayes_ridge|full,8.7,0,OK
2025-08-26,Bouquet Gardens,small,2,13.0,13.5,0.0,39.5,train,Tuesday,August,107,True,bayes_ridge|full,12.1,0,OK
2025-08-27,Bouquet Gardens,small,22,12.7,13.4,0.0,39.0,train,Wednesday,August,107,True,bayes_ridge|full,11.9,0,OK
2025-08-28,Bouquet Gardens,small,12,12.7,13.3,0.0,38.8,train,Thursday,August,107,True,bayes_ridge|full,11.9,0,OK
2025-08-29,Bouquet Gardens,small,4,11.5,12.7,0.0,36.5,train,Friday,August,107,True,bayes_ridge|full,10.7,0,OK
2025-08-30,Bouquet Gardens,small,0,2.3,5.7,0.0,13.5,train,Saturday,August,107,True,bayes_ridge|full,2.1,0,OK
2025-09-01,Bouquet Gardens,small,2,11.9,12.9,0.0,37.2,train,Monday,September,107,True,bayes_ridge|full,11.1,0,OK
2025-09-02,Bouquet Gardens,small,17,13.2,13.6,0.0,39.9,train,Tuesday,September,107,True,bayes_ridge|full,12.3,0,OK
2025-09-03,Bouquet Gardens,small,12,11.8,12.9,0.0,37.1,train,Wednesday,September,107,True,bayes_ridge|full,11.0,0,OK
2025-09-04,Bouquet Gardens,small,5,10.9,12.4,0.0,35.2,train,Thursday,September,107,True,bayes_ridge|full,10.2,0,OK
2025-09-05,Bouquet Gardens,small,4,8.0,10.6,0.0,28.8,train,Friday,September,107,True,bayes_ridge|full,7.5,0,OK
2025-09-06,Bouquet Gardens,small,0,0.0,3.8,0.0,7.4,train,Saturday,September,107,True,bayes_ridge|full,0.0,0,OK
2025-09-08,Bouquet Gardens,small,12,9.6,11.6,0.0,32.3,train,Monday,September,107,True,bayes_ridge|full,9.0,0,OK
2025-09-09,Bouquet Gardens,small,12,11.6,12.8,0.0,36.6,train,Tuesday,September,107,True,bayes_ridge|full,10.8,0,OK
2025-09-10,Bouquet Gardens,small,7,12.0,13.0,0.0,37.4,train,Wednesday,September,107,True,bayes_ridge|full,11.2,0,OK
2025-09-11,Bouquet Gardens,small,2,11.3,12.6,0.0,36.1,train,Thursday,September,107,True,bayes_ridge|full,10.6,0,OK
2025-09-12,Bouquet Gardens,small,41,8.9,11.2,0.0,30.8,train,Friday,September,107,True,bayes_ridge|full,8.3,0,OK
2025-09-13,Bouquet Gardens,small,1,3.7,7.2,0.0,17.7,train,Saturday,September,107,True,bayes_ridge|full,3.5,0,OK
2025-09-15,Bouquet Gardens,small,10,13.8,13.9,0.0,41.1,train,Monday,September,107,True,bayes_ridge|full,12.9,0,OK
2025-09-16,Bouquet Gardens,small,14,15.7,14.9,0.0,44.9,train,Tuesday,September,107,True,bayes_ridge|full,14.7,0,OK
2025-09-17,Bouquet Gardens,small,18,15.6,14.8,0.0,44.6,train,Wednesday,September,107,True,bayes_ridge|full,14.6,0,OK
2025-09-18,Bouquet Gardens,small,8,14.4,14.2,0.0,42.3,train,Thursday,September,107,True,bayes_ridge|full,13.5,0,OK
2025-09-19,Bouquet Gardens,small,18,12.6,13.3,0.0,38.8,train,Friday,September,107,True,bayes_ridge|full,11.8,0,OK
2025-09-20,Bouquet Gardens,small,0,5.9,9.1,0.0,23.9,train,Saturday,September,107,True,bayes_ridge|full,5.5,0,OK
2025-09-22,Bouquet Gardens,small,5,13.5,13.8,0.0,40.5,train,Monday,September,107,True,bayes_ridge|full,12.6,0,OK
2025-09-23,Bouquet Gardens,small,24,15.0,14.5,0.0,43.4,train,Tuesday,September,107,True,bayes_ridge|full,14.0,0,OK
2025-09-24,Bouquet Gardens,small,17,15.7,14.9,0.0,44.9,train,Wednesday,September,107,True,bayes_ridge|full,14.7,0,OK
2025-09-25,Bouquet Gardens,small,0,14.3,14.2,0.0,42.0,train,Thursday,September,107,True,bayes_ridge|full,13.4,0,OK
2025-09-26,Bouquet Gardens,small,12,11.2,12.5,0.0,35.8,train,Friday,September,107,True,bayes_ridge|full,10.5,0,OK
2025-09-27,Bouquet Gardens,small,0,3.6,7.1,0.0,17.6,train,Saturday,September,107,True,bayes_ridge|full,3.4,0,OK
2025-09-29,Bouquet Gardens,small,23,12.8,13.4,0.0,39.0,train,Monday,September,107,True,bayes_ridge|full,12.0,0,OK
2025-09-30,Bouquet Gardens,small,8,15.4,14.7,0.0,44.3,train,Tuesday,September,107,True,bayes_ridge|full,14.4,0,OK
2025-10-01,Bouquet Gardens,small,1,15.3,14.7,0.0,44.1,train,Wednesday,October,107,True,bayes_ridge|full,14.3,0,OK
2025-10-02,Bouquet Gardens,small,0,11.9,13.0,0.0,37.3,train,Thursday,October,107,True,bayes_ridge|full,11.1,0,OK
2025-10-03,Bouquet Gardens,small,27,8.9,11.2,0.0,30.9,train,Friday,October,107,True,bayes_ridge|full,8.3,0,OK
2025-10-04,Bouquet Gardens,small,0,3.0,6.5,0.0,15.7,train,Saturday,October,107,True,bayes_ridge|full,2.8,0,OK
2025-10-06,Bouquet Gardens,small,57,12.5,13.3,0.0,38.5,train,Monday,October,107,True,bayes_ridge|full,11.7,0,OK
2025-10-07,Bouquet Gardens,small,7,17.9,15.9,0.0,49.1,train,Tuesday,October,107,True,bayes_ridge|full,16.7,0,OK
2025-10-08,Bouquet Gardens,small,9,16.5,15.2,0.0,46.4,train,Wednesday,October,107,True,bayes_ridge|full,15.4,0,OK
2025-10-09,Bouquet Gardens,small,7,14.9,14.5,0.0,43.3,train,Thursday,October,107,True,bayes_ridge|full,13.9,0,OK
2025-10-10,Bouquet Gardens,small,3,13.4,13.8,0.0,40.4,train,Friday,October,107,True,bayes_ridge|full,12.5,0,OK
2025-10-11,Bouquet Gardens,small,0,5.7,8.9,0.0,23.2,train,Saturday,October,107,True,bayes_ridge|full,5.3,0,OK
2025-10-13,Bouquet Gardens,small,9,14.2,14.1,0.0,41.9,train,Monday,October,107,True,bayes_ridge|full,13.3,0,OK
2025-10-14,Bouquet Gardens,small,1,16.0,15.0,0.0,45.5,train,Tuesday,October,107,True,bayes_ridge|full,15.0,0,OK
2025-10-15,Bouquet Gardens,small,5,11.8,12.9,0.0,37.0,train,Wednesday,October,107,True,bayes_ridge|full,11.0,0,OK
2025-10-16,Bouquet Gardens,small,40,9.8,11.7,0.0,32.8,train,Thursday,October,107,True,bayes_ridge|full,9.2,0,OK
2025-10-17,Bouquet Gardens,small,9,10.4,12.1,0.0,34.2,train,Friday,October,107,True,bayes_ridge|full,9.7,0,OK
2025-10-18,Bouquet Gardens,small,0,2.8,6.2,0.0,14.9,train,Saturday,October,107,True,bayes_ridge|full,2.6,0,OK
2025-10-20,Bouquet Gardens,small,12,12.9,13.5,0.0,39.4,train,Monday,October,107,True,bayes_ridge|full,12.1,0,OK
2025-10-21,Bouquet Gardens,small,9,14.9,14.5,0.0,43.2,train,Tuesday,October,107,True,bayes_ridge|full,13.9,0,OK
2025-10-22,Bouquet Gardens,small,26,14.5,14.3,0.0,42.6,train,Wednesday,October,107,True,bayes_ridge|full,13.6,0,OK
2025-10-23,Bouquet Gardens,small,8,14.3,14.2,0.0,42.2,train,Thursday,October,107,True,bayes_ridge|full,13.4,0,OK
2025-10-24,Bouquet Gardens,small,21,12.8,13.4,0.0,39.1,train,Friday,October,107,True,bayes_ridge|full,12.0,0,OK
2025-10-25,Bouquet Gardens,small,2,3.7,7.2,0.0,17.9,train,Saturday,October,107,True,bayes_ridge|full,3.5,0,OK
2025-10-27,Bouquet Gardens,small,4,13.6,13.8,0.0,40.7,train,Monday,October,107,True,bayes_ridge|full,12.7,0,OK
2025-10-28,Bouquet Gardens,small,6,15.1,14.6,0.0,43.7,train,Tuesday,October,107,True,bayes_ridge|full,14.1,0,OK
2025-10-29,Bouquet Gardens,small,49,14.3,14.2,0.0,42.2,train,Wednesday,October,107,True,bayes_ridge|full,13.4,0,OK
2025-10-30,Bouquet Gardens,small,17,15.7,14.9,0.0,44.8,train,Thursday,October,107,True,bayes_ridge|full,14.7,0,OK
2025-10-31,Bouquet Gardens,small,8,13.4,13.8,0.0,40.4,train,Friday,October,107,True,bayes_ridge|full,12.5,0,OK
2025-11-01,Bouquet Gardens,small,0,5.6,8.9,0.0,23.0,train,Saturday,November,107,True,bayes_ridge|full,5.2,0,OK
2025-11-03,Bouquet Gardens,small,17,14.3,14.2,0.0,42.0,train,Monday,November,107,True,bayes_ridge|full,13.4,0,OK
2025-11-04,Bouquet Gardens,small,27,16.6,15.3,0.0,46.5,train,Tuesday,November,107,True,bayes_ridge|full,15.5,0,OK
2025-11-05,Bouquet Gardens,small,32,18.0,15.9,0.0,49.1,train,Wednesday,November,107,True,bayes_ridge|full,16.8,0,OK
2025-11-06,Bouquet Gardens,small,12,18.2,16.0,0.0,49.6,train,Thursday,November,107,True,bayes_ridge|full,17.0,0,OK
2025-11-07,Bouquet Gardens,small,11,13.9,14.0,0.0,41.3,train,Friday,November,107,True,bayes_ridge|full,13.0,0,OK
2025-11-08,Bouquet Gardens,small,0,5.5,8.8,0.0,22.8,train,Saturday,November,107,True,bayes_ridge|full,5.1,0,OK
2025-11-10,Bouquet Gardens,small,3,15.3,14.7,0.0,44.1,train,Monday,November,107,True,bayes_ridge|full,14.3,0,OK
2025-11-11,Bouquet Gardens,small,15,16.6,15.3,0.0,46.6,train,Tuesday,November,107,True,bayes_ridge|full,15.5,0,OK
2025-11-12,Bouquet Gardens,small,4,16.2,15.1,0.0,45.7,train,Wednesday,November,107,True,bayes_ridge|full,15.1,0,OK
2025-11-13,Bouquet Gardens,small,1,12.9,13.5,0.0,39.2,train,Thursday,November,107,True,bayes_ridge|full,12.1,0,OK
2025-11-14,Bouquet Gardens,small,26,8.9,11.2,0.0,30.9,train,Friday,November,107,True,bayes_ridge|full,8.3,0,OK
2025-11-15,Bouquet Gardens,small,1,1.9,5.2,0.0,12.0,train,Saturday,November,107,True,bayes_ridge|full,1.8,0,OK
2025-11-17,Bouquet Gardens,small,4,11.5,12.7,0.0,36.4,train,Monday,November,107,True,bayes_ridge|full,10.7,0,OK
2025-11-18,Bouquet Gardens,small,9,12.9,13.5,0.0,39.4,train,Tuesday,November,107,True,bayes_ridge|full,12.1,0,OK
2025-11-19,Bouquet Gardens,small,6,13.0,13.5,0.0,39.6,train,Wednesday,November,107,True,bayes_ridge|full,12.1,0,OK
2025-11-20,Bouquet Gardens,small,6,0.0,3.8,0.0,7.4,train,Thursday,November,107,True,bayes_ridge|full,0.0,0,OK
2025-11-21,Bouquet Gardens,small,4,0.0,3.8,0.0,7.4,train,Friday,November,107,True,bayes_ridge|full,0.0,0,OK
2025-11-22,Bouquet Gardens,small,0,0.0,3.8,0.0,7.4,train,Saturday,November,107,True,bayes_ridge|full,0.0,0,OK
2025-11-24,Bouquet Gardens,small,0,3.2,6.7,0.0,16.3,train,Monday,November,107,True,bayes_ridge|full,3.0,0,OK
2025-11-25,Bouquet Gardens,small,0,5.4,8.7,0.0,22.5,train,Tuesday,November,107,True,bayes_ridge|full,5.0,0,OK
2025-11-26,Bouquet Gardens,small,0,5.9,9.1,0.0,23.7,train,Wednesday,November,107,True,bayes_ridge|full,5.5,0,OK
2025-11-27,Bouquet Gardens,small,0,4.7,8.1,0.0,20.5,train,Thursday,November,107,True,bayes_ridge|full,4.4,0,OK
2025-11-28,Bouquet Gardens,small,0,3.5,7.1,0.0,17.4,train,Friday,November,107,True,bayes_ridge|full,3.3,0,OK
2025-11-29,Bouquet Gardens,small,0,0.0,3.8,0.0,7.4,train,Saturday,November,107,True,bayes_ridge|full,0.0,0,OK
2025-12-01,Bouquet Gardens,small,18,8.8,11.1,0.0,30.6,train,Monday,December,107,True,bayes_ridge|full,8.2,0,OK
2025-12-02,Bouquet Gardens,small,16,12.3,13.2,0.0,38.2,train,Tuesday,December,107,True,bayes_ridge|full,11.5,0,OK
2025-12-03,Bouquet Gardens,small,9,14.3,14.2,0.0,42.1,train,Wednesday,December,107,True,bayes_ridge|full,13.4,0,OK
2025-12-04,Bouquet Gardens,small,5,14.4,14.2,0.0,42.3,train,Thursday,December,107,True,bayes_ridge|full,13.5,0,OK
2025-12-05,Bouquet Gardens,small,6,7.8,10.5,0.0,28.4,train,Friday,December,107,True,bayes_ridge|full,7.3,0,OK
2025-12-06,Bouquet Gardens,small,0,0.4,3.8,0.0,7.7,train,Saturday,December,107,True,bayes_ridge|full,0.4,0,OK
2025-12-08,Bouquet Gardens,small,7,10.7,12.3,0.0,34.8,train,Monday,December,107,True,bayes_ridge|full,10.0,0,OK
2025-12-09,Bouquet Gardens,small,9,12.4,13.2,0.0,38.4,train,Tuesday,December,107,True,bayes_ridge|full,11.6,0,OK
2025-12-10,Bouquet Gardens,small,5,11.5,12.7,0.0,36.4,train,Wednesday,December,107,True,bayes_ridge|full,10.7,0,OK
2025-12-11,Bouquet Gardens,small,3,9.1,11.3,0.0,31.2,train,Thursday,December,107,True,bayes_ridge|full,8.5,0,OK
2025-12-12,Bouquet Gardens,small,8,6.9,9.9,0.0,26.3,train,Friday,December,107,True,bayes_ridge|full,6.4,0,OK
2025-12-13,Bouquet Gardens,small,0,0.0,3.8,0.0,7.4,train,Saturday,December,107,True,bayes_ridge|full,0.0,0,OK
2025-12-15,Bouquet Gardens,small,0,9.3,11.4,0.0,31.7,train,Monday,December,107,True,bayes_ridge|full,8.7,0,OK
2025-12-16,Bouquet Gardens,small,0,10.5,12.2,0.0,34.4,train,Tuesday,December,107,True,bayes_ridge|full,9.8,0,OK
2025-12-17,Bouquet Gardens,small,0,9.6,11.6,0.0,32.5,train,Wednesday,December,107,True,bayes_ridge|full,9.0,0,OK
2026-01-03,Bouquet Gardens,small,0,0.0,3.8,0.0,7.4,train,Saturday,January,107,True,bayes_ridge|full,0.0,0,OK
2026-01-05,Bouquet Gardens,small,0,7.3,10.2,0.0,27.2,train,Monday,January,107,True,bayes_ridge|full,6.8,0,OK
2026-01-06,Bouquet Gardens,small,0,8.3,10.8,0.0,29.4,train,Tuesday,January,107,True,bayes_ridge|full,7.8,0,OK
2026-01-07,Bouquet Gardens,small,1,7.3,10.1,0.0,27.1,train,Wednesday,January,107,True,bayes_ridge|full,6.8,0,OK
2026-01-08,Bouquet Gardens,small,0,5.6,8.9,0.0,23.0,train,Thursday,January,107,True,bayes_ridge|full,5.2,0,OK
2026-01-09,Bouquet Gardens,small,0,3.9,7.4,0.0,18.3,train,Friday,January,107,True,bayes_ridge|full,3.6,0,OK
2026-01-10,Bouquet Gardens,small,0,0.0,3.8,0.0,7.4,train,Saturday,January,107,True,bayes_ridge|full,0.0,0,OK
2026-01-12,Bouquet Gardens,small,9,6.3,9.4,0.0,24.7,train,Monday,January,107,True,bayes_ridge|full,5.9,0,OK
2026-01-13,Bouquet Gardens,small,60,8.1,10.7,0.0,29.1,train,Tuesday,January,107,True,bayes_ridge|full,7.6,0,OK
2026-01-14,Bouquet Gardens,small,16,12.3,13.2,0.0,38.1,train,Wednesday,January,107,True,bayes_ridge|full,11.5,0,OK
2026-01-15,Bouquet Gardens,small,6,11.8,12.9,0.0,37.0,train,Thursday,January,107,True,bayes_ridge|full,11.0,0,OK
2026-01-16,Bouquet Gardens,small,7,10.4,12.1,0.0,34.1,train,Friday,January,107,True,bayes_ridge|full,9.7,0,OK
2026-01-17,Bouquet Gardens,small,3,3.1,6.6,0.0,16.0,train,Saturday,January,107,True,bayes_ridge|full,2.9,0,OK
2026-01-19,Bouquet Gardens,small,2,13.7,13.9,0.0,41.0,train,Monday,January,107,True,bayes_ridge|full,12.8,0,OK
2026-01-20,Bouquet Gardens,small,19,15.1,14.6,0.0,43.6,train,Tuesday,January,107,True,bayes_ridge|full,14.1,0,OK
2026-01-21,Bouquet Gardens,small,25,15.5,14.8,0.0,44.5,train,Wednesday,January,107,True,bayes_ridge|full,14.5,0,OK
2026-01-22,Bouquet Gardens,small,20,11.6,12.8,0.0,36.6,train,Thursday,January,107,True,bayes_ridge|full,10.8,0,OK
2026-01-23,Bouquet Gardens,small,19,10.2,12.0,0.0,33.8,train,Friday,January,107,True,bayes_ridge|full,9.5,0,OK
2026-01-24,Bouquet Gardens,small,0,3.4,6.9,0.0,17.0,train,Saturday,January,107,True,bayes_ridge|full,3.2,0,OK
2026-01-26,Bouquet Gardens,small,0,13.3,13.7,0.0,40.2,train,Monday,January,107,True,bayes_ridge|full,12.4,0,OK
2026-01-27,Bouquet Gardens,small,18,14.3,14.2,0.0,42.2,train,Tuesday,January,107,True,bayes_ridge|full,13.4,0,OK
2026-01-28,Bouquet Gardens,small,21,15.2,14.6,0.0,43.8,train,Wednesday,January,107,True,bayes_ridge|full,14.2,0,OK
2026-01-29,Bouquet Gardens,small,8,13.7,13.9,0.0,40.9,train,Thursday,January,107,True,bayes_ridge|full,12.8,0,OK
2026-01-30,Bouquet Gardens,small,24,10.4,12.1,0.0,34.1,train,Friday,January,107,True,bayes_ridge|full,9.7,0,OK
2026-01-31,Bouquet Gardens,small,0,2.9,6.4,0.0,15.4,train,Saturday,January,107,True,bayes_ridge|full,2.7,0,OK
2026-02-02,Bouquet Gardens,small,8,11.9,13.0,0.0,37.3,train,Monday,February,107,True,bayes_ridge|full,11.1,0,OK
2026-02-03,Bouquet Gardens,small,25,13.7,13.9,0.0,40.9,train,Tuesday,February,107,True,bayes_ridge|full,12.8,0,OK
2026-02-04,Bouquet Gardens,small,29,15.2,14.6,0.0,43.9,train,Wednesday,February,107,True,bayes_ridge|full,14.2,0,OK
2026-02-05,Bouquet Gardens,small,20,14.5,14.3,0.0,42.4,train,Thursday,February,107,True,bayes_ridge|full,13.6,0,OK
2026-02-06,Bouquet Gardens,small,12,12.6,13.3,0.0,38.8,train,Friday,February,107,True,bayes_ridge|full,11.8,0,OK
2026-02-07,Bouquet Gardens,small,0,5.0,8.4,0.0,21.4,train,Saturday,February,107,True,bayes_ridge|full,4.7,0,OK
2026-02-09,Bouquet Gardens,small,15,13.6,13.8,0.0,40.7,train,Monday,February,107,True,bayes_ridge|full,12.7,0,OK
2026-02-10,Bouquet Gardens,small,35,15.8,14.9,0.0,45.0,train,Tuesday,February,107,True,bayes_ridge|full,14.8,0,OK
2026-02-11,Bouquet Gardens,small,28,17.5,15.7,0.0,48.3,train,Wednesday,February,107,True,bayes_ridge|full,16.4,0,OK
2026-02-12,Bouquet Gardens,small,9,16.2,15.1,0.0,45.9,train,Thursday,February,107,True,bayes_ridge|full,15.1,0,OK
2026-02-13,Bouquet Gardens,small,30,13.0,13.5,0.0,39.6,train,Friday,February,107,True,bayes_ridge|full,12.1,0,OK
2026-02-14,Bouquet Gardens,small,4,5.9,9.1,0.0,23.9,train,Saturday,February,107,True,bayes_ridge|full,5.5,0,OK
2026-02-16,Bouquet Gardens,small,30,15.7,14.9,0.0,44.9,train,Monday,February,107,True,bayes_ridge|full,14.7,0,OK
2026-02-17,Bouquet Gardens,small,28,19.1,16.4,0.0,51.2,train,Tuesday,February,107,True,bayes_ridge|full,17.9,0,OK
2026-02-18,Bouquet Gardens,small,1,19.8,16.7,0.0,52.5,train,Wednesday,February,107,True,bayes_ridge|full,18.5,0,OK
2026-02-19,Bouquet Gardens,small,32,15.7,14.9,0.0,44.8,train,Thursday,February,107,True,bayes_ridge|full,14.7,0,OK
2026-02-20,Bouquet Gardens,small,9,14.3,14.2,0.0,42.0,train,Friday,February,107,True,bayes_ridge|full,13.4,0,OK
2026-02-21,Bouquet Gardens,small,2,6.3,9.4,0.0,24.7,train,Saturday,February,107,True,bayes_ridge|full,5.9,0,OK
2026-02-23,Bouquet Gardens,small,16,14.6,14.3,0.0,42.7,train,Monday,February,107,True,bayes_ridge|full,13.6,0,OK
2026-02-24,Bouquet Gardens,small,19,16.7,15.3,0.0,46.7,train,Tuesday,February,107,True,bayes_ridge|full,15.6,0,OK
2026-02-25,Bouquet Gardens,small,12,15.6,14.8,0.0,44.7,train,Wednesday,February,107,True,bayes_ridge|full,14.6,0,OK
2026-02-26,Bouquet Gardens,small,8,12.8,13.4,0.0,39.1,train,Thursday,February,107,True,bayes_ridge|full,12.0,0,OK
2026-02-27,Bouquet Gardens,small,3,11.4,12.6,0.0,36.1,train,Friday,February,107,True,bayes_ridge|full,10.7,0,OK
2026-02-28,Bouquet Gardens,small,1,1.3,4.3,0.0,9.7,train,Saturday,February,107,True,bayes_ridge|full,1.2,0,OK
2026-03-02,Bouquet Gardens,small,6,11.1,12.5,0.0,35.6,train,Monday,March,107,True,bayes_ridge|full,10.4,0,OK
2026-03-03,Bouquet Gardens,small,5,12.4,13.2,0.0,38.3,train,Tuesday,March,107,True,bayes_ridge|full,11.6,0,OK
2026-03-04,Bouquet Gardens,small,12,11.3,12.6,0.0,36.0,test,Wednesday,March,107,True,bayes_ridge|full,10.6,0,OK
2026-03-05,Bouquet Gardens,small,12,11.5,12.7,0.0,36.4,test,Thursday,March,107,True,bayes_ridge|full,10.7,0,OK
2026-03-06,Bouquet Gardens,small,1,9.6,11.6,0.0,32.4,test,Friday,March,107,True,bayes_ridge|full,9.0,0,OK
2026-03-07,Bouquet Gardens,small,0,1.3,4.2,0.0,9.5,test,Saturday,March,107,True,bayes_ridge|full,1.2,0,OK
2026-03-09,Bouquet Gardens,small,1,11.2,12.6,0.0,35.9,test,Monday,March,107,True,bayes_ridge|full,10.5,0,OK
2026-03-10,Bouquet Gardens,small,0,12.4,13.2,0.0,38.2,test,Tuesday,March,107,True,bayes_ridge|full,11.6,0,OK
2026-03-11,Bouquet Gardens,small,0,11.5,12.7,0.0,36.5,test,Wednesday,March,107,True,bayes_ridge|full,10.7,0,OK
2026-03-12,Bouquet Gardens,small,0,9.4,11.5,0.0,31.9,test,Thursday,March,107,True,bayes_ridge|full,8.8,0,OK
2026-03-13,Bouquet Gardens,small,0,6.7,9.7,0.0,25.6,test,Friday,March,107,True,bayes_ridge|full,6.3,0,OK
2026-03-14,Bouquet Gardens,small,0,0.0,3.8,0.0,7.4,test,Saturday,March,107,True,bayes_ridge|full,0.0,0,OK
2026-03-16,Bouquet Gardens,small,37,5.6,8.9,0.0,23.1,test,Monday,March,107,True,bayes_ridge|full,5.2,0,OK
2026-03-17,Bouquet Gardens,small,17,9.6,11.6,0.0,32.5,test,Tuesday,March,107,True,bayes_ridge|full,9.0,0,OK
2026-03-18,Bouquet Gardens,small,27,10.5,12.1,0.0,34.3,test,Wednesday,March,107,True,bayes_ridge|full,9.8,0,OK
2026-03-19,Bouquet Gardens,small,12,10.8,12.3,0.0,34.9,test,Thursday,March,107,True,bayes_ridge|full,10.1,0,OK
2026-03-20,Bouquet Gardens,small,0,9.9,11.8,0.0,33.1,test,Friday,March,107,True,bayes_ridge|full,9.3,0,OK
2026-03-21,Bouquet Gardens,small,1,2.0,5.2,0.0,12.2,test,Saturday,March,107,True,bayes_ridge|full,1.9,0,OK
2026-03-23,Bouquet Gardens,small,10,12.3,13.2,0.0,38.2,test,Monday,March,107,True,bayes_ridge|full,11.5,0,OK
2026-03-24,Bouquet Gardens,small,22,14.3,14.2,0.0,42.1,test,Tuesday,March,107,True,bayes_ridge|full,13.4,0,OK
2026-03-25,Bouquet Gardens,small,31,13.0,13.5,0.0,39.6,test,Wednesday,March,107,True,bayes_ridge|full,12.1,0,OK
2026-03-26,Bouquet Gardens,small,16,12.5,13.3,0.0,38.5,test,Thursday,March,107,True,bayes_ridge|full,11.7,0,OK
2026-03-27,Bouquet Gardens,small,2,10.1,11.9,0.0,33.5,test,Friday,March,107,True,bayes_ridge|full,9.4,0,OK
2026-03-28,Bouquet Gardens,small,2,1.6,4.7,0.0,10.9,test,Saturday,March,107,True,bayes_ridge|full,1.5,0,OK
2026-03-30,Bouquet Gardens,small,14,12.1,13.1,0.0,37.8,test,Monday,March,107,True,bayes_ridge|full,11.3,0,OK
2026-03-31,Bouquet Gardens,small,2,14.3,14.2,0.0,42.2,test,Tuesday,March,107,True,bayes_ridge|full,13.4,0,OK
2026-04-01,Bouquet Gardens,small,29,13.4,13.7,0.0,40.4,test,Wednesday,April,107,True,bayes_ridge|full,12.5,0,OK
2026-04-02,Bouquet Gardens,small,2,12.1,13.1,0.0,37.8,test,Thursday,April,107,True,bayes_ridge|full,11.3,0,OK
2026-04-03,Bouquet Gardens,small,23,8.3,10.8,0.0,29.5,test,Friday,April,107,True,bayes_ridge|full,7.8,0,OK
2026-04-04,Bouquet Gardens,small,0,0.9,3.8,0.0,8.2,test,Saturday,April,107,True,bayes_ridge|full,0.8,0,OK
2026-04-06,Bouquet Gardens,small,5,11.1,12.5,0.0,35.5,test,Monday,April,107,True,bayes_ridge|full,10.4,0,OK
2026-04-07,Bouquet Gardens,small,14,12.5,13.3,0.0,38.5,test,Tuesday,April,107,True,bayes_ridge|full,11.7,0,OK
2026-04-08,Bouquet Gardens,small,35,12.2,13.1,0.0,37.9,test,Wednesday,April,107,True,bayes_ridge|full,11.4,0,OK
2026-04-09,Bouquet Gardens,small,0,13.0,13.5,0.0,39.5,test,Thursday,April,107,True,bayes_ridge|full,12.1,0,OK
2026-04-10,Bouquet Gardens,small,2,9.1,11.3,0.0,31.2,test,Friday,April,107,True,bayes_ridge|full,8.5,0,OK
2026-04-11,Bouquet Gardens,small,1,1.0,3.8,0.0,8.3,test,Saturday,April,107,True,bayes_ridge|full,0.9,0,OK
2026-04-13,Bouquet Gardens,small,14,9.8,11.7,0.0,32.8,test,Monday,April,107,True,bayes_ridge|full,9.2,0,OK
2026-04-14,Bouquet Gardens,small,6,12.0,13.0,0.0,37.5,test,Tuesday,April,107,True,bayes_ridge|full,11.2,0,OK
2026-04-15,Bouquet Gardens,small,13,11.7,12.9,0.0,36.9,test,Wednesday,April,107,True,bayes_ridge|full,10.9,0,OK
2026-04-16,Bouquet Gardens,small,12,10.0,11.8,0.0,33.2,test,Thursday,April,107,True,bayes_ridge|full,9.3,0,OK
2026-04-17,Bouquet Gardens,small,0,6.7,9.7,0.0,25.7,test,Friday,April,107,True,bayes_ridge|full,6.3,0,OK
2026-04-18,Bouquet Gardens,small,0,0.0,3.8,0.0,7.4,test,Saturday,April,107,True,bayes_ridge|full,0.0,0,OK
2026-04-20,Bouquet Gardens,small,6,8.9,11.2,0.0,30.8,test,Monday,April,107,True,bayes_ridge|full,8.3,0,OK
2026-04-21,Bouquet Gardens,small,8,10.3,12.0,0.0,33.9,test,Tuesday,April,107,True,bayes_ridge|full,9.6,0,OK
2026-04-22,Bouquet Gardens,small,8,1.5,4.7,0.0,10.7,test,Wednesday,April,107,True,bayes_ridge|full,1.4,0,OK
2026-04-23,Bouquet Gardens,small,12,0.0,3.8,0.0,7.4,test,Thursday,April,107,True,bayes_ridge|full,0.0,0,OK
2026-04-24,Bouquet Gardens,small,14,0.0,3.8,0.0,7.4,test,Friday,April,107,True,bayes_ridge|full,0.0,0,OK
2026-04-25,Bouquet Gardens,small,0,0.0,3.8,0.0,7.4,test,Saturday,April,107,True,bayes_ridge|full,0.0,0,OK
2026-04-27,Bouquet Gardens,small,0,0.7,3.8,0.0,8.0,test,Monday,April,107,True,bayes_ridge|full,0.7,0,OK
2026-04-28,Bouquet Gardens,small,4,1.9,5.1,0.0,12.0,test,Tuesday,April,107,True,bayes_ridge|full,1.8,0,OK
2026-04-29,Bouquet Gardens,small,3,1.4,4.4,0.0,10.0,test,Wednesday,April,107,True,bayes_ridge|full,1.3,0,OK
2026-04-30,Bouquet Gardens,small,0,0.0,3.8,0.0,7.4,test,Thursday,April,107,True,bayes_ridge|full,0.0,0,OK
2026-05-01,Bouquet Gardens,small,0,0.0,3.8,0.0,7.4,test,Friday,May,107,True,bayes_ridge|full,0.0,0,OK
2026-05-02,Bouquet Gardens,small,0,0.0,3.8,0.0,7.4,test,Saturday,May,107,True,bayes_ridge|full,0.0,0,OK
2026-08-17,Bouquet Gardens,small,0,2.1,5.5,0.0,12.8,test,Monday,August,107,True,bayes_ridge|full,2.0,0,OK
2026-08-18,Bouquet Gardens,small,0,3.3,6.8,0.0,16.7,test,Tuesday,August,107,True,bayes_ridge|full,3.1,0,OK
2026-08-19,Bouquet Gardens,small,15,2.9,6.4,0.0,15.5,test,Wednesday,August,107,True,bayes_ridge|full,2.7,0,OK
2026-08-20,Bouquet Gardens,small,0,2.0,5.4,0.0,12.6,test,Thursday,August,107,True,bayes_ridge|full,1.9,0,OK
2026-08-21,Bouquet Gardens,small,14,0.0,3.8,0.0,7.4,test,Friday,August,107,True,bayes_ridge|full,0.0,0,OK
2026-08-22,Bouquet Gardens,small,0,0.0,3.8,0.0,7.4,test,Saturday,August,107,True,bayes_ridge|full,0.0,0,OK
2026-08-24,Bouquet Gardens,small,7,3.5,7.0,0.0,17.2,test,Monday,August,107,True,bayes_ridge|full,3.3,0,OK
2026-08-25,Bouquet Gardens,small,63,5.1,8.5,0.0,21.8,test,Tuesday,August,107,True,bayes_ridge|full,4.8,0,OK
2026-08-26,Bouquet Gardens,small,21,9.6,11.6,0.0,32.3,test,Wednesday,August,107,True,bayes_ridge|full,9.0,0,OK
2026-08-27,Bouquet Gardens,small,6,9.5,11.5,0.0,32.1,test,Thursday,August,107,True,bayes_ridge|full,8.9,0,OK
2026-08-28,Bouquet Gardens,small,19,7.1,10.0,0.0,26.7,test,Friday,August,107,True,bayes_ridge|full,6.6,0,OK
2026-08-29,Bouquet Gardens,small,4,0.7,3.8,0.0,8.0,test,Saturday,August,107,True,bayes_ridge|full,0.7,0,OK
2026-08-31,Bouquet Gardens,small,11,10.4,12.1,0.0,34.1,test,Monday,August,107,True,bayes_ridge|full,9.7,0,OK
2026-09-01,Bouquet Gardens,small,12,12.5,13.2,0.0,38.4,test,Tuesday,September,107,True,bayes_ridge|full,11.7,0,OK
2026-09-02,Bouquet Gardens,small,18,12.5,13.3,0.0,38.5,test,Wednesday,September,107,True,bayes_ridge|full,11.7,0,OK
2026-09-03,Bouquet Gardens,small,7,7.8,10.5,0.0,28.4,test,Thursday,September,107,True,bayes_ridge|full,7.3,0,OK
2026-09-04,Bouquet Gardens,small,9,5.2,8.5,0.0,21.8,test,Friday,September,107,True,bayes_ridge|full,4.9,0,OK
2026-09-05,Bouquet Gardens,small,0,0.0,3.8,0.0,7.4,test,Saturday,September,107,True,bayes_ridge|full,0.0,0,OK
2026-09-07,Bouquet Gardens,small,0,6.5,9.6,0.0,25.4,test,Monday,September,107,True,bayes_ridge|full,6.1,0,OK
2026-09-08,Bouquet Gardens,small,17,7.4,10.2,0.0,27.3,test,Tuesday,September,107,True,bayes_ridge|full,6.9,0,OK
2026-09-09,Bouquet Gardens,small,9,7.5,10.3,0.0,27.7,test,Wednesday,September,107,True,bayes_ridge|full,7.0,0,OK
2026-09-10,Bouquet Gardens,small,18,5.6,8.9,0.0,23.1,test,Thursday,September,107,True,bayes_ridge|full,5.2,0,OK
2026-09-11,Bouquet Gardens,small,16,5.5,8.8,0.0,22.7,test,Friday,September,107,True,bayes_ridge|full,5.1,0,OK
2026-09-12,Bouquet Gardens,small,1,0.0,3.8,0.0,7.4,test,Saturday,September,107,True,bayes_ridge|full,0.0,0,OK
2026-09-14,Bouquet Gardens,small,1,8.0,10.6,0.0,28.8,test,Monday,September,107,True,bayes_ridge|full,7.5,0,OK
2026-09-15,Bouquet Gardens,small,2,9.2,11.4,0.0,31.4,test,Tuesday,September,107,True,bayes_ridge|full,8.6,0,OK
2026-09-16,Bouquet Gardens,small,2,8.9,11.2,0.0,30.8,test,Wednesday,September,107,True,bayes_ridge|full,8.3,0,OK
2026-09-17,Bouquet Gardens,small,0,6.1,9.3,0.0,24.2,test,Thursday,September,107,True,bayes_ridge|full,5.7,0,OK
2026-09-18,Bouquet Gardens,small,11,3.6,7.2,0.0,17.7,test,Friday,September,107,True,bayes_ridge|full,3.4,0,OK
2024-10-05,Lothrop,small,18,7.3,9.0,0.0,24.9,train,Saturday,October,96,True,tweedie|full,7.6,0,OK
2024-10-07,Lothrop,small,44,29.3,18.0,0.0,64.6,train,Monday,October,96,True,tweedie|full,30.5,0,OK
2024-10-08,Lothrop,small,17,31.1,18.6,0.0,67.5,train,Tuesday,October,96,True,tweedie|full,32.4,0,OK
2024-10-09,Lothrop,small,19,24.0,16.3,0.0,56.0,train,Wednesday,October,96,True,tweedie|full,25.0,0,OK
2024-10-10,Lothrop,small,60,21.3,15.3,0.0,51.4,train,Thursday,October,96,True,tweedie|full,22.2,0,OK
2024-10-11,Lothrop,small,23,25.1,16.7,0.0,57.8,train,Friday,October,96,True,tweedie|full,26.1,0,OK
2024-10-12,Lothrop,small,0,8.3,9.6,0.0,27.2,train,Saturday,October,96,True,tweedie|full,8.6,0,OK
2024-10-14,Lothrop,small,2,30.7,18.4,0.0,66.8,train,Monday,October,96,True,tweedie|full,32.0,0,OK
2024-10-15,Lothrop,small,15,26.5,17.1,0.0,60.1,train,Tuesday,October,96,True,tweedie|full,27.6,0,OK
2024-10-16,Lothrop,small,49,21.0,15.3,0.0,51.0,train,Wednesday,October,96,True,tweedie|full,21.9,0,OK
2024-10-17,Lothrop,small,38,21.1,15.3,0.0,51.0,train,Thursday,October,96,True,tweedie|full,22.0,0,OK
2024-10-18,Lothrop,small,19,23.1,16.0,0.0,54.4,train,Friday,October,96,True,tweedie|full,24.1,0,OK
2024-10-19,Lothrop,small,19,6.9,8.8,0.0,24.1,train,Saturday,October,96,True,tweedie|full,7.2,0,OK
2024-10-21,Lothrop,small,35,27.1,17.3,0.0,61.0,train,Monday,October,96,True,tweedie|full,28.2,0,OK
2024-10-22,Lothrop,small,24,28.0,17.6,0.0,62.6,train,Tuesday,October,96,True,tweedie|full,29.2,0,OK
2024-10-23,Lothrop,small,60,26.0,17.0,0.0,59.3,train,Wednesday,October,96,True,tweedie|full,27.1,0,OK
2024-10-24,Lothrop,small,32,27.5,17.5,0.0,61.7,train,Thursday,October,96,True,tweedie|full,28.6,0,OK
2024-10-25,Lothrop,small,20,27.1,17.3,0.0,61.1,train,Friday,October,96,True,tweedie|full,28.2,0,OK
2024-10-26,Lothrop,small,19,8.8,9.8,0.0,28.0,train,Saturday,October,96,True,tweedie|full,9.2,0,OK
2024-10-28,Lothrop,small,36,33.8,19.3,0.0,71.7,train,Monday,October,96,True,tweedie|full,35.2,0,OK
2024-10-29,Lothrop,small,12,33.0,19.1,0.0,70.4,train,Tuesday,October,96,True,tweedie|full,34.4,0,OK
2024-10-30,Lothrop,small,40,26.6,17.2,0.0,60.3,train,Wednesday,October,96,True,tweedie|full,27.7,0,OK
2024-10-31,Lothrop,small,21,26.0,17.0,0.0,59.2,train,Thursday,October,96,True,tweedie|full,27.1,0,OK
2024-11-01,Lothrop,small,55,23.8,16.2,0.0,55.6,train,Friday,November,96,True,tweedie|full,24.8,0,OK
2024-11-02,Lothrop,small,10,8.7,9.8,0.0,28.0,train,Saturday,November,96,True,tweedie|full,9.1,0,OK
2024-11-04,Lothrop,small,35,33.1,19.1,0.0,70.6,train,Monday,November,96,True,tweedie|full,34.5,0,OK
2024-11-05,Lothrop,small,11,32.3,18.9,0.0,69.4,train,Tuesday,November,96,True,tweedie|full,33.6,0,OK
2024-11-06,Lothrop,small,15,25.6,16.8,0.0,58.7,train,Wednesday,November,96,True,tweedie|full,26.7,0,OK
2024-11-07,Lothrop,small,15,23.2,16.0,0.0,54.6,train,Thursday,November,96,True,tweedie|full,24.2,0,OK
2024-11-08,Lothrop,small,13,21.9,15.6,0.0,52.3,train,Friday,November,96,True,tweedie|full,22.8,0,OK
2024-11-09,Lothrop,small,0,7.1,8.8,0.0,24.4,train,Saturday,November,96,True,tweedie|full,7.4,0,OK
2024-11-11,Lothrop,small,12,23.2,16.0,0.0,54.6,train,Monday,November,96,True,tweedie|full,24.2,0,OK
2024-11-12,Lothrop,small,30,21.4,15.4,0.0,51.5,train,Tuesday,November,96,True,tweedie|full,22.3,0,OK
2024-11-13,Lothrop,small,12,18.2,14.2,0.0,45.9,train,Wednesday,November,96,True,tweedie|full,19.0,0,OK
2024-11-14,Lothrop,small,7,16.2,13.4,0.0,42.5,train,Thursday,November,96,True,tweedie|full,16.9,0,OK
2024-11-15,Lothrop,small,14,16.2,13.4,0.0,42.4,train,Friday,November,96,True,tweedie|full,16.9,0,OK
2024-11-16,Lothrop,small,0,5.5,7.8,0.0,20.7,train,Saturday,November,96,True,tweedie|full,5.7,0,OK
2024-11-18,Lothrop,small,27,20.5,15.1,0.0,50.1,train,Monday,November,96,True,tweedie|full,21.4,0,OK
2024-11-19,Lothrop,small,4,20.1,14.9,0.0,49.3,train,Tuesday,November,96,True,tweedie|full,20.9,0,OK
2024-11-20,Lothrop,small,8,16.8,13.6,0.0,43.5,train,Wednesday,November,96,True,tweedie|full,17.5,0,OK
2024-11-21,Lothrop,small,7,3.4,6.1,0.0,15.4,train,Thursday,November,96,True,tweedie|full,3.5,0,OK
2024-11-22,Lothrop,small,6,3.7,6.4,0.0,16.4,train,Friday,November,96,True,tweedie|full,3.9,0,OK
2024-11-23,Lothrop,small,0,1.4,3.9,0.0,9.1,train,Saturday,November,96,True,tweedie|full,1.5,0,OK
2024-11-25,Lothrop,small,0,6.4,8.4,0.0,23.0,train,Monday,November,96,True,tweedie|full,6.7,0,OK
2024-11-26,Lothrop,small,0,6.4,8.4,0.0,23.0,train,Tuesday,November,96,True,tweedie|full,6.7,0,OK
2024-11-27,Lothrop,small,0,5.6,7.9,0.0,21.1,train,Wednesday,November,96,True,tweedie|full,5.8,0,OK
2024-11-28,Lothrop,small,0,5.5,7.8,0.0,20.9,train,Thursday,November,96,True,tweedie|full,5.7,0,OK
2024-11-29,Lothrop,small,0,6.0,8.1,0.0,22.0,train,Friday,November,96,True,tweedie|full,6.2,0,OK
2024-11-30,Lothrop,small,0,2.2,4.9,0.0,11.8,train,Saturday,November,96,True,tweedie|full,2.3,0,OK
2024-12-02,Lothrop,small,40,10.4,10.7,0.0,31.4,train,Monday,December,96,True,tweedie|full,10.8,0,OK
2024-12-03,Lothrop,small,8,12.1,11.6,0.0,34.9,train,Tuesday,December,96,True,tweedie|full,12.6,0,OK
2024-12-04,Lothrop,small,12,11.9,11.5,0.0,34.4,train,Wednesday,December,96,True,tweedie|full,12.4,0,OK
2024-12-05,Lothrop,small,9,12.2,11.6,0.0,35.0,train,Thursday,December,96,True,tweedie|full,12.7,0,OK
2024-12-06,Lothrop,small,28,12.7,11.9,0.0,36.0,train,Friday,December,96,True,tweedie|full,13.2,0,OK
2024-12-07,Lothrop,small,6,4.8,7.3,0.0,19.0,train,Saturday,December,96,True,tweedie|full,5.0,0,OK
2024-12-09,Lothrop,small,13,19.3,14.6,0.0,47.9,train,Monday,December,96,True,tweedie|full,20.1,0,OK
2024-12-10,Lothrop,small,6,18.5,14.3,0.0,46.6,train,Tuesday,December,96,True,tweedie|full,19.3,0,OK
2024-12-11,Lothrop,small,12,14.4,12.6,0.0,39.2,train,Wednesday,December,96,True,tweedie|full,15.0,0,OK
2024-12-12,Lothrop,small,3,13.3,12.1,0.0,37.1,train,Thursday,December,96,True,tweedie|full,13.9,0,OK
2024-12-13,Lothrop,small,8,13.3,12.1,0.0,37.1,train,Friday,December,96,True,tweedie|full,13.9,0,OK
2024-12-14,Lothrop,small,3,4.5,7.1,0.0,18.4,train,Saturday,December,96,True,tweedie|full,4.7,0,OK
2024-12-16,Lothrop,small,12,16.7,13.6,0.0,43.3,train,Monday,December,96,True,tweedie|full,17.4,0,OK
2024-12-17,Lothrop,small,1,15.7,13.2,0.0,41.5,train,Tuesday,December,96,True,tweedie|full,16.4,0,OK
2025-01-03,Lothrop,small,0,12.1,11.6,0.0,34.7,train,Friday,January,96,True,tweedie|full,12.6,0,OK
2025-01-04,Lothrop,small,0,3.9,6.6,0.0,16.9,train,Saturday,January,96,True,tweedie|full,4.1,0,OK
2025-01-06,Lothrop,small,54,15.1,12.9,0.0,40.4,train,Monday,January,96,True,tweedie|full,15.7,0,OK
2025-01-07,Lothrop,small,13,16.6,13.6,0.0,43.2,train,Tuesday,January,96,True,tweedie|full,17.3,0,OK
2025-01-08,Lothrop,small,16,14.7,12.7,0.0,39.6,train,Wednesday,January,96,True,tweedie|full,15.3,0,OK
2025-01-09,Lothrop,small,18,13.7,12.3,0.0,37.9,train,Thursday,January,96,True,tweedie|full,14.3,0,OK
2025-01-10,Lothrop,small,33,14.4,12.6,0.0,39.2,train,Friday,January,96,True,tweedie|full,15.0,0,OK
2025-01-11,Lothrop,small,11,5.5,7.8,0.0,20.9,train,Saturday,January,96,True,tweedie|full,5.7,0,OK
2025-01-13,Lothrop,small,45,22.8,15.9,0.0,54.0,train,Monday,January,96,True,tweedie|full,23.8,0,OK
2025-01-14,Lothrop,small,42,24.7,16.5,0.0,57.2,train,Tuesday,January,96,True,tweedie|full,25.7,0,OK
2025-01-15,Lothrop,small,4,21.2,15.3,0.0,51.3,train,Wednesday,January,96,True,tweedie|full,22.1,0,OK
2025-01-16,Lothrop,small,36,18.7,14.4,0.0,46.9,train,Thursday,January,96,True,tweedie|full,19.5,0,OK
2025-01-17,Lothrop,small,21,20.8,15.2,0.0,50.6,train,Friday,January,96,True,tweedie|full,21.7,0,OK
2025-01-18,Lothrop,small,18,7.2,9.0,0.0,24.8,train,Saturday,January,96,True,tweedie|full,7.5,0,OK
2025-01-20,Lothrop,small,0,27.9,17.6,0.0,62.3,train,Monday,January,96,True,tweedie|full,29.1,0,OK
2025-01-21,Lothrop,small,9,24.6,16.5,0.0,56.9,train,Tuesday,January,96,True,tweedie|full,25.6,0,OK
2025-01-22,Lothrop,small,21,19.1,14.5,0.0,47.6,train,Wednesday,January,96,True,tweedie|full,19.9,0,OK
2025-01-23,Lothrop,small,36,16.0,13.3,0.0,42.0,train,Thursday,January,96,True,tweedie|full,16.7,0,OK
2025-01-24,Lothrop,small,18,18.3,14.3,0.0,46.3,train,Friday,January,96,True,tweedie|full,19.1,0,OK
2025-01-25,Lothrop,small,12,5.9,8.1,0.0,21.8,train,Saturday,January,96,True,tweedie|full,6.1,0,OK
2025-01-27,Lothrop,small,21,22.9,15.9,0.0,54.0,train,Monday,January,96,True,tweedie|full,23.9,0,OK
2025-01-28,Lothrop,small,17,21.1,15.3,0.0,51.1,train,Tuesday,January,96,True,tweedie|full,22.0,0,OK
2025-01-29,Lothrop,small,36,19.3,14.6,0.0,48.0,train,Wednesday,January,96,True,tweedie|full,20.1,0,OK
2025-01-30,Lothrop,small,17,19.0,14.5,0.0,47.4,train,Thursday,January,96,True,tweedie|full,19.8,0,OK
2025-01-31,Lothrop,small,11,19.0,14.5,0.0,47.4,train,Friday,January,96,True,tweedie|full,19.8,0,OK
2025-02-01,Lothrop,small,17,6.0,8.2,0.0,22.0,train,Saturday,February,96,True,tweedie|full,6.2,0,OK
2025-02-03,Lothrop,small,10,23.7,16.2,0.0,55.5,train,Monday,February,96,True,tweedie|full,24.7,0,OK
2025-02-04,Lothrop,small,31,21.6,15.4,0.0,51.8,train,Tuesday,February,96,True,tweedie|full,22.5,0,OK
2025-02-05,Lothrop,small,7,19.4,14.7,0.0,48.2,train,Wednesday,February,96,True,tweedie|full,20.2,0,OK
2025-02-06,Lothrop,small,40,17.2,13.8,0.0,44.2,train,Thursday,February,96,True,tweedie|full,17.9,0,OK
2025-02-07,Lothrop,small,2,18.2,14.2,0.0,46.1,train,Friday,February,96,True,tweedie|full,19.0,0,OK
2025-02-08,Lothrop,small,9,5.8,8.0,0.0,21.6,train,Saturday,February,96,True,tweedie|full,6.0,0,OK
2025-02-10,Lothrop,small,41,22.7,15.8,0.0,53.7,train,Monday,February,96,True,tweedie|full,23.6,0,OK
2025-02-11,Lothrop,small,18,22.8,15.9,0.0,53.9,train,Tuesday,February,96,True,tweedie|full,23.8,0,OK
2025-02-12,Lothrop,small,18,20.3,15.0,0.0,49.6,train,Wednesday,February,96,True,tweedie|full,21.1,0,OK
2025-02-13,Lothrop,small,36,17.5,13.9,0.0,44.9,train,Thursday,February,96,True,tweedie|full,18.2,0,OK
2025-02-14,Lothrop,small,33,19.9,14.8,0.0,49.0,train,Friday,February,96,True,tweedie|full,20.7,0,OK
2025-02-15,Lothrop,small,0,6.6,8.6,0.0,23.4,train,Saturday,February,96,True,tweedie|full,6.9,0,OK
2025-02-17,Lothrop,small,18,25.7,16.9,0.0,58.8,train,Monday,February,96,True,tweedie|full,26.8,0,OK
2025-02-18,Lothrop,small,41,24.5,16.5,0.0,56.7,train,Tuesday,February,96,True,tweedie|full,25.5,0,OK
2025-02-19,Lothrop,small,7,21.4,15.4,0.0,51.6,train,Wednesday,February,96,True,tweedie|full,22.3,0,OK
2025-02-20,Lothrop,small,18,18.7,14.4,0.0,46.9,train,Thursday,February,96,True,tweedie|full,19.5,0,OK
2025-02-21,Lothrop,small,12,19.0,14.5,0.0,47.4,train,Friday,February,96,True,tweedie|full,19.8,0,OK
2025-02-22,Lothrop,small,11,6.1,8.2,0.0,22.1,train,Saturday,February,96,True,tweedie|full,6.4,0,OK
2025-02-24,Lothrop,small,20,22.2,15.7,0.0,52.9,train,Monday,February,96,True,tweedie|full,23.1,0,OK
2025-02-25,Lothrop,small,9,21.9,15.6,0.0,52.4,train,Tuesday,February,96,True,tweedie|full,22.8,0,OK
2025-02-26,Lothrop,small,14,18.3,14.2,0.0,46.2,train,Wednesday,February,96,True,tweedie|full,19.1,0,OK
2025-02-27,Lothrop,small,14,15.0,12.9,0.0,40.3,train,Thursday,February,96,True,tweedie|full,15.6,0,OK
2025-02-28,Lothrop,small,13,15.7,13.2,0.0,41.5,train,Friday,February,96,True,tweedie|full,16.4,0,OK
2025-03-01,Lothrop,small,0,5.2,7.6,0.0,20.2,train,Saturday,March,96,True,tweedie|full,5.4,0,OK
2025-03-03,Lothrop,small,0,19.6,14.7,0.0,48.5,train,Monday,March,96,True,tweedie|full,20.4,0,OK
2025-03-04,Lothrop,small,0,17.0,13.7,0.0,43.9,train,Tuesday,March,96,True,tweedie|full,17.7,0,OK
2025-03-05,Lothrop,small,0,11.0,11.0,0.0,32.7,train,Wednesday,March,96,True,tweedie|full,11.5,0,OK
2025-03-06,Lothrop,small,27,9.6,10.3,0.0,29.8,train,Thursday,March,96,True,tweedie|full,10.0,0,OK
2025-03-07,Lothrop,small,0,10.2,10.6,0.0,30.9,train,Friday,March,96,True,tweedie|full,10.6,0,OK
2025-03-08,Lothrop,small,0,3.3,6.0,0.0,15.1,train,Saturday,March,96,True,tweedie|full,3.4,0,OK
2025-03-10,Lothrop,small,32,12.4,11.7,0.0,35.4,train,Monday,March,96,True,tweedie|full,12.9,0,OK
2025-03-11,Lothrop,small,6,12.8,11.9,0.0,36.1,train,Tuesday,March,96,True,tweedie|full,13.3,0,OK
2025-03-12,Lothrop,small,1,11.1,11.1,0.0,32.9,train,Wednesday,March,96,True,tweedie|full,11.6,0,OK
2025-03-13,Lothrop,small,19,10.0,10.5,0.0,30.6,train,Thursday,March,96,True,tweedie|full,10.4,0,OK
2025-03-14,Lothrop,small,11,10.9,11.0,0.0,32.5,train,Friday,March,96,True,tweedie|full,11.4,0,OK
2025-03-15,Lothrop,small,0,3.5,6.2,0.0,15.8,train,Saturday,March,96,True,tweedie|full,3.6,0,OK
2025-03-17,Lothrop,small,38,17.4,13.9,0.0,44.5,train,Monday,March,96,True,tweedie|full,18.1,0,OK
2025-03-18,Lothrop,small,10,18.2,14.2,0.0,46.1,train,Tuesday,March,96,True,tweedie|full,19.0,0,OK
2025-03-19,Lothrop,small,3,14.7,12.8,0.0,39.8,train,Wednesday,March,96,True,tweedie|full,15.3,0,OK
2025-03-20,Lothrop,small,8,13.2,12.1,0.0,36.8,train,Thursday,March,96,True,tweedie|full,13.7,0,OK
2025-03-21,Lothrop,small,30,13.8,12.4,0.0,38.1,train,Friday,March,96,True,tweedie|full,14.4,0,OK
2025-03-22,Lothrop,small,11,5.0,7.4,0.0,19.5,train,Saturday,March,96,True,tweedie|full,5.2,0,OK
2025-03-24,Lothrop,small,21,19.5,14.7,0.0,48.3,train,Monday,March,96,True,tweedie|full,20.3,0,OK
2025-03-25,Lothrop,small,10,19.4,14.6,0.0,48.1,train,Tuesday,March,96,True,tweedie|full,20.2,0,OK
2025-03-26,Lothrop,small,14,15.4,13.1,0.0,41.0,train,Wednesday,March,96,True,tweedie|full,16.0,0,OK
2025-03-27,Lothrop,small,9,14.0,12.5,0.0,38.4,train,Thursday,March,96,True,tweedie|full,14.6,0,OK
2025-03-28,Lothrop,small,3,14.6,12.7,0.0,39.6,train,Friday,March,96,True,tweedie|full,15.2,0,OK
2025-03-29,Lothrop,small,8,4.9,7.4,0.0,19.3,train,Saturday,March,96,True,tweedie|full,5.1,0,OK
2025-03-31,Lothrop,small,2,18.1,14.2,0.0,45.9,train,Monday,March,96,True,tweedie|full,18.9,0,OK
2025-04-01,Lothrop,small,21,16.1,13.3,0.0,42.2,train,Tuesday,April,96,True,tweedie|full,16.8,0,OK
2025-04-02,Lothrop,small,22,14.1,12.5,0.0,38.5,train,Wednesday,April,96,True,tweedie|full,14.7,0,OK
2025-04-03,Lothrop,small,8,13.1,12.1,0.0,36.8,train,Thursday,April,96,True,tweedie|full,13.6,0,OK
2025-04-04,Lothrop,small,7,13.2,12.1,0.0,36.9,train,Friday,April,96,True,tweedie|full,13.7,0,OK
2025-04-05,Lothrop,small,9,4.5,7.1,0.0,18.3,train,Saturday,April,96,True,tweedie|full,4.7,0,OK
2025-04-07,Lothrop,small,23,18.2,14.2,0.0,46.1,train,Monday,April,96,True,tweedie|full,19.0,0,OK
2025-04-08,Lothrop,small,10,17.6,13.9,0.0,44.9,train,Tuesday,April,96,True,tweedie|full,18.3,0,OK
2025-04-09,Lothrop,small,2,15.5,13.1,0.0,41.2,train,Wednesday,April,96,True,tweedie|full,16.1,0,OK
2025-04-10,Lothrop,small,23,13.1,12.0,0.0,36.7,train,Thursday,April,96,True,tweedie|full,13.6,0,OK
2025-04-11,Lothrop,small,4,13.6,12.3,0.0,37.7,train,Friday,April,96,True,tweedie|full,14.2,0,OK
2025-04-12,Lothrop,small,9,4.5,7.1,0.0,18.4,train,Saturday,April,96,True,tweedie|full,4.7,0,OK
2025-04-14,Lothrop,small,2,18.2,14.2,0.0,46.0,train,Monday,April,96,True,tweedie|full,19.0,0,OK
2025-04-15,Lothrop,small,21,16.3,13.5,0.0,42.7,train,Tuesday,April,96,True,tweedie|full,17.0,0,OK
2025-04-16,Lothrop,small,11,14.1,12.5,0.0,38.7,train,Wednesday,April,96,True,tweedie|full,14.7,0,OK
2025-04-17,Lothrop,small,26,12.9,12.0,0.0,36.3,train,Thursday,April,96,True,tweedie|full,13.4,0,OK
2025-04-18,Lothrop,small,17,14.3,12.6,0.0,39.0,train,Friday,April,96,True,tweedie|full,14.9,0,OK
2025-04-19,Lothrop,small,7,4.8,7.3,0.0,19.0,train,Saturday,April,96,True,tweedie|full,5.0,0,OK
2025-04-21,Lothrop,small,26,19.1,14.5,0.0,47.6,train,Monday,April,96,True,tweedie|full,19.9,0,OK
2025-04-22,Lothrop,small,11,6.4,8.4,0.0,22.9,train,Tuesday,April,96,True,tweedie|full,6.7,0,OK
2025-04-23,Lothrop,small,7,5.7,7.9,0.0,21.3,train,Wednesday,April,96,True,tweedie|full,5.9,0,OK
2025-04-24,Lothrop,small,6,4.9,7.4,0.0,19.3,train,Thursday,April,96,True,tweedie|full,5.1,0,OK
2025-04-25,Lothrop,small,4,4.9,7.4,0.0,19.3,train,Friday,April,96,True,tweedie|full,5.1,0,OK
2025-04-26,Lothrop,small,2,1.6,4.2,0.0,9.7,train,Saturday,April,96,True,tweedie|full,1.7,0,OK
2025-04-28,Lothrop,small,2,5.9,8.1,0.0,21.6,train,Monday,April,96,True,tweedie|full,6.1,0,OK
2025-04-29,Lothrop,small,3,5.3,7.6,0.0,20.3,train,Tuesday,April,96,True,tweedie|full,5.5,0,OK
2025-04-30,Lothrop,small,1,4.2,6.8,0.0,17.7,train,Wednesday,April,96,True,tweedie|full,4.4,0,OK
2025-05-01,Lothrop,small,0,3.7,6.4,0.0,16.3,train,Thursday,May,96,True,tweedie|full,3.9,0,OK
2025-05-02,Lothrop,small,0,3.7,6.4,0.0,16.2,train,Friday,May,96,True,tweedie|full,3.9,0,OK
2025-08-18,Lothrop,small,0,13.7,12.3,0.0,37.8,train,Monday,August,96,True,tweedie|full,14.3,0,OK
2025-08-19,Lothrop,small,0,12.2,11.6,0.0,35.0,train,Tuesday,August,96,True,tweedie|full,12.7,0,OK
2025-08-20,Lothrop,small,4,10.3,10.7,0.0,31.3,train,Wednesday,August,96,True,tweedie|full,10.7,0,OK
2025-08-21,Lothrop,small,0,9.4,10.2,0.0,29.4,train,Thursday,August,96,True,tweedie|full,9.8,0,OK
2025-08-22,Lothrop,small,30,9.4,10.2,0.0,29.4,train,Friday,August,96,True,tweedie|full,9.8,0,OK
2025-08-23,Lothrop,small,0,3.6,6.3,0.0,15.8,train,Saturday,August,96,True,tweedie|full,3.8,0,OK
2025-08-25,Lothrop,small,26,14.0,12.5,0.0,38.4,train,Monday,August,96,True,tweedie|full,14.6,0,OK
2025-08-26,Lothrop,small,33,14.1,12.5,0.0,38.7,train,Tuesday,August,96,True,tweedie|full,14.7,0,OK
2025-08-27,Lothrop,small,46,13.8,12.4,0.0,38.0,train,Wednesday,August,96,True,tweedie|full,14.4,0,OK
2025-08-28,Lothrop,small,0,14.8,12.8,0.0,39.9,train,Thursday,August,96,True,tweedie|full,15.4,0,OK
2025-08-29,Lothrop,small,19,14.9,12.9,0.0,40.1,train,Friday,August,96,True,tweedie|full,15.5,0,OK
2025-08-30,Lothrop,small,0,5.5,7.8,0.0,20.7,train,Saturday,August,96,True,tweedie|full,5.7,0,OK
2025-09-01,Lothrop,small,12,19.8,14.8,0.0,48.8,train,Monday,September,96,True,tweedie|full,20.6,0,OK
2025-09-02,Lothrop,small,33,19.0,14.5,0.0,47.4,train,Tuesday,September,96,True,tweedie|full,19.8,0,OK
2025-09-03,Lothrop,small,23,17.1,13.8,0.0,44.1,train,Wednesday,September,96,True,tweedie|full,17.8,0,OK
2025-09-04,Lothrop,small,0,15.2,13.0,0.0,40.6,train,Thursday,September,96,True,tweedie|full,15.8,0,OK
2025-09-05,Lothrop,small,14,13.5,12.2,0.0,37.4,train,Friday,September,96,True,tweedie|full,14.1,0,OK
2025-09-06,Lothrop,small,1,4.8,7.3,0.0,19.2,train,Saturday,September,96,True,tweedie|full,5.0,0,OK
2025-09-08,Lothrop,small,7,18.1,14.2,0.0,45.9,train,Monday,September,96,True,tweedie|full,18.9,0,OK
2025-09-09,Lothrop,small,7,16.8,13.6,0.0,43.5,train,Tuesday,September,96,True,tweedie|full,17.5,0,OK
2025-09-10,Lothrop,small,26,14.3,12.6,0.0,39.0,train,Wednesday,September,96,True,tweedie|full,14.9,0,OK
2025-09-11,Lothrop,small,4,13.0,12.0,0.0,36.5,train,Thursday,September,96,True,tweedie|full,13.5,0,OK
2025-09-12,Lothrop,small,47,12.3,11.7,0.0,35.2,train,Friday,September,96,True,tweedie|full,12.8,0,OK
2025-09-13,Lothrop,small,0,4.9,7.4,0.0,19.4,train,Saturday,September,96,True,tweedie|full,5.1,0,OK
2025-09-15,Lothrop,small,13,18.7,14.4,0.0,46.9,train,Monday,September,96,True,tweedie|full,19.5,0,OK
2025-09-16,Lothrop,small,24,17.8,14.0,0.0,45.3,train,Tuesday,September,96,True,tweedie|full,18.5,0,OK
2025-09-17,Lothrop,small,4,16.5,13.5,0.0,42.9,train,Wednesday,September,96,True,tweedie|full,17.2,0,OK
2025-09-18,Lothrop,small,9,14.7,12.8,0.0,39.8,train,Thursday,September,96,True,tweedie|full,15.3,0,OK
2025-09-19,Lothrop,small,4,14.2,12.5,0.0,38.7,train,Friday,September,96,True,tweedie|full,14.8,0,OK
2025-09-20,Lothrop,small,0,4.8,7.3,0.0,19.1,train,Saturday,September,96,True,tweedie|full,5.0,0,OK
2025-09-22,Lothrop,small,18,16.5,13.5,0.0,43.0,train,Monday,September,96,True,tweedie|full,17.2,0,OK
2025-09-23,Lothrop,small,21,16.1,13.3,0.0,42.3,train,Tuesday,September,96,True,tweedie|full,16.8,0,OK
2025-09-24,Lothrop,small,11,14.5,12.7,0.0,39.3,train,Wednesday,September,96,True,tweedie|full,15.1,0,OK
2025-09-25,Lothrop,small,0,12.6,11.8,0.0,35.7,train,Thursday,September,96,True,tweedie|full,13.1,0,OK
2025-09-26,Lothrop,small,6,12.7,11.8,0.0,35.9,train,Friday,September,96,True,tweedie|full,13.2,0,OK
2025-09-27,Lothrop,small,0,4.2,6.8,0.0,17.6,train,Saturday,September,96,True,tweedie|full,4.4,0,OK
2025-09-29,Lothrop,small,29,16.4,13.5,0.0,42.8,train,Monday,September,96,True,tweedie|full,17.1,0,OK
2025-09-30,Lothrop,small,34,16.3,13.4,0.0,42.6,train,Tuesday,September,96,True,tweedie|full,17.0,0,OK
2025-10-01,Lothrop,small,11,15.1,12.9,0.0,40.5,train,Wednesday,October,96,True,tweedie|full,15.7,0,OK
2025-10-02,Lothrop,small,10,13.3,12.1,0.0,37.0,train,Thursday,October,96,True,tweedie|full,13.9,0,OK
2025-10-03,Lothrop,small,19,13.4,12.2,0.0,37.4,train,Friday,October,96,True,tweedie|full,14.0,0,OK
2025-10-04,Lothrop,small,1,4.9,7.4,0.0,19.4,train,Saturday,October,96,True,tweedie|full,5.1,0,OK
2025-10-06,Lothrop,small,13,19.0,14.5,0.0,47.5,train,Monday,October,96,True,tweedie|full,19.8,0,OK
2025-10-07,Lothrop,small,22,18.2,14.2,0.0,46.1,train,Tuesday,October,96,True,tweedie|full,19.0,0,OK
2025-10-08,Lothrop,small,22,15.7,13.2,0.0,41.5,train,Wednesday,October,96,True,tweedie|full,16.4,0,OK
2025-10-09,Lothrop,small,4,13.7,12.3,0.0,37.9,train,Thursday,October,96,True,tweedie|full,14.3,0,OK
2025-10-10,Lothrop,small,12,13.6,12.3,0.0,37.7,train,Friday,October,96,True,tweedie|full,14.2,0,OK
2025-10-11,Lothrop,small,0,4.7,7.2,0.0,18.8,train,Saturday,October,96,True,tweedie|full,4.9,0,OK
2025-10-13,Lothrop,small,19,17.6,14.0,0.0,44.9,train,Monday,October,96,True,tweedie|full,18.3,0,OK
2025-10-14,Lothrop,small,6,17.2,13.8,0.0,44.2,train,Tuesday,October,96,True,tweedie|full,17.9,0,OK
2025-10-15,Lothrop,small,4,14.6,12.7,0.0,39.5,train,Wednesday,October,96,True,tweedie|full,15.2,0,OK
2025-10-16,Lothrop,small,30,12.2,11.6,0.0,35.0,train,Thursday,October,96,True,tweedie|full,12.7,0,OK
2025-10-17,Lothrop,small,15,12.9,11.9,0.0,36.3,train,Friday,October,96,True,tweedie|full,13.4,0,OK
2025-10-18,Lothrop,small,0,4.6,7.1,0.0,18.5,train,Saturday,October,96,True,tweedie|full,4.8,0,OK
2025-10-20,Lothrop,small,24,17.3,13.8,0.0,44.4,train,Monday,October,96,True,tweedie|full,18.0,0,OK
2025-10-21,Lothrop,small,44,17.2,13.8,0.0,44.2,train,Tuesday,October,96,True,tweedie|full,17.9,0,OK
2025-10-22,Lothrop,small,8,16.5,13.5,0.0,43.0,train,Wednesday,October,96,True,tweedie|full,17.2,0,OK
2025-10-23,Lothrop,small,6,15.0,12.9,0.0,40.3,train,Thursday,October,96,True,tweedie|full,15.6,0,OK
2025-10-24,Lothrop,small,17,15.4,13.0,0.0,40.9,train,Friday,October,96,True,tweedie|full,16.0,0,OK
2025-10-25,Lothrop,small,1,5.0,7.5,0.0,19.6,train,Saturday,October,96,True,tweedie|full,5.2,0,OK
2025-10-27,Lothrop,small,57,19.0,14.5,0.0,47.5,train,Monday,October,96,True,tweedie|full,19.8,0,OK
2025-10-28,Lothrop,small,5,21.5,15.4,0.0,51.8,train,Tuesday,October,96,True,tweedie|full,22.4,0,OK
2025-10-29,Lothrop,small,59,17.6,14.0,0.0,45.0,train,Wednesday,October,96,True,tweedie|full,18.3,0,OK
2025-10-30,Lothrop,small,10,17.3,13.8,0.0,44.3,train,Thursday,October,96,True,tweedie|full,18.0,0,OK
2025-10-31,Lothrop,small,38,17.8,14.1,0.0,45.4,train,Friday,October,96,True,tweedie|full,18.5,0,OK
2025-11-01,Lothrop,small,2,6.9,8.7,0.0,23.9,train,Saturday,November,96,True,tweedie|full,7.2,0,OK
2025-11-03,Lothrop,small,17,25.5,16.8,0.0,58.4,train,Monday,November,96,True,tweedie|full,26.6,0,OK
2025-11-04,Lothrop,small,29,24.6,16.5,0.0,57.0,train,Tuesday,November,96,True,tweedie|full,25.6,0,OK
2025-11-05,Lothrop,small,5,19.9,14.8,0.0,49.0,train,Wednesday,November,96,True,tweedie|full,20.7,0,OK
2025-11-06,Lothrop,small,2,17.8,14.0,0.0,45.3,train,Thursday,November,96,True,tweedie|full,18.5,0,OK
2025-11-07,Lothrop,small,5,15.0,12.9,0.0,40.2,train,Friday,November,96,True,tweedie|full,15.6,0,OK
2025-11-08,Lothrop,small,2,5.0,7.5,0.0,19.6,train,Saturday,November,96,True,tweedie|full,5.2,0,OK
2025-11-10,Lothrop,small,20,17.8,14.0,0.0,45.2,train,Monday,November,96,True,tweedie|full,18.5,0,OK
2025-11-11,Lothrop,small,18,17.3,13.8,0.0,44.4,train,Tuesday,November,96,True,tweedie|full,18.0,0,OK
2025-11-12,Lothrop,small,0,15.1,12.9,0.0,40.5,train,Wednesday,November,96,True,tweedie|full,15.7,0,OK
2025-11-13,Lothrop,small,8,12.1,11.6,0.0,34.9,train,Thursday,November,96,True,tweedie|full,12.6,0,OK
2025-11-14,Lothrop,small,23,12.6,11.8,0.0,35.7,train,Friday,November,96,True,tweedie|full,13.1,0,OK
2025-11-15,Lothrop,small,0,4.5,7.1,0.0,18.3,train,Saturday,November,96,True,tweedie|full,4.7,0,OK
2025-11-17,Lothrop,small,13,17.5,13.9,0.0,44.7,train,Monday,November,96,True,tweedie|full,18.2,0,OK
2025-11-18,Lothrop,small,16,16.4,13.5,0.0,42.9,train,Tuesday,November,96,True,tweedie|full,17.1,0,OK
2025-11-19,Lothrop,small,8,14.1,12.5,0.0,38.5,train,Wednesday,November,96,True,tweedie|full,14.7,0,OK
2025-11-20,Lothrop,small,7,3.0,5.7,0.0,14.2,train,Thursday,November,96,True,tweedie|full,3.1,0,OK
2025-11-21,Lothrop,small,0,3.4,6.1,0.0,15.4,train,Friday,November,96,True,tweedie|full,3.5,0,OK
2025-11-22,Lothrop,small,5,1.2,3.7,0.0,8.5,train,Saturday,November,96,True,tweedie|full,1.2,0,OK
2025-11-24,Lothrop,small,0,5.7,8.0,0.0,21.3,train,Monday,November,96,True,tweedie|full,5.9,0,OK
2025-11-25,Lothrop,small,0,5.8,8.0,0.0,21.5,train,Tuesday,November,96,True,tweedie|full,6.0,0,OK
2025-11-26,Lothrop,small,0,5.3,7.7,0.0,20.4,train,Wednesday,November,96,True,tweedie|full,5.5,0,OK
2025-11-27,Lothrop,small,0,5.0,7.4,0.0,19.6,train,Thursday,November,96,True,tweedie|full,5.2,0,OK
2025-11-28,Lothrop,small,0,5.5,7.8,0.0,20.8,train,Friday,November,96,True,tweedie|full,5.7,0,OK
2025-11-29,Lothrop,small,0,2.0,4.7,0.0,11.2,train,Saturday,November,96,True,tweedie|full,2.1,0,OK
2025-12-01,Lothrop,small,25,9.7,10.4,0.0,30.1,train,Monday,December,96,True,tweedie|full,10.1,0,OK
2025-12-02,Lothrop,small,17,10.5,10.8,0.0,31.6,train,Tuesday,December,96,True,tweedie|full,10.9,0,OK
2025-12-03,Lothrop,small,11,10.7,10.9,0.0,32.0,train,Wednesday,December,96,True,tweedie|full,11.1,0,OK
2025-12-04,Lothrop,small,6,11.0,11.0,0.0,32.6,train,Thursday,December,96,True,tweedie|full,11.5,0,OK
2025-12-05,Lothrop,small,10,11.3,11.2,0.0,33.2,train,Friday,December,96,True,tweedie|full,11.8,0,OK
2025-12-06,Lothrop,small,0,4.0,6.6,0.0,17.0,train,Saturday,December,96,True,tweedie|full,4.2,0,OK
2025-12-08,Lothrop,small,2,15.6,13.1,0.0,41.4,train,Monday,December,96,True,tweedie|full,16.2,0,OK
2025-12-09,Lothrop,small,13,14.5,12.6,0.0,39.2,train,Tuesday,December,96,True,tweedie|full,15.1,0,OK
2025-12-10,Lothrop,small,0,12.1,11.6,0.0,34.8,train,Wednesday,December,96,True,tweedie|full,12.6,0,OK
2025-12-11,Lothrop,small,19,10.4,10.7,0.0,31.4,train,Thursday,December,96,True,tweedie|full,10.8,0,OK
2025-12-12,Lothrop,small,0,11.1,11.1,0.0,32.7,train,Friday,December,96,True,tweedie|full,11.6,0,OK
2025-12-13,Lothrop,small,2,3.7,6.4,0.0,16.2,train,Saturday,December,96,True,tweedie|full,3.9,0,OK
2025-12-15,Lothrop,small,0,14.3,12.6,0.0,38.9,train,Monday,December,96,True,tweedie|full,14.9,0,OK
2025-12-16,Lothrop,small,0,13.1,12.1,0.0,36.8,train,Tuesday,December,96,True,tweedie|full,13.6,0,OK
2025-12-17,Lothrop,small,0,11.3,11.2,0.0,33.1,train,Wednesday,December,96,True,tweedie|full,11.8,0,OK
2026-01-03,Lothrop,small,0,3.4,6.1,0.0,15.3,train,Saturday,January,96,True,tweedie|full,3.5,0,OK
2026-01-05,Lothrop,small,0,13.2,12.1,0.0,36.9,train,Monday,January,96,True,tweedie|full,13.7,0,OK
2026-01-06,Lothrop,small,0,11.4,11.2,0.0,33.3,train,Tuesday,January,96,True,tweedie|full,11.9,0,OK
2026-01-07,Lothrop,small,0,9.7,10.4,0.0,30.1,train,Wednesday,January,96,True,tweedie|full,10.1,0,OK
2026-01-08,Lothrop,small,0,8.7,9.8,0.0,28.0,train,Thursday,January,96,True,tweedie|full,9.1,0,OK
2026-01-09,Lothrop,small,0,8.9,9.9,0.0,28.4,train,Friday,January,96,True,tweedie|full,9.3,0,OK
2026-01-10,Lothrop,small,0,3.0,5.8,0.0,14.4,train,Saturday,January,96,True,tweedie|full,3.1,0,OK
2026-01-12,Lothrop,small,100,12.0,11.5,0.0,34.5,train,Monday,January,96,True,tweedie|full,12.5,4,OK
2026-01-13,Lothrop,small,34,16.1,13.3,0.0,42.2,train,Tuesday,January,96,True,tweedie|full,16.8,0,OK
2026-01-14,Lothrop,small,13,15.6,13.2,0.0,41.4,train,Wednesday,January,96,True,tweedie|full,16.2,0,OK
2026-01-15,Lothrop,small,13,14.9,12.8,0.0,40.0,train,Thursday,January,96,True,tweedie|full,15.5,0,OK
2026-01-16,Lothrop,small,17,16.0,13.3,0.0,42.1,train,Friday,January,96,True,tweedie|full,16.7,0,OK
2026-01-17,Lothrop,small,5,5.8,8.0,0.0,21.6,train,Saturday,January,96,True,tweedie|full,6.0,0,OK
2026-01-19,Lothrop,small,4,23.6,16.2,0.0,55.2,train,Monday,January,96,True,tweedie|full,24.6,0,OK
2026-01-20,Lothrop,small,23,21.9,15.6,0.0,52.4,train,Tuesday,January,96,True,tweedie|full,22.8,0,OK
2026-01-21,Lothrop,small,28,15.2,13.0,0.0,40.5,train,Wednesday,January,96,True,tweedie|full,15.8,0,OK
2026-01-22,Lothrop,small,26,13.7,12.3,0.0,37.9,train,Thursday,January,96,True,tweedie|full,14.3,0,OK
2026-01-23,Lothrop,small,20,14.9,12.8,0.0,40.1,train,Friday,January,96,True,tweedie|full,15.5,0,OK
2026-01-24,Lothrop,small,5,5.3,7.6,0.0,20.2,train,Saturday,January,96,True,tweedie|full,5.5,0,OK
2026-01-26,Lothrop,small,3,20.2,15.0,0.0,49.6,train,Monday,January,96,True,tweedie|full,21.0,0,OK
2026-01-27,Lothrop,small,8,18.5,14.3,0.0,46.6,train,Tuesday,January,96,True,tweedie|full,19.3,0,OK
2026-01-28,Lothrop,small,34,16.2,13.4,0.0,42.5,train,Wednesday,January,96,True,tweedie|full,16.9,0,OK
2026-01-29,Lothrop,small,17,14.8,12.8,0.0,39.9,train,Thursday,January,96,True,tweedie|full,15.4,0,OK
2026-01-30,Lothrop,small,5,14.5,12.7,0.0,39.3,train,Friday,January,96,True,tweedie|full,15.1,0,OK
2026-01-31,Lothrop,small,6,4.6,7.2,0.0,18.6,train,Saturday,January,96,True,tweedie|full,4.8,0,OK
2026-02-02,Lothrop,small,5,17.6,13.9,0.0,44.9,train,Monday,February,96,True,tweedie|full,18.3,0,OK
2026-02-03,Lothrop,small,35,16.1,13.3,0.0,42.2,train,Tuesday,February,96,True,tweedie|full,16.8,0,OK
2026-02-04,Lothrop,small,36,15.7,13.2,0.0,41.5,train,Wednesday,February,96,True,tweedie|full,16.4,0,OK
2026-02-05,Lothrop,small,2,15.8,13.2,0.0,41.8,train,Thursday,February,96,True,tweedie|full,16.5,0,OK
2026-02-06,Lothrop,small,22,14.5,12.7,0.0,39.4,train,Friday,February,96,True,tweedie|full,15.1,0,OK
2026-02-07,Lothrop,small,2,5.0,7.5,0.0,19.7,train,Saturday,February,96,True,tweedie|full,5.2,0,OK
2026-02-09,Lothrop,small,34,19.6,14.7,0.0,48.5,train,Monday,February,96,True,tweedie|full,20.4,0,OK
2026-02-10,Lothrop,small,49,19.9,14.9,0.0,49.0,train,Tuesday,February,96,True,tweedie|full,20.7,0,OK
2026-02-11,Lothrop,small,39,20.4,15.0,0.0,49.8,train,Wednesday,February,96,True,tweedie|full,21.2,0,OK
2026-02-12,Lothrop,small,17,19.2,14.6,0.0,47.8,train,Thursday,February,96,True,tweedie|full,20.0,0,OK
2026-02-13,Lothrop,small,33,18.7,14.4,0.0,46.9,train,Friday,February,96,True,tweedie|full,19.5,0,OK
2026-02-14,Lothrop,small,17,6.9,8.7,0.0,24.1,train,Saturday,February,96,True,tweedie|full,7.2,0,OK
2026-02-16,Lothrop,small,33,27.0,17.3,0.0,60.8,train,Monday,February,96,True,tweedie|full,28.1,0,OK
2026-02-17,Lothrop,small,4,27.8,17.5,0.0,62.1,train,Tuesday,February,96,True,tweedie|full,29.0,0,OK
2026-02-18,Lothrop,small,55,21.8,15.5,0.0,52.3,train,Wednesday,February,96,True,tweedie|full,22.7,0,OK
2026-02-19,Lothrop,small,20,20.8,15.2,0.0,50.6,train,Thursday,February,96,True,tweedie|full,21.7,0,OK
2026-02-20,Lothrop,small,13,20.0,14.9,0.0,49.2,train,Friday,February,96,True,tweedie|full,20.8,0,OK
2026-02-21,Lothrop,small,1,6.7,8.6,0.0,23.5,train,Saturday,February,96,True,tweedie|full,7.0,0,OK
2026-02-23,Lothrop,small,25,24.0,16.3,0.0,55.9,train,Monday,February,96,True,tweedie|full,25.0,0,OK
2026-02-24,Lothrop,small,25,22.6,15.8,0.0,53.6,train,Tuesday,February,96,True,tweedie|full,23.5,0,OK
2026-02-25,Lothrop,small,10,19.3,14.6,0.0,47.9,train,Wednesday,February,96,True,tweedie|full,20.1,0,OK
2026-02-26,Lothrop,small,9,17.5,13.9,0.0,44.8,train,Thursday,February,96,True,tweedie|full,18.2,0,OK
2026-02-27,Lothrop,small,14,15.3,13.0,0.0,40.7,train,Friday,February,96,True,tweedie|full,15.9,0,OK
2026-02-28,Lothrop,small,2,5.1,7.5,0.0,19.7,train,Saturday,February,96,True,tweedie|full,5.3,0,OK
2026-03-02,Lothrop,small,20,19.3,14.6,0.0,47.9,train,Monday,March,96,True,tweedie|full,20.1,0,OK
2026-03-03,Lothrop,small,31,18.6,14.3,0.0,46.7,train,Tuesday,March,96,True,tweedie|full,19.4,0,OK
2026-03-04,Lothrop,small,9,16.5,13.5,0.0,43.0,test,Wednesday,March,96,True,tweedie|full,17.2,0,OK
2026-03-05,Lothrop,small,23,11.2,11.2,0.0,33.1,test,Thursday,March,96,True,tweedie|full,11.7,0,OK
2026-03-06,Lothrop,small,5,12.1,11.6,0.0,34.9,test,Friday,March,96,True,tweedie|full,12.6,0,OK
2026-03-07,Lothrop,small,0,4.0,6.6,0.0,17.0,test,Saturday,March,96,True,tweedie|full,4.2,0,OK
2026-03-09,Lothrop,small,0,14.9,12.8,0.0,40.1,test,Monday,March,96,True,tweedie|full,15.5,0,OK
2026-03-10,Lothrop,small,0,13.4,12.2,0.0,37.3,test,Tuesday,March,96,True,tweedie|full,14.0,0,OK
2026-03-11,Lothrop,small,0,10.9,11.0,0.0,32.4,test,Wednesday,March,96,True,tweedie|full,11.4,0,OK
2026-03-12,Lothrop,small,0,8.8,9.9,0.0,28.2,test,Thursday,March,96,True,tweedie|full,9.2,0,OK
2026-03-13,Lothrop,small,0,8.7,9.8,0.0,27.8,test,Friday,March,96,True,tweedie|full,9.1,0,OK
2026-03-14,Lothrop,small,0,2.7,5.5,0.0,13.5,test,Saturday,March,96,True,tweedie|full,2.8,0,OK
2026-03-16,Lothrop,small,43,13.1,12.1,0.0,36.8,test,Monday,March,96,True,tweedie|full,13.6,0,OK
2026-03-17,Lothrop,small,7,14.0,12.5,0.0,38.4,test,Tuesday,March,96,True,tweedie|full,14.6,0,OK
2026-03-18,Lothrop,small,30,12.4,11.7,0.0,35.3,test,Wednesday,March,96,True,tweedie|full,12.9,0,OK
2026-03-19,Lothrop,small,14,12.3,11.7,0.0,35.2,test,Thursday,March,96,True,tweedie|full,12.8,0,OK
2026-03-20,Lothrop,small,13,13.0,12.0,0.0,36.6,test,Friday,March,96,True,tweedie|full,13.5,0,OK
2026-03-21,Lothrop,small,0,4.6,7.2,0.0,18.6,test,Saturday,March,96,True,tweedie|full,4.8,0,OK
2026-03-23,Lothrop,small,18,18.1,14.2,0.0,45.9,test,Monday,March,96,True,tweedie|full,18.9,0,OK
2026-03-24,Lothrop,small,27,17.6,14.0,0.0,45.0,test,Tuesday,March,96,True,tweedie|full,18.3,0,OK
2026-03-25,Lothrop,small,13,14.7,12.8,0.0,39.7,test,Wednesday,March,96,True,tweedie|full,15.3,0,OK
2026-03-26,Lothrop,small,12,13.7,12.3,0.0,37.8,test,Thursday,March,96,True,tweedie|full,14.3,0,OK
2026-03-27,Lothrop,small,15,13.4,12.2,0.0,37.2,test,Friday,March,96,True,tweedie|full,14.0,0,OK
2026-03-28,Lothrop,small,0,4.6,7.1,0.0,18.6,test,Saturday,March,96,True,tweedie|full,4.8,0,OK
2026-03-30,Lothrop,small,11,17.5,13.9,0.0,44.7,test,Monday,March,96,True,tweedie|full,18.2,0,OK
2026-03-31,Lothrop,small,6,16.7,13.6,0.0,43.4,test,Tuesday,March,96,True,tweedie|full,17.4,0,OK
2026-04-01,Lothrop,small,28,14.0,12.4,0.0,38.3,test,Wednesday,April,96,True,tweedie|full,14.6,0,OK
2026-04-02,Lothrop,small,34,12.6,11.8,0.0,35.8,test,Thursday,April,96,True,tweedie|full,13.1,0,OK
2026-04-03,Lothrop,small,0,14.1,12.5,0.0,38.5,test,Friday,April,96,True,tweedie|full,14.7,0,OK
2026-04-04,Lothrop,small,12,4.5,7.1,0.0,18.4,test,Saturday,April,96,True,tweedie|full,4.7,0,OK
2026-04-06,Lothrop,small,18,17.8,14.0,0.0,45.3,test,Monday,April,96,True,tweedie|full,18.5,0,OK
2026-04-07,Lothrop,small,31,17.3,13.9,0.0,44.5,test,Tuesday,April,96,True,tweedie|full,18.0,0,OK
2026-04-08,Lothrop,small,15,16.2,13.4,0.0,42.5,test,Wednesday,April,96,True,tweedie|full,16.9,0,OK
2026-04-09,Lothrop,small,2,15.1,12.9,0.0,40.4,test,Thursday,April,96,True,tweedie|full,15.7,0,OK
2026-04-10,Lothrop,small,2,14.1,12.5,0.0,38.6,test,Friday,April,96,True,tweedie|full,14.7,0,OK
2026-04-11,Lothrop,small,0,4.3,6.9,0.0,17.9,test,Saturday,April,96,True,tweedie|full,4.5,0,OK
2026-04-13,Lothrop,small,24,17.1,13.8,0.0,44.1,test,Monday,April,96,True,tweedie|full,17.8,0,OK
2026-04-14,Lothrop,small,18,16.5,13.5,0.0,43.0,test,Tuesday,April,96,True,tweedie|full,17.2,0,OK
2026-04-15,Lothrop,small,16,14.4,12.6,0.0,39.2,test,Wednesday,April,96,True,tweedie|full,15.0,0,OK
2026-04-16,Lothrop,small,14,12.6,11.8,0.0,35.7,test,Thursday,April,96,True,tweedie|full,13.1,0,OK
2026-04-17,Lothrop,small,8,12.9,12.0,0.0,36.3,test,Friday,April,96,True,tweedie|full,13.4,0,OK
2026-04-18,Lothrop,small,0,4.4,7.0,0.0,18.1,test,Saturday,April,96,True,tweedie|full,4.6,0,OK
2026-04-20,Lothrop,small,10,17.1,13.7,0.0,44.0,test,Monday,April,96,True,tweedie|full,17.8,0,OK
2026-04-21,Lothrop,small,21,16.2,13.4,0.0,42.5,test,Tuesday,April,96,True,tweedie|full,16.9,0,OK
2026-04-22,Lothrop,small,9,4.8,7.3,0.0,19.0,test,Wednesday,April,96,True,tweedie|full,5.0,0,OK
2026-04-23,Lothrop,small,3,4.2,6.8,0.0,17.5,test,Thursday,April,96,True,tweedie|full,4.4,0,OK
2026-04-24,Lothrop,small,1,4.1,6.7,0.0,17.2,test,Friday,April,96,True,tweedie|full,4.3,0,OK
2026-04-25,Lothrop,small,9,1.3,3.8,0.0,8.8,test,Saturday,April,96,True,tweedie|full,1.4,0,OK
2026-04-27,Lothrop,small,2,5.2,7.6,0.0,20.2,test,Monday,April,96,True,tweedie|full,5.4,0,OK
2026-04-28,Lothrop,small,7,4.8,7.3,0.0,19.2,test,Tuesday,April,96,True,tweedie|full,5.0,0,OK
2026-04-29,Lothrop,small,8,4.2,6.8,0.0,17.4,test,Wednesday,April,96,True,tweedie|full,4.4,0,OK
2026-04-30,Lothrop,small,0,3.6,6.3,0.0,15.9,test,Thursday,April,96,True,tweedie|full,3.8,0,OK
2026-05-01,Lothrop,small,0,3.5,6.2,0.0,15.8,test,Friday,May,96,True,tweedie|full,3.6,0,OK
2026-05-02,Lothrop,small,3,1.2,3.6,0.0,8.3,test,Saturday,May,96,True,tweedie|full,1.2,0,OK
2026-08-17,Lothrop,small,0,13.2,12.1,0.0,36.9,test,Monday,August,96,True,tweedie|full,13.7,0,OK
2026-08-18,Lothrop,small,6,11.7,11.4,0.0,34.0,test,Tuesday,August,96,True,tweedie|full,12.2,0,OK
2026-08-19,Lothrop,small,21,10.2,10.6,0.0,31.0,test,Wednesday,August,96,True,tweedie|full,10.6,0,OK
2026-08-20,Lothrop,small,5,9.7,10.4,0.0,30.1,test,Thursday,August,96,True,tweedie|full,10.1,0,OK
2026-08-21,Lothrop,small,14,9.8,10.4,0.0,30.2,test,Friday,August,96,True,tweedie|full,10.2,0,OK
2026-08-22,Lothrop,small,0,3.5,6.2,0.0,15.7,test,Saturday,August,96,True,tweedie|full,3.6,0,OK
2026-08-24,Lothrop,small,22,13.8,12.3,0.0,38.0,test,Monday,August,96,True,tweedie|full,14.4,0,OK
2026-08-25,Lothrop,small,45,13.6,12.3,0.0,37.6,test,Tuesday,August,96,True,tweedie|full,14.2,0,OK
2026-08-26,Lothrop,small,20,13.8,12.4,0.0,38.1,test,Wednesday,August,96,True,tweedie|full,14.4,0,OK
2026-08-27,Lothrop,small,44,13.3,12.1,0.0,37.0,test,Thursday,August,96,True,tweedie|full,13.9,0,OK
2026-08-28,Lothrop,small,12,15.0,12.9,0.0,40.2,test,Friday,August,96,True,tweedie|full,15.6,0,OK
2026-08-29,Lothrop,small,0,5.2,7.6,0.0,20.1,test,Saturday,August,96,True,tweedie|full,5.4,0,OK
2026-08-31,Lothrop,small,13,19.8,14.8,0.0,48.9,test,Monday,August,96,True,tweedie|full,20.6,0,OK
2026-09-01,Lothrop,small,8,19.1,14.5,0.0,47.6,test,Tuesday,September,96,True,tweedie|full,19.9,0,OK
2026-09-02,Lothrop,small,29,15.8,13.2,0.0,41.8,test,Wednesday,September,96,True,tweedie|full,16.5,0,OK
2026-09-03,Lothrop,small,4,13.9,12.4,0.0,38.2,test,Thursday,September,96,True,tweedie|full,14.5,0,OK
2026-09-04,Lothrop,small,26,13.6,12.3,0.0,37.6,test,Friday,September,96,True,tweedie|full,14.2,0,OK
2026-09-05,Lothrop,small,0,4.4,7.0,0.0,18.1,test,Saturday,September,96,True,tweedie|full,4.6,0,OK
2026-09-07,Lothrop,small,0,16.8,13.6,0.0,43.5,test,Monday,September,96,True,tweedie|full,17.5,0,OK
2026-09-08,Lothrop,small,10,15.3,13.0,0.0,40.8,test,Tuesday,September,96,True,tweedie|full,15.9,0,OK
2026-09-09,Lothrop,small,14,13.2,12.1,0.0,36.8,test,Wednesday,September,96,True,tweedie|full,13.7,0,OK
2026-09-10,Lothrop,small,16,12.1,11.6,0.0,34.8,test,Thursday,September,96,True,tweedie|full,12.6,0,OK
2026-09-11,Lothrop,small,2,12.0,11.5,0.0,34.5,test,Friday,September,96,True,tweedie|full,12.5,0,OK
2026-09-12,Lothrop,small,2,4.0,6.7,0.0,17.1,test,Saturday,September,96,True,tweedie|full,4.2,0,OK
2026-09-14,Lothrop,small,6,14.5,12.7,0.0,39.3,test,Monday,September,96,True,tweedie|full,15.1,0,OK
2026-09-15,Lothrop,small,5,13.5,12.2,0.0,37.5,test,Tuesday,September,96,True,tweedie|full,14.1,0,OK
2026-09-16,Lothrop,small,30,11.9,11.5,0.0,34.4,test,Wednesday,September,96,True,tweedie|full,12.4,0,OK
2026-09-17,Lothrop,small,3,11.6,11.3,0.0,33.9,test,Thursday,September,96,True,tweedie|full,12.1,0,OK
2026-09-18,Lothrop,small,7,11.5,11.3,0.0,33.6,test,Friday,September,96,True,tweedie|full,12.0,0,OK
2024-10-05,Nordenberg,small,16,19.6,12.3,0.0,43.6,train,Saturday,October,56,True,poisson|full,35.0,0,OK
2024-10-07,Nordenberg,small,51,31.1,15.4,0.9,61.4,train,Monday,October,56,True,poisson|full,55.5,0,HIGH
2024-10-08,Nordenberg,small,10,34.4,16.2,2.6,66.2,train,Tuesday,October,56,True,poisson|full,61.4,0,HIGH
2024-10-09,Nordenberg,small,8,28.2,14.7,0.0,57.0,train,Wednesday,October,56,True,poisson|full,50.4,0,HIGH
2024-10-10,Nordenberg,small,66,28.5,14.8,0.0,57.4,train,Thursday,October,56,True,poisson|full,50.9,10,HIGH
2024-10-11,Nordenberg,small,14,35.1,16.4,3.0,67.3,train,Friday,October,56,True,poisson|full,62.7,0,HIGH
2024-10-12,Nordenberg,small,9,21.3,12.8,0.0,46.3,train,Saturday,October,56,True,poisson|full,38.0,0,OK
2024-10-14,Nordenberg,small,9,29.2,14.9,0.0,58.5,train,Monday,October,56,True,poisson|full,52.1,0,HIGH
2024-10-15,Nordenberg,small,28,27.1,14.4,0.0,55.3,train,Tuesday,October,56,True,poisson|full,48.4,0,OK
2024-10-16,Nordenberg,small,22,25.8,14.1,0.0,53.4,train,Wednesday,October,56,True,poisson|full,46.1,0,OK
2024-10-17,Nordenberg,small,41,24.9,13.8,0.0,52.0,train,Thursday,October,56,True,poisson|full,44.5,0,OK
2024-10-18,Nordenberg,small,25,29.4,15.0,0.0,58.8,train,Friday,October,56,True,poisson|full,52.5,0,HIGH
2024-10-19,Nordenberg,small,17,16.4,11.2,0.0,38.3,train,Saturday,October,56,True,poisson|full,29.3,0,OK
2024-10-21,Nordenberg,small,29,26.2,14.2,0.0,53.9,train,Monday,October,56,True,poisson|full,46.8,0,OK
2024-10-22,Nordenberg,small,7,26.6,14.3,0.0,54.5,train,Tuesday,October,56,True,poisson|full,47.5,0,OK
2024-10-23,Nordenberg,small,27,25.7,14.0,0.0,53.3,train,Wednesday,October,56,True,poisson|full,45.9,0,OK
2024-10-24,Nordenberg,small,27,25.3,13.9,0.0,52.6,train,Thursday,October,56,True,poisson|full,45.2,0,OK
2024-10-25,Nordenberg,small,29,27.0,14.4,0.0,55.2,train,Friday,October,56,True,poisson|full,48.2,0,OK
2024-10-26,Nordenberg,small,6,16.3,11.2,0.0,38.1,train,Saturday,October,56,True,poisson|full,29.1,0,OK
2024-10-28,Nordenberg,small,75,22.8,13.2,0.0,48.7,train,Monday,October,56,True,poisson|full,40.7,19,OK
2024-10-29,Nordenberg,small,27,27.1,14.4,0.0,55.4,train,Tuesday,October,56,True,poisson|full,48.4,0,OK
2024-10-30,Nordenberg,small,17,28.3,14.7,0.0,57.2,train,Wednesday,October,56,True,poisson|full,50.5,0,HIGH
2024-10-31,Nordenberg,small,54,30.3,15.2,0.5,60.2,train,Thursday,October,56,True,poisson|full,54.1,0,HIGH
2024-11-01,Nordenberg,small,21,34.5,16.3,2.6,66.4,train,Friday,November,56,True,poisson|full,61.6,0,HIGH
2024-11-02,Nordenberg,small,22,21.5,12.8,0.0,46.7,train,Saturday,November,56,True,poisson|full,38.4,0,OK
2024-11-04,Nordenberg,small,17,32.4,15.8,1.5,63.3,train,Monday,November,56,True,poisson|full,57.9,0,HIGH
2024-11-05,Nordenberg,small,10,31.3,15.5,0.9,61.6,train,Tuesday,November,56,True,poisson|full,55.9,0,HIGH
2024-11-06,Nordenberg,small,6,25.3,13.9,0.0,52.6,train,Wednesday,November,56,True,poisson|full,45.2,0,OK
2024-11-07,Nordenberg,small,11,23.8,13.5,0.0,50.3,train,Thursday,November,56,True,poisson|full,42.5,0,OK
2024-11-08,Nordenberg,small,15,24.7,13.7,0.0,51.6,train,Friday,November,56,True,poisson|full,44.1,0,OK
2024-11-09,Nordenberg,small,1,13.5,10.2,0.0,33.4,train,Saturday,November,56,True,poisson|full,24.1,0,OK
2024-11-11,Nordenberg,small,5,19.5,12.2,0.0,43.5,train,Monday,November,56,True,poisson|full,34.8,0,OK
2024-11-12,Nordenberg,small,18,17.1,11.4,0.0,39.5,train,Tuesday,November,56,True,poisson|full,30.5,0,OK
2024-11-13,Nordenberg,small,21,17.7,11.6,0.0,40.5,train,Wednesday,November,56,True,poisson|full,31.6,0,OK
2024-11-14,Nordenberg,small,7,17.1,11.4,0.0,39.5,train,Thursday,November,56,True,poisson|full,30.5,0,OK
2024-11-15,Nordenberg,small,18,17.4,11.5,0.0,40.0,train,Friday,November,56,True,poisson|full,31.1,0,OK
2024-11-16,Nordenberg,small,0,10.8,9.1,0.0,28.6,train,Saturday,November,56,True,poisson|full,19.3,0,OK
2024-11-18,Nordenberg,small,21,15.3,10.8,0.0,36.6,train,Monday,November,56,True,poisson|full,27.3,0,OK
2024-11-19,Nordenberg,small,11,15.5,10.9,0.0,36.8,train,Tuesday,November,56,True,poisson|full,27.7,0,OK
2024-11-20,Nordenberg,small,8,15.5,10.9,0.0,36.9,train,Wednesday,November,56,True,poisson|full,27.7,0,OK
2024-11-21,Nordenberg,small,6,1.3,3.2,0.0,7.5,train,Thursday,November,56,True,poisson|full,2.3,0,OK
2024-11-22,Nordenberg,small,1,1.6,3.4,0.0,8.3,train,Friday,November,56,True,poisson|full,2.9,0,OK
2024-11-23,Nordenberg,small,4,1.1,2.9,0.0,6.9,train,Saturday,November,56,True,poisson|full,2.0,0,OK
2024-11-25,Nordenberg,small,0,2.4,4.3,0.0,10.9,train,Monday,November,56,True,poisson|full,4.3,0,OK
2024-11-26,Nordenberg,small,0,2.8,4.6,0.0,11.8,train,Tuesday,November,56,True,poisson|full,5.0,0,OK
2024-11-27,Nordenberg,small,5,3.1,4.9,0.0,12.6,train,Wednesday,November,56,True,poisson|full,5.5,0,OK
2024-11-28,Nordenberg,small,0,3.8,5.4,0.0,14.3,train,Thursday,November,56,True,poisson|full,6.8,0,OK
2024-11-29,Nordenberg,small,0,4.5,5.9,0.0,16.0,train,Friday,November,56,True,poisson|full,8.0,0,OK
2024-11-30,Nordenberg,small,0,3.3,5.0,0.0,13.1,train,Saturday,November,56,True,poisson|full,5.9,0,OK
2024-12-02,Nordenberg,small,18,7.5,7.6,0.0,22.4,train,Monday,December,56,True,poisson|full,13.4,0,OK
2024-12-03,Nordenberg,small,24,8.9,8.3,0.0,25.1,train,Tuesday,December,56,True,poisson|full,15.9,0,OK
2024-12-04,Nordenberg,small,6,11.9,9.6,0.0,30.6,train,Wednesday,December,56,True,poisson|full,21.2,0,OK
2024-12-05,Nordenberg,small,14,14.6,10.6,0.0,35.4,train,Thursday,December,56,True,poisson|full,26.1,0,OK
2024-12-06,Nordenberg,small,25,15.3,10.8,0.0,36.5,train,Friday,December,56,True,poisson|full,27.3,0,OK
2024-12-07,Nordenberg,small,6,10.3,8.9,0.0,27.6,train,Saturday,December,56,True,poisson|full,18.4,0,OK
2024-12-09,Nordenberg,small,17,16.6,11.3,0.0,38.7,train,Monday,December,56,True,poisson|full,29.6,0,OK
2024-12-10,Nordenberg,small,11,16.9,11.4,0.0,39.3,train,Tuesday,December,56,True,poisson|full,30.2,0,OK
2024-12-11,Nordenberg,small,3,16.5,11.2,0.0,38.5,train,Wednesday,December,56,True,poisson|full,29.5,0,OK
2024-12-12,Nordenberg,small,6,16.1,11.1,0.0,37.8,train,Thursday,December,56,True,poisson|full,28.8,0,OK
2024-12-13,Nordenberg,small,7,16.9,11.4,0.0,39.2,train,Friday,December,56,True,poisson|full,30.2,0,OK
2024-12-14,Nordenberg,small,2,10.1,8.8,0.0,27.4,train,Saturday,December,56,True,poisson|full,18.0,0,OK
2024-12-16,Nordenberg,small,7,15.2,10.8,0.0,36.4,train,Monday,December,56,True,poisson|full,27.1,0,OK
2024-12-17,Nordenberg,small,0,14.8,10.7,0.0,35.7,train,Tuesday,December,56,True,poisson|full,26.4,0,OK
2025-01-03,Nordenberg,small,33,14.0,10.3,0.0,34.2,train,Friday,January,56,True,poisson|full,25.0,0,OK
2025-01-04,Nordenberg,small,0,9.2,8.4,0.0,25.7,train,Saturday,January,56,True,poisson|full,16.4,0,OK
2025-01-06,Nordenberg,small,4,14.0,10.3,0.0,34.2,train,Monday,January,56,True,poisson|full,25.0,0,OK
2025-01-07,Nordenberg,small,4,13.3,10.1,0.0,33.1,train,Tuesday,January,56,True,poisson|full,23.8,0,OK
2025-01-08,Nordenberg,small,35,12.8,9.9,0.0,32.3,train,Wednesday,January,56,True,poisson|full,22.9,0,OK
2025-01-09,Nordenberg,small,5,14.4,10.5,0.0,35.0,train,Thursday,January,56,True,poisson|full,25.7,0,OK
2025-01-10,Nordenberg,small,31,15.0,10.7,0.0,36.0,train,Friday,January,56,True,poisson|full,26.8,0,OK
2025-01-11,Nordenberg,small,26,10.0,8.8,0.0,27.2,train,Saturday,January,56,True,poisson|full,17.9,0,OK
2025-01-13,Nordenberg,small,50,15.7,11.0,0.0,37.2,train,Monday,January,56,True,poisson|full,28.0,0,OK
2025-01-14,Nordenberg,small,19,18.0,11.7,0.0,41.1,train,Tuesday,January,56,True,poisson|full,32.1,0,OK
2025-01-15,Nordenberg,small,37,18.6,12.0,0.0,42.1,train,Wednesday,January,56,True,poisson|full,33.2,0,OK
2025-01-16,Nordenberg,small,22,21.6,12.9,0.0,46.8,train,Thursday,January,56,True,poisson|full,38.6,0,OK
2025-01-17,Nordenberg,small,6,22.0,13.0,0.0,47.5,train,Friday,January,56,True,poisson|full,39.3,0,OK
2025-01-18,Nordenberg,small,30,13.4,10.1,0.0,33.3,train,Saturday,January,56,True,poisson|full,23.9,0,OK
2025-01-20,Nordenberg,small,0,21.8,12.9,0.0,47.1,train,Monday,January,56,True,poisson|full,38.9,0,OK
2025-01-21,Nordenberg,small,2,18.5,11.9,0.0,41.8,train,Tuesday,January,56,True,poisson|full,33.0,0,OK
2025-01-22,Nordenberg,small,60,16.1,11.1,0.0,37.8,train,Wednesday,January,56,True,poisson|full,28.8,4,OK
2025-01-23,Nordenberg,small,13,19.5,12.2,0.0,43.5,train,Thursday,January,56,True,poisson|full,34.8,0,OK
2025-01-24,Nordenberg,small,33,19.3,12.2,0.0,43.1,train,Friday,January,56,True,poisson|full,34.5,0,OK
2025-01-25,Nordenberg,small,39,12.1,9.6,0.0,30.9,train,Saturday,January,56,True,poisson|full,21.6,0,OK
2025-01-27,Nordenberg,small,19,21.7,12.9,0.0,47.0,train,Monday,January,56,True,poisson|full,38.8,0,OK
2025-01-28,Nordenberg,small,6,19.6,12.3,0.0,43.7,train,Tuesday,January,56,True,poisson|full,35.0,0,OK
2025-01-29,Nordenberg,small,38,19.1,12.1,0.0,42.8,train,Wednesday,January,56,True,poisson|full,34.1,0,OK
2025-01-30,Nordenberg,small,8,20.8,12.6,0.0,45.6,train,Thursday,January,56,True,poisson|full,37.1,0,OK
2025-01-31,Nordenberg,small,9,18.3,11.9,0.0,41.6,train,Friday,January,56,True,poisson|full,32.7,0,OK
2025-02-01,Nordenberg,small,14,10.6,9.0,0.0,28.2,train,Saturday,February,56,True,poisson|full,18.9,0,OK
2025-02-03,Nordenberg,small,42,15.5,10.9,0.0,36.9,train,Monday,February,56,True,poisson|full,27.7,0,OK
2025-02-04,Nordenberg,small,13,15.4,10.9,0.0,36.7,train,Tuesday,February,56,True,poisson|full,27.5,0,OK
2025-02-05,Nordenberg,small,13,14.4,10.5,0.0,34.9,train,Wednesday,February,56,True,poisson|full,25.7,0,OK
2025-02-06,Nordenberg,small,25,15.5,10.9,0.0,36.9,train,Thursday,February,56,True,poisson|full,27.7,0,OK
2025-02-07,Nordenberg,small,39,15.9,11.0,0.0,37.6,train,Friday,February,56,True,poisson|full,28.4,0,OK
2025-02-08,Nordenberg,small,38,10.1,8.8,0.0,27.3,train,Saturday,February,56,True,poisson|full,18.0,0,OK
2025-02-10,Nordenberg,small,27,17.6,11.6,0.0,40.4,train,Monday,February,56,True,poisson|full,31.4,0,OK
2025-02-11,Nordenberg,small,25,17.4,11.5,0.0,40.0,train,Tuesday,February,56,True,poisson|full,31.1,0,OK
2025-02-12,Nordenberg,small,25,15.7,11.0,0.0,37.2,train,Wednesday,February,56,True,poisson|full,28.0,0,OK
2025-02-13,Nordenberg,small,42,16.9,11.4,0.0,39.1,train,Thursday,February,56,True,poisson|full,30.2,0,OK
2025-02-14,Nordenberg,small,26,20.1,12.4,0.0,44.4,train,Friday,February,56,True,poisson|full,35.9,0,OK
2025-02-15,Nordenberg,small,7,12.2,9.7,0.0,31.2,train,Saturday,February,56,True,poisson|full,21.8,0,OK
2025-02-17,Nordenberg,small,6,17.8,11.7,0.0,40.7,train,Monday,February,56,True,poisson|full,31.8,0,OK
2025-02-18,Nordenberg,small,25,15.7,11.0,0.0,37.2,train,Tuesday,February,56,True,poisson|full,28.0,0,OK
2025-02-19,Nordenberg,small,17,15.6,10.9,0.0,37.0,train,Wednesday,February,56,True,poisson|full,27.9,0,OK
2025-02-20,Nordenberg,small,15,14.9,10.7,0.0,35.8,train,Thursday,February,56,True,poisson|full,26.6,0,OK
2025-02-21,Nordenberg,small,12,15.3,10.8,0.0,36.5,train,Friday,February,56,True,poisson|full,27.3,0,OK
2025-02-22,Nordenberg,small,15,8.5,8.0,0.0,24.2,train,Saturday,February,56,True,poisson|full,15.2,0,OK
2025-02-24,Nordenberg,small,17,12.7,9.9,0.0,32.0,train,Monday,February,56,True,poisson|full,22.7,0,OK
2025-02-25,Nordenberg,small,6,12.4,9.7,0.0,31.4,train,Tuesday,February,56,True,poisson|full,22.1,0,OK
2025-02-26,Nordenberg,small,1,11.6,9.4,0.0,30.1,train,Wednesday,February,56,True,poisson|full,20.7,0,OK
2025-02-27,Nordenberg,small,17,10.9,9.1,0.0,28.8,train,Thursday,February,56,True,poisson|full,19.5,0,OK
2025-02-28,Nordenberg,small,0,11.4,9.3,0.0,29.7,train,Friday,February,56,True,poisson|full,20.4,0,OK
2025-03-01,Nordenberg,small,4,6.5,7.0,0.0,20.3,train,Saturday,March,56,True,poisson|full,11.6,0,OK
2025-03-03,Nordenberg,small,0,9.5,8.5,0.0,26.1,train,Monday,March,56,True,poisson|full,17.0,0,OK
2025-03-04,Nordenberg,small,0,8.5,8.1,0.0,24.3,train,Tuesday,March,56,True,poisson|full,15.2,0,OK
2025-03-05,Nordenberg,small,15,9.4,8.5,0.0,26.0,train,Wednesday,March,56,True,poisson|full,16.8,0,OK
2025-03-06,Nordenberg,small,0,10.0,8.7,0.0,27.1,train,Thursday,March,56,True,poisson|full,17.9,0,OK
2025-03-07,Nordenberg,small,0,10.1,8.8,0.0,27.3,train,Friday,March,56,True,poisson|full,18.0,0,OK
2025-03-08,Nordenberg,small,0,5.9,6.7,0.0,19.0,train,Saturday,March,56,True,poisson|full,10.5,0,OK
2025-03-10,Nordenberg,small,38,9.2,8.4,0.0,25.6,train,Monday,March,56,True,poisson|full,16.4,0,OK
2025-03-11,Nordenberg,small,3,9.9,8.7,0.0,26.9,train,Tuesday,March,56,True,poisson|full,17.7,0,OK
2025-03-12,Nordenberg,small,15,9.8,8.6,0.0,26.7,train,Wednesday,March,56,True,poisson|full,17.5,0,OK
2025-03-13,Nordenberg,small,11,10.6,9.0,0.0,28.2,train,Thursday,March,56,True,poisson|full,18.9,0,OK
2025-03-14,Nordenberg,small,3,11.2,9.3,0.0,29.4,train,Friday,March,56,True,poisson|full,20.0,0,OK
2025-03-15,Nordenberg,small,8,7.0,7.3,0.0,21.4,train,Saturday,March,56,True,poisson|full,12.5,0,OK
2025-03-17,Nordenberg,small,13,9.6,8.6,0.0,26.3,train,Monday,March,56,True,poisson|full,17.1,0,OK
2025-03-18,Nordenberg,small,16,9.7,8.6,0.0,26.7,train,Tuesday,March,56,True,poisson|full,17.3,0,OK
2025-03-19,Nordenberg,small,17,9.3,8.4,0.0,25.8,train,Wednesday,March,56,True,poisson|full,16.6,0,OK
2025-03-20,Nordenberg,small,9,10.2,8.9,0.0,27.6,train,Thursday,March,56,True,poisson|full,18.2,0,OK
2025-03-21,Nordenberg,small,6,10.6,9.0,0.0,28.3,train,Friday,March,56,True,poisson|full,18.9,0,OK
2025-03-22,Nordenberg,small,5,6.3,7.0,0.0,19.9,train,Saturday,March,56,True,poisson|full,11.2,0,OK
2025-03-24,Nordenberg,small,16,10.3,8.9,0.0,27.7,train,Monday,March,56,True,poisson|full,18.4,0,OK
2025-03-25,Nordenberg,small,2,10.3,8.9,0.0,27.7,train,Tuesday,March,56,True,poisson|full,18.4,0,OK
2025-03-26,Nordenberg,small,13,9.9,8.7,0.0,27.0,train,Wednesday,March,56,True,poisson|full,17.7,0,OK
2025-03-27,Nordenberg,small,5,9.7,8.6,0.0,26.5,train,Thursday,March,56,True,poisson|full,17.3,0,OK
2025-03-28,Nordenberg,small,1,9.8,8.7,0.0,26.9,train,Friday,March,56,True,poisson|full,17.5,0,OK
2025-03-29,Nordenberg,small,20,5.8,6.7,0.0,18.9,train,Saturday,March,56,True,poisson|full,10.4,0,OK
2025-03-31,Nordenberg,small,6,9.6,8.6,0.0,26.5,train,Monday,March,56,True,poisson|full,17.1,0,OK
2025-04-01,Nordenberg,small,6,9.2,8.4,0.0,25.7,train,Tuesday,April,56,True,poisson|full,16.4,0,OK
2025-04-02,Nordenberg,small,10,8.8,8.2,0.0,24.9,train,Wednesday,April,56,True,poisson|full,15.7,0,OK
2025-04-03,Nordenberg,small,7,9.1,8.4,0.0,25.6,train,Thursday,April,56,True,poisson|full,16.2,0,OK
2025-04-04,Nordenberg,small,11,9.2,8.4,0.0,25.7,train,Friday,April,56,True,poisson|full,16.4,0,OK
2025-04-05,Nordenberg,small,3,5.6,6.6,0.0,18.5,train,Saturday,April,56,True,poisson|full,10.0,0,OK
2025-04-07,Nordenberg,small,17,8.9,8.3,0.0,25.1,train,Monday,April,56,True,poisson|full,15.9,0,OK
2025-04-08,Nordenberg,small,5,8.5,8.1,0.0,24.4,train,Tuesday,April,56,True,poisson|full,15.2,0,OK
2025-04-09,Nordenberg,small,2,8.3,8.0,0.0,24.0,train,Wednesday,April,56,True,poisson|full,14.8,0,OK
2025-04-10,Nordenberg,small,14,8.2,7.9,0.0,23.8,train,Thursday,April,56,True,poisson|full,14.6,0,OK
2025-04-11,Nordenberg,small,6,8.8,8.2,0.0,24.9,train,Friday,April,56,True,poisson|full,15.7,0,OK
2025-04-12,Nordenberg,small,21,5.4,6.4,0.0,18.0,train,Saturday,April,56,True,poisson|full,9.6,0,OK
2025-04-14,Nordenberg,small,15,8.9,8.3,0.0,25.2,train,Monday,April,56,True,poisson|full,15.9,0,OK
2025-04-15,Nordenberg,small,8,9.0,8.3,0.0,25.3,train,Tuesday,April,56,True,poisson|full,16.1,0,OK
2025-04-16,Nordenberg,small,9,8.5,8.1,0.0,24.3,train,Wednesday,April,56,True,poisson|full,15.2,0,OK
2025-04-17,Nordenberg,small,19,8.8,8.2,0.0,24.9,train,Thursday,April,56,True,poisson|full,15.7,0,OK
2025-04-18,Nordenberg,small,20,9.8,8.7,0.0,26.7,train,Friday,April,56,True,poisson|full,17.5,0,OK
2025-04-19,Nordenberg,small,0,6.1,6.9,0.0,19.6,train,Saturday,April,56,True,poisson|full,10.9,0,OK
2025-04-21,Nordenberg,small,18,9.6,8.6,0.0,26.3,train,Monday,April,56,True,poisson|full,17.1,0,OK
2025-04-22,Nordenberg,small,9,3.4,5.1,0.0,13.4,train,Tuesday,April,56,True,poisson|full,6.1,0,OK
2025-04-23,Nordenberg,small,6,3.3,5.0,0.0,13.2,train,Wednesday,April,56,True,poisson|full,5.9,0,OK
2025-04-24,Nordenberg,small,4,3.3,5.0,0.0,13.2,train,Thursday,April,56,True,poisson|full,5.9,0,OK
2025-04-25,Nordenberg,small,2,3.4,5.1,0.0,13.4,train,Friday,April,56,True,poisson|full,6.1,0,OK
2025-04-26,Nordenberg,small,1,2.0,3.9,0.0,9.7,train,Saturday,April,56,True,poisson|full,3.6,0,OK
2025-04-28,Nordenberg,small,3,2.9,4.8,0.0,12.3,train,Monday,April,56,True,poisson|full,5.2,0,OK
2025-04-29,Nordenberg,small,4,2.8,4.7,0.0,12.0,train,Tuesday,April,56,True,poisson|full,5.0,0,OK
2025-04-30,Nordenberg,small,0,2.6,4.5,0.0,11.4,train,Wednesday,April,56,True,poisson|full,4.6,0,OK
2025-05-01,Nordenberg,small,0,2.5,4.4,0.0,11.2,train,Thursday,May,56,True,poisson|full,4.5,0,OK
2025-05-02,Nordenberg,small,0,2.6,4.5,0.0,11.4,train,Friday,May,56,True,poisson|full,4.6,0,OK
2025-08-18,Nordenberg,small,0,5.7,6.6,0.0,18.6,train,Monday,August,56,True,poisson|full,10.2,0,OK
2025-08-19,Nordenberg,small,0,5.2,6.3,0.0,17.7,train,Tuesday,August,56,True,poisson|full,9.3,0,OK
2025-08-20,Nordenberg,small,0,5.0,6.2,0.0,17.2,train,Wednesday,August,56,True,poisson|full,8.9,0,OK
2025-08-21,Nordenberg,small,15,5.1,6.3,0.0,17.4,train,Thursday,August,56,True,poisson|full,9.1,0,OK
2025-08-22,Nordenberg,small,0,5.5,6.5,0.0,18.2,train,Friday,August,56,True,poisson|full,9.8,0,OK
2025-08-23,Nordenberg,small,0,3.3,5.0,0.0,13.2,train,Saturday,August,56,True,poisson|full,5.9,0,OK
2025-08-25,Nordenberg,small,7,5.2,6.3,0.0,17.7,train,Monday,August,56,True,poisson|full,9.3,0,OK
2025-08-26,Nordenberg,small,31,5.1,6.3,0.0,17.4,train,Tuesday,August,56,True,poisson|full,9.1,0,OK
2025-08-27,Nordenberg,small,1,5.6,6.6,0.0,18.5,train,Wednesday,August,56,True,poisson|full,10.0,0,OK
2025-08-28,Nordenberg,small,17,5.9,6.7,0.0,19.0,train,Thursday,August,56,True,poisson|full,10.5,0,OK
2025-08-29,Nordenberg,small,13,6.5,7.1,0.0,20.4,train,Friday,August,56,True,poisson|full,11.6,0,OK
2025-08-30,Nordenberg,small,0,4.0,5.6,0.0,14.9,train,Saturday,August,56,True,poisson|full,7.1,0,OK
2025-09-01,Nordenberg,small,1,6.5,7.0,0.0,20.2,train,Monday,September,56,True,poisson|full,11.6,0,OK
2025-09-02,Nordenberg,small,1,6.2,6.9,0.0,19.7,train,Tuesday,September,56,True,poisson|full,11.1,0,OK
2025-09-03,Nordenberg,small,2,6.0,6.8,0.0,19.4,train,Wednesday,September,56,True,poisson|full,10.7,0,OK
2025-09-04,Nordenberg,small,7,5.8,6.6,0.0,18.8,train,Thursday,September,56,True,poisson|full,10.4,0,OK
2025-09-05,Nordenberg,small,5,6.2,6.9,0.0,19.8,train,Friday,September,56,True,poisson|full,11.1,0,OK
2025-09-06,Nordenberg,small,0,3.7,5.3,0.0,14.1,train,Saturday,September,56,True,poisson|full,6.6,0,OK
2025-09-08,Nordenberg,small,1,5.6,6.5,0.0,18.4,train,Monday,September,56,True,poisson|full,10.0,0,OK
2025-09-09,Nordenberg,small,6,5.4,6.4,0.0,17.9,train,Tuesday,September,56,True,poisson|full,9.6,0,OK
2025-09-10,Nordenberg,small,6,5.4,6.4,0.0,18.0,train,Wednesday,September,56,True,poisson|full,9.6,0,OK
2025-09-11,Nordenberg,small,6,4.0,5.6,0.0,14.9,train,Thursday,September,56,True,poisson|full,7.1,0,OK
2025-09-12,Nordenberg,small,3,4.1,5.6,0.0,15.0,train,Friday,September,56,True,poisson|full,7.3,0,OK
2025-09-13,Nordenberg,small,0,2.5,4.3,0.0,11.0,train,Saturday,September,56,True,poisson|full,4.5,0,OK
2025-09-15,Nordenberg,small,2,3.8,5.4,0.0,14.3,train,Monday,September,56,True,poisson|full,6.8,0,OK
2025-09-16,Nordenberg,small,0,3.5,5.2,0.0,13.8,train,Tuesday,September,56,True,poisson|full,6.2,0,OK
2025-09-17,Nordenberg,small,5,3.5,5.2,0.0,13.6,train,Wednesday,September,56,True,poisson|full,6.2,0,OK
2025-09-18,Nordenberg,small,2,3.6,5.2,0.0,13.8,train,Thursday,September,56,True,poisson|full,6.4,0,OK
2025-09-19,Nordenberg,small,1,3.7,5.3,0.0,14.1,train,Friday,September,56,True,poisson|full,6.6,0,OK
2025-09-20,Nordenberg,small,0,2.2,4.1,0.0,10.3,train,Saturday,September,56,True,poisson|full,3.9,0,OK
2025-09-22,Nordenberg,small,5,3.4,5.1,0.0,13.5,train,Monday,September,56,True,poisson|full,6.1,0,OK
2025-09-23,Nordenberg,small,1,3.3,5.0,0.0,13.2,train,Tuesday,September,56,True,poisson|full,5.9,0,OK
2025-09-24,Nordenberg,small,3,3.3,5.0,0.0,13.1,train,Wednesday,September,56,True,poisson|full,5.9,0,OK
2025-09-25,Nordenberg,small,1,3.4,5.1,0.0,13.4,train,Thursday,September,56,True,poisson|full,6.1,0,OK
2025-09-26,Nordenberg,small,2,3.5,5.1,0.0,13.6,train,Friday,September,56,True,poisson|full,6.2,0,OK
2025-09-27,Nordenberg,small,0,2.1,4.0,0.0,10.0,train,Saturday,September,56,True,poisson|full,3.8,0,OK
2025-09-29,Nordenberg,small,0,3.4,5.1,0.0,13.3,train,Monday,September,56,True,poisson|full,6.1,0,OK
2025-09-30,Nordenberg,small,1,3.2,4.9,0.0,12.9,train,Tuesday,September,56,True,poisson|full,5.7,0,OK
2025-10-01,Nordenberg,small,3,3.1,4.9,0.0,12.8,train,Wednesday,October,56,True,poisson|full,5.5,0,OK
2025-10-02,Nordenberg,small,0,3.3,5.0,0.0,13.1,train,Thursday,October,56,True,poisson|full,5.9,0,OK
2025-10-03,Nordenberg,small,3,3.4,5.1,0.0,13.3,train,Friday,October,56,True,poisson|full,6.1,0,OK
2025-10-04,Nordenberg,small,0,2.1,4.0,0.0,9.9,train,Saturday,October,56,True,poisson|full,3.8,0,OK
2025-10-06,Nordenberg,small,3,3.2,5.0,0.0,13.0,train,Monday,October,56,True,poisson|full,5.7,0,OK
2025-10-07,Nordenberg,small,1,3.1,4.9,0.0,12.7,train,Tuesday,October,56,True,poisson|full,5.5,0,OK
2025-10-08,Nordenberg,small,1,3.1,4.9,0.0,12.6,train,Wednesday,October,56,True,poisson|full,5.5,0,OK
2025-10-09,Nordenberg,small,0,3.2,4.9,0.0,12.8,train,Thursday,October,56,True,poisson|full,5.7,0,OK
2025-10-10,Nordenberg,small,0,3.3,5.0,0.0,13.1,train,Friday,October,56,True,poisson|full,5.9,0,OK
2025-10-11,Nordenberg,small,0,2.0,3.9,0.0,9.6,train,Saturday,October,56,True,poisson|full,3.6,0,OK
2025-10-13,Nordenberg,small,0,3.1,4.9,0.0,12.7,train,Monday,October,56,True,poisson|full,5.5,0,OK
2025-10-14,Nordenberg,small,0,3.0,4.8,0.0,12.4,train,Tuesday,October,56,True,poisson|full,5.4,0,OK
2025-10-15,Nordenberg,small,2,2.9,4.7,0.0,12.2,train,Wednesday,October,56,True,poisson|full,5.2,0,OK
2025-10-16,Nordenberg,small,1,3.0,4.8,0.0,12.4,train,Thursday,October,56,True,poisson|full,5.4,0,OK
2025-10-17,Nordenberg,small,0,3.1,4.9,0.0,12.8,train,Friday,October,56,True,poisson|full,5.5,0,OK
2025-10-18,Nordenberg,small,0,1.9,3.8,0.0,9.4,train,Saturday,October,56,True,poisson|full,3.4,0,OK
2025-10-20,Nordenberg,small,6,3.0,4.8,0.0,12.5,train,Monday,October,56,True,poisson|full,5.4,0,OK
2025-10-21,Nordenberg,small,0,2.9,4.8,0.0,12.3,train,Tuesday,October,56,True,poisson|full,5.2,0,OK
2025-10-22,Nordenberg,small,3,2.9,4.7,0.0,12.1,train,Wednesday,October,56,True,poisson|full,5.2,0,OK
2025-10-23,Nordenberg,small,2,3.0,4.8,0.0,12.4,train,Thursday,October,56,True,poisson|full,5.4,0,OK
2025-10-24,Nordenberg,small,1,3.1,4.9,0.0,12.7,train,Friday,October,56,True,poisson|full,5.5,0,OK
2025-10-25,Nordenberg,small,0,1.9,3.8,0.0,9.4,train,Saturday,October,56,True,poisson|full,3.4,0,OK
2025-10-27,Nordenberg,small,5,3.0,4.8,0.0,12.5,train,Monday,October,56,True,poisson|full,5.4,0,OK
2025-10-28,Nordenberg,small,3,3.0,4.8,0.0,12.3,train,Tuesday,October,56,True,poisson|full,5.4,0,OK
2025-10-29,Nordenberg,small,17,2.9,4.7,0.0,12.1,train,Wednesday,October,56,True,poisson|full,5.2,0,OK
2025-10-30,Nordenberg,small,1,3.2,4.9,0.0,12.8,train,Thursday,October,56,True,poisson|full,5.7,0,OK
2025-10-31,Nordenberg,small,0,3.3,5.0,0.0,13.1,train,Friday,October,56,True,poisson|full,5.9,0,OK
2025-11-01,Nordenberg,small,0,2.0,3.9,0.0,9.6,train,Saturday,November,56,True,poisson|full,3.6,0,OK
2025-11-03,Nordenberg,small,2,3.1,4.9,0.0,12.7,train,Monday,November,56,True,poisson|full,5.5,0,OK
2025-11-04,Nordenberg,small,1,3.0,4.8,0.0,12.4,train,Tuesday,November,56,True,poisson|full,5.4,0,OK
2025-11-05,Nordenberg,small,0,2.9,4.7,0.0,12.2,train,Wednesday,November,56,True,poisson|full,5.2,0,OK
2025-11-06,Nordenberg,small,0,3.0,4.8,0.0,12.3,train,Thursday,November,56,True,poisson|full,5.4,0,OK
2025-11-07,Nordenberg,small,1,2.9,4.7,0.0,12.2,train,Friday,November,56,True,poisson|full,5.2,0,OK
2025-11-08,Nordenberg,small,0,1.8,3.7,0.0,9.0,train,Saturday,November,56,True,poisson|full,3.2,0,OK
2025-11-10,Nordenberg,small,0,2.8,4.7,0.0,11.9,train,Monday,November,56,True,poisson|full,5.0,0,OK
2025-11-11,Nordenberg,small,0,2.7,4.5,0.0,11.6,train,Tuesday,November,56,True,poisson|full,4.8,0,OK
2025-11-12,Nordenberg,small,0,2.6,4.5,0.0,11.4,train,Wednesday,November,56,True,poisson|full,4.6,0,OK
2025-11-13,Nordenberg,small,0,2.7,4.5,0.0,11.5,train,Thursday,November,56,True,poisson|full,4.8,0,OK
2025-11-14,Nordenberg,small,0,2.8,4.6,0.0,11.8,train,Friday,November,56,True,poisson|full,5.0,0,OK
2025-11-15,Nordenberg,small,0,1.6,3.5,0.0,8.6,train,Saturday,November,56,True,poisson|full,2.9,0,OK
2025-11-17,Nordenberg,small,3,2.6,4.5,0.0,11.3,train,Monday,November,56,True,poisson|full,4.6,0,OK
2025-11-18,Nordenberg,small,0,2.5,4.4,0.0,11.1,train,Tuesday,November,56,True,poisson|full,4.5,0,OK
2025-11-19,Nordenberg,small,1,2.5,4.3,0.0,11.0,train,Wednesday,November,56,True,poisson|full,4.5,0,OK
2025-11-20,Nordenberg,small,0,0.2,2.8,0.0,5.6,train,Thursday,November,56,True,poisson|full,0.4,0,OK
2025-11-21,Nordenberg,small,0,0.3,2.8,0.0,5.7,train,Friday,November,56,True,poisson|full,0.5,0,OK
2025-11-22,Nordenberg,small,0,0.2,2.8,0.0,5.6,train,Saturday,November,56,True,poisson|full,0.4,0,OK
2025-11-24,Nordenberg,small,0,0.4,2.8,0.0,5.9,train,Monday,November,56,True,poisson|full,0.7,0,OK
2025-11-25,Nordenberg,small,0,0.5,2.8,0.0,5.9,train,Tuesday,November,56,True,poisson|full,0.9,0,OK
2025-11-26,Nordenberg,small,0,0.6,2.8,0.0,6.0,train,Wednesday,November,56,True,poisson|full,1.1,0,OK
2025-11-27,Nordenberg,small,0,0.7,2.8,0.0,6.1,train,Thursday,November,56,True,poisson|full,1.2,0,OK
2025-11-28,Nordenberg,small,0,0.9,2.8,0.0,6.3,train,Friday,November,56,True,poisson|full,1.6,0,OK
2025-11-29,Nordenberg,small,0,0.7,2.8,0.0,6.1,train,Saturday,November,56,True,poisson|full,1.2,0,OK
2025-12-01,Nordenberg,small,0,1.5,3.4,0.0,8.1,train,Monday,December,56,True,poisson|full,2.7,0,OK
2025-12-02,Nordenberg,small,0,1.7,3.6,0.0,8.8,train,Tuesday,December,56,True,poisson|full,3.0,0,OK
2025-12-03,Nordenberg,small,1,2.0,3.9,0.0,9.7,train,Wednesday,December,56,True,poisson|full,3.6,0,OK
2025-12-04,Nordenberg,small,0,2.5,4.4,0.0,11.0,train,Thursday,December,56,True,poisson|full,4.5,0,OK
2025-12-05,Nordenberg,small,0,2.5,4.4,0.0,11.1,train,Friday,December,56,True,poisson|full,4.5,0,OK
2025-12-06,Nordenberg,small,1,1.5,3.4,0.0,8.2,train,Saturday,December,56,True,poisson|full,2.7,0,OK
2025-12-08,Nordenberg,small,2,2.4,4.3,0.0,10.9,train,Monday,December,56,True,poisson|full,4.3,0,OK
2025-12-09,Nordenberg,small,0,2.3,4.2,0.0,10.6,train,Tuesday,December,56,True,poisson|full,4.1,0,OK
2025-12-10,Nordenberg,small,0,2.3,4.2,0.0,10.5,train,Wednesday,December,56,True,poisson|full,4.1,0,OK
2025-12-11,Nordenberg,small,0,2.3,4.2,0.0,10.6,train,Thursday,December,56,True,poisson|full,4.1,0,OK
2025-12-12,Nordenberg,small,0,2.4,4.3,0.0,10.9,train,Friday,December,56,True,poisson|full,4.3,0,OK
2025-12-13,Nordenberg,small,0,1.5,3.4,0.0,8.1,train,Saturday,December,56,True,poisson|full,2.7,0,OK
2025-12-15,Nordenberg,small,0,2.4,4.3,0.0,10.7,train,Monday,December,56,True,poisson|full,4.3,0,OK
2025-12-16,Nordenberg,small,0,2.2,4.1,0.0,10.4,train,Tuesday,December,56,True,poisson|full,3.9,0,OK
2025-12-17,Nordenberg,small,0,2.2,4.1,0.0,10.2,train,Wednesday,December,56,True,poisson|full,3.9,0,OK
2026-01-03,Nordenberg,small,0,1.3,3.2,0.0,7.6,train,Saturday,January,56,True,poisson|full,2.3,0,OK
2026-01-05,Nordenberg,small,0,2.1,4.0,0.0,10.0,train,Monday,January,56,True,poisson|full,3.8,0,OK
2026-01-06,Nordenberg,small,0,2.0,3.9,0.0,9.7,train,Tuesday,January,56,True,poisson|full,3.6,0,OK
2026-01-07,Nordenberg,small,0,2.0,3.9,0.0,9.6,train,Wednesday,January,56,True,poisson|full,3.6,0,OK
2026-01-08,Nordenberg,small,0,2.0,4.0,0.0,9.8,train,Thursday,January,56,True,poisson|full,3.6,0,OK
2026-01-09,Nordenberg,small,0,2.1,4.0,0.0,10.0,train,Friday,January,56,True,poisson|full,3.8,0,OK
2026-01-10,Nordenberg,small,0,1.3,3.1,0.0,7.5,train,Saturday,January,56,True,poisson|full,2.3,0,OK
2026-01-12,Nordenberg,small,3,2.1,4.0,0.0,9.8,train,Monday,January,56,True,poisson|full,3.8,0,OK
2026-01-13,Nordenberg,small,8,2.0,3.9,0.0,9.6,train,Tuesday,January,56,True,poisson|full,3.6,0,OK
2026-01-14,Nordenberg,small,17,2.0,3.9,0.0,9.7,train,Wednesday,January,56,True,poisson|full,3.6,0,OK
2026-01-15,Nordenberg,small,6,2.2,4.1,0.0,10.2,train,Thursday,January,56,True,poisson|full,3.9,0,OK
2026-01-16,Nordenberg,small,5,2.3,4.2,0.0,10.6,train,Friday,January,56,True,poisson|full,4.1,0,OK
2026-01-17,Nordenberg,small,0,1.5,3.3,0.0,8.0,train,Saturday,January,56,True,poisson|full,2.7,0,OK
2026-01-19,Nordenberg,small,0,2.3,4.2,0.0,10.5,train,Monday,January,56,True,poisson|full,4.1,0,OK
2026-01-20,Nordenberg,small,1,2.2,4.1,0.0,10.2,train,Tuesday,January,56,True,poisson|full,3.9,0,OK
2026-01-21,Nordenberg,small,0,2.1,4.1,0.0,10.1,train,Wednesday,January,56,True,poisson|full,3.8,0,OK
2026-01-22,Nordenberg,small,3,2.1,4.1,0.0,10.1,train,Thursday,January,56,True,poisson|full,3.8,0,OK
2026-01-23,Nordenberg,small,3,2.2,4.1,0.0,10.1,train,Friday,January,56,True,poisson|full,3.9,0,OK
2026-01-24,Nordenberg,small,2,1.3,3.2,0.0,7.5,train,Saturday,January,56,True,poisson|full,2.3,0,OK
2026-01-26,Nordenberg,small,0,2.1,4.0,0.0,9.9,train,Monday,January,56,True,poisson|full,3.8,0,OK
2026-01-27,Nordenberg,small,5,2.0,3.9,0.0,9.6,train,Tuesday,January,56,True,poisson|full,3.6,0,OK
2026-01-28,Nordenberg,small,0,2.0,3.9,0.0,9.6,train,Wednesday,January,56,True,poisson|full,3.6,0,OK
2026-01-29,Nordenberg,small,2,2.0,3.9,0.0,9.7,train,Thursday,January,56,True,poisson|full,3.6,0,OK
2026-01-30,Nordenberg,small,5,2.1,4.0,0.0,9.9,train,Friday,January,56,True,poisson|full,3.8,0,OK
2026-01-31,Nordenberg,small,8,1.2,3.1,0.0,7.3,train,Saturday,January,56,True,poisson|full,2.1,0,OK
2026-02-02,Nordenberg,small,1,2.0,3.9,0.0,9.7,train,Monday,February,56,True,poisson|full,3.6,0,OK
2026-02-03,Nordenberg,small,6,1.9,3.8,0.0,9.4,train,Tuesday,February,56,True,poisson|full,3.4,0,OK
2026-02-04,Nordenberg,small,6,1.9,3.8,0.0,9.4,train,Wednesday,February,56,True,poisson|full,3.4,0,OK
2026-02-05,Nordenberg,small,1,2.0,3.9,0.0,9.6,train,Thursday,February,56,True,poisson|full,3.6,0,OK
2026-02-06,Nordenberg,small,4,2.1,4.0,0.0,9.8,train,Friday,February,56,True,poisson|full,3.8,0,OK
2026-02-07,Nordenberg,small,0,1.3,3.1,0.0,7.4,train,Saturday,February,56,True,poisson|full,2.3,0,OK
2026-02-09,Nordenberg,small,2,2.0,3.9,0.0,9.6,train,Monday,February,56,True,poisson|full,3.6,0,OK
2026-02-10,Nordenberg,small,2,1.8,3.8,0.0,9.2,train,Tuesday,February,56,True,poisson|full,3.2,0,OK
2026-02-11,Nordenberg,small,7,1.8,3.7,0.0,9.1,train,Wednesday,February,56,True,poisson|full,3.2,0,OK
2026-02-12,Nordenberg,small,0,1.9,3.8,0.0,9.3,train,Thursday,February,56,True,poisson|full,3.4,0,OK
2026-02-13,Nordenberg,small,6,1.9,3.8,0.0,9.4,train,Friday,February,56,True,poisson|full,3.4,0,OK
2026-02-14,Nordenberg,small,0,1.2,3.0,0.0,7.1,train,Saturday,February,56,True,poisson|full,2.1,0,OK
2026-02-16,Nordenberg,small,1,1.9,3.8,0.0,9.3,train,Monday,February,56,True,poisson|full,3.4,0,OK
2026-02-17,Nordenberg,small,3,1.8,3.7,0.0,9.1,train,Tuesday,February,56,True,poisson|full,3.2,0,OK
2026-02-18,Nordenberg,small,5,1.8,3.7,0.0,8.9,train,Wednesday,February,56,True,poisson|full,3.2,0,OK
2026-02-19,Nordenberg,small,1,1.8,3.7,0.0,9.2,train,Thursday,February,56,True,poisson|full,3.2,0,OK
2026-02-20,Nordenberg,small,0,1.9,3.8,0.0,9.2,train,Friday,February,56,True,poisson|full,3.4,0,OK
2026-02-21,Nordenberg,small,2,1.1,2.9,0.0,6.9,train,Saturday,February,56,True,poisson|full,2.0,0,OK
2026-02-23,Nordenberg,small,11,1.8,3.7,0.0,9.0,train,Monday,February,56,True,poisson|full,3.2,0,OK
2026-02-24,Nordenberg,small,1,1.7,3.6,0.0,8.9,train,Tuesday,February,56,True,poisson|full,3.0,0,OK
2026-02-25,Nordenberg,small,4,1.7,3.6,0.0,8.8,train,Wednesday,February,56,True,poisson|full,3.0,0,OK
2026-02-26,Nordenberg,small,1,1.8,3.7,0.0,9.0,train,Thursday,February,56,True,poisson|full,3.2,0,OK
2026-02-27,Nordenberg,small,2,1.8,3.7,0.0,9.1,train,Friday,February,56,True,poisson|full,3.2,0,OK
2026-02-28,Nordenberg,small,0,1.1,2.9,0.0,6.8,train,Saturday,February,56,True,poisson|full,2.0,0,OK
2026-03-02,Nordenberg,small,1,1.8,3.7,0.0,8.9,test,Monday,March,56,True,poisson|full,3.2,0,OK
2026-03-03,Nordenberg,small,1,1.7,3.6,0.0,8.6,test,Tuesday,March,56,True,poisson|full,3.0,0,OK
2026-03-04,Nordenberg,small,0,1.6,3.5,0.0,8.4,test,Wednesday,March,56,True,poisson|full,2.9,0,OK
2026-03-05,Nordenberg,small,0,1.9,3.8,0.0,9.5,test,Thursday,March,56,True,poisson|full,3.4,0,OK
2026-03-06,Nordenberg,small,1,2.0,3.9,0.0,9.6,test,Friday,March,56,True,poisson|full,3.6,0,OK
2026-03-07,Nordenberg,small,0,1.2,3.0,0.0,7.2,test,Saturday,March,56,True,poisson|full,2.1,0,OK
2026-03-09,Nordenberg,small,0,1.9,3.8,0.0,9.4,test,Monday,March,56,True,poisson|full,3.4,0,OK
2026-03-10,Nordenberg,small,0,1.8,3.7,0.0,9.1,test,Tuesday,March,56,True,poisson|full,3.2,0,OK
2026-03-11,Nordenberg,small,0,1.8,3.7,0.0,9.0,test,Wednesday,March,56,True,poisson|full,3.2,0,OK
2026-03-12,Nordenberg,small,0,1.8,3.7,0.0,9.1,test,Thursday,March,56,True,poisson|full,3.2,0,OK
2026-03-13,Nordenberg,small,0,1.9,3.8,0.0,9.3,test,Friday,March,56,True,poisson|full,3.4,0,OK
2026-03-14,Nordenberg,small,0,1.1,2.9,0.0,6.9,test,Saturday,March,56,True,poisson|full,2.0,0,OK
2026-03-16,Nordenberg,small,8,1.5,3.4,0.0,8.2,test,Monday,March,56,True,poisson|full,2.7,0,OK
2026-03-17,Nordenberg,small,24,1.5,3.4,0.0,8.1,test,Tuesday,March,56,True,poisson|full,2.7,0,OK
2026-03-18,Nordenberg,small,75,1.6,3.5,0.0,8.4,test,Wednesday,March,56,True,poisson|full,2.9,19,OK
2026-03-19,Nordenberg,small,0,2.2,4.1,0.0,10.2,test,Thursday,March,56,True,poisson|full,3.9,0,OK
2026-03-20,Nordenberg,small,3,2.3,4.2,0.0,10.5,test,Friday,March,56,True,poisson|full,4.1,0,OK
2026-03-21,Nordenberg,small,0,1.4,3.3,0.0,7.8,test,Saturday,March,56,True,poisson|full,2.5,0,OK
2026-03-23,Nordenberg,small,0,2.2,4.1,0.0,10.3,test,Monday,March,56,True,poisson|full,3.9,0,OK
2026-03-24,Nordenberg,small,1,2.1,4.0,0.0,10.0,test,Tuesday,March,56,True,poisson|full,3.8,0,OK
2026-03-25,Nordenberg,small,3,2.1,4.0,0.0,9.8,test,Wednesday,March,56,True,poisson|full,3.8,0,OK
2026-03-26,Nordenberg,small,1,2.0,3.9,0.0,9.6,test,Thursday,March,56,True,poisson|full,3.6,0,OK
2026-03-27,Nordenberg,small,3,1.7,3.6,0.0,8.7,test,Friday,March,56,True,poisson|full,3.0,0,OK
2026-03-28,Nordenberg,small,1,1.0,2.8,0.0,6.6,test,Saturday,March,56,True,poisson|full,1.8,0,OK
2026-03-30,Nordenberg,small,4,1.6,3.5,0.0,8.6,test,Monday,March,56,True,poisson|full,2.9,0,OK
2026-03-31,Nordenberg,small,2,1.6,3.5,0.0,8.4,test,Tuesday,March,56,True,poisson|full,2.9,0,OK
2026-04-01,Nordenberg,small,0,1.6,3.5,0.0,8.4,test,Wednesday,April,56,True,poisson|full,2.9,0,OK
2026-04-02,Nordenberg,small,1,1.6,3.5,0.0,8.4,test,Thursday,April,56,True,poisson|full,2.9,0,OK
2026-04-03,Nordenberg,small,7,1.6,3.5,0.0,8.4,test,Friday,April,56,True,poisson|full,2.9,0,OK
2026-04-04,Nordenberg,small,0,0.9,2.8,0.0,6.3,test,Saturday,April,56,True,poisson|full,1.6,0,OK
2026-04-06,Nordenberg,small,1,1.4,3.3,0.0,7.8,test,Monday,April,56,True,poisson|full,2.5,0,OK
2026-04-07,Nordenberg,small,0,1.3,3.2,0.0,7.6,test,Tuesday,April,56,True,poisson|full,2.3,0,OK
2026-04-08,Nordenberg,small,10,1.3,3.1,0.0,7.4,test,Wednesday,April,56,True,poisson|full,2.3,0,OK
2026-04-09,Nordenberg,small,1,1.4,3.2,0.0,7.7,test,Thursday,April,56,True,poisson|full,2.5,0,OK
2026-04-10,Nordenberg,small,1,1.4,3.3,0.0,7.9,test,Friday,April,56,True,poisson|full,2.5,0,OK
2026-04-11,Nordenberg,small,1,0.9,2.8,0.0,6.3,test,Saturday,April,56,True,poisson|full,1.6,0,OK
2026-04-13,Nordenberg,small,1,1.3,3.2,0.0,7.6,test,Monday,April,56,True,poisson|full,2.3,0,OK
2026-04-14,Nordenberg,small,2,1.3,3.1,0.0,7.4,test,Tuesday,April,56,True,poisson|full,2.3,0,OK
2026-04-15,Nordenberg,small,0,1.3,3.1,0.0,7.4,test,Wednesday,April,56,True,poisson|full,2.3,0,OK
2026-04-16,Nordenberg,small,1,1.3,3.1,0.0,7.4,test,Thursday,April,56,True,poisson|full,2.3,0,OK
2026-04-17,Nordenberg,small,6,1.3,3.2,0.0,7.5,test,Friday,April,56,True,poisson|full,2.3,0,OK
2026-04-18,Nordenberg,small,1,0.8,2.8,0.0,6.2,test,Saturday,April,56,True,poisson|full,1.4,0,OK
2026-04-20,Nordenberg,small,0,1.3,3.2,0.0,7.5,test,Monday,April,56,True,poisson|full,2.3,0,OK
2026-04-21,Nordenberg,small,1,1.3,3.2,0.0,7.5,test,Tuesday,April,56,True,poisson|full,2.3,0,OK
2026-04-22,Nordenberg,small,2,0.5,2.8,0.0,5.9,test,Wednesday,April,56,True,poisson|full,0.9,0,OK
2026-04-23,Nordenberg,small,1,0.5,2.8,0.0,5.9,test,Thursday,April,56,True,poisson|full,0.9,0,OK
2026-04-24,Nordenberg,small,4,0.5,2.8,0.0,5.9,test,Friday,April,56,True,poisson|full,0.9,0,OK
2026-04-25,Nordenberg,small,0,0.3,2.8,0.0,5.7,test,Saturday,April,56,True,poisson|full,0.5,0,OK
2026-04-27,Nordenberg,small,1,0.5,2.8,0.0,5.9,test,Monday,April,56,True,poisson|full,0.9,0,OK
2026-04-28,Nordenberg,small,1,0.5,2.8,0.0,5.9,test,Tuesday,April,56,True,poisson|full,0.9,0,OK
2026-04-29,Nordenberg,small,1,0.5,2.8,0.0,5.9,test,Wednesday,April,56,True,poisson|full,0.9,0,OK
2026-04-30,Nordenberg,small,0,0.5,2.8,0.0,5.9,test,Thursday,April,56,True,poisson|full,0.9,0,OK
2026-05-01,Nordenberg,small,0,0.5,2.8,0.0,5.9,test,Friday,May,56,True,poisson|full,0.9,0,OK
2026-05-02,Nordenberg,small,0,0.3,2.8,0.0,5.7,test,Saturday,May,56,True,poisson|full,0.5,0,OK
2026-08-17,Nordenberg,small,5,1.1,2.9,0.0,6.7,test,Monday,August,56,True,poisson|full,2.0,0,OK
2026-08-18,Nordenberg,small,26,1.0,2.8,0.0,6.5,test,Tuesday,August,56,True,poisson|full,1.8,0,OK
2026-08-19,Nordenberg,small,4,1.1,2.9,0.0,6.8,test,Wednesday,August,56,True,poisson|full,2.0,0,OK
2026-08-20,Nordenberg,small,5,1.2,3.0,0.0,7.0,test,Thursday,August,56,True,poisson|full,2.1,0,OK
2026-08-21,Nordenberg,small,1,1.2,3.1,0.0,7.2,test,Friday,August,56,True,poisson|full,2.1,0,OK
2026-08-22,Nordenberg,small,0,0.7,2.8,0.0,6.2,test,Saturday,August,56,True,poisson|full,1.2,0,OK
2026-08-24,Nordenberg,small,5,1.2,3.0,0.0,7.1,test,Monday,August,56,True,poisson|full,2.1,0,OK
2026-08-25,Nordenberg,small,4,1.2,3.0,0.0,7.0,test,Tuesday,August,56,True,poisson|full,2.1,0,OK
2026-08-26,Nordenberg,small,5,1.1,2.9,0.0,6.9,test,Wednesday,August,56,True,poisson|full,2.0,0,OK
2026-08-27,Nordenberg,small,0,1.1,2.9,0.0,6.8,test,Thursday,August,56,True,poisson|full,2.0,0,OK
2026-08-28,Nordenberg,small,6,1.1,2.9,0.0,6.9,test,Friday,August,56,True,poisson|full,2.0,0,OK
2026-08-29,Nordenberg,small,5,0.7,2.8,0.0,6.1,test,Saturday,August,56,True,poisson|full,1.2,0,OK
2026-08-31,Nordenberg,small,4,1.1,2.9,0.0,6.9,test,Monday,August,56,True,poisson|full,2.0,0,OK
2026-09-01,Nordenberg,small,3,1.1,2.9,0.0,6.7,test,Tuesday,September,56,True,poisson|full,2.0,0,OK
2026-09-02,Nordenberg,small,4,1.1,2.9,0.0,6.6,test,Wednesday,September,56,True,poisson|full,2.0,0,OK
2026-09-03,Nordenberg,small,5,1.1,2.9,0.0,6.7,test,Thursday,September,56,True,poisson|full,2.0,0,OK
2026-09-04,Nordenberg,small,1,1.1,2.9,0.0,6.8,test,Friday,September,56,True,poisson|full,2.0,0,OK
2026-09-05,Nordenberg,small,0,0.7,2.8,0.0,6.1,test,Saturday,September,56,True,poisson|full,1.2,0,OK
2026-09-07,Nordenberg,small,0,1.0,2.8,0.0,6.5,test,Monday,September,56,True,poisson|full,1.8,0,OK
2026-09-08,Nordenberg,small,1,1.0,2.8,0.0,6.4,test,Tuesday,September,56,True,poisson|full,1.8,0,OK
2026-09-09,Nordenberg,small,5,0.9,2.8,0.0,6.4,test,Wednesday,September,56,True,poisson|full,1.6,0,OK
2026-09-10,Nordenberg,small,2,1.0,2.8,0.0,6.4,test,Thursday,September,56,True,poisson|full,1.8,0,OK
2026-09-11,Nordenberg,small,1,0.7,2.8,0.0,6.1,test,Friday,September,56,True,poisson|full,1.2,0,OK
2026-09-12,Nordenberg,small,1,0.4,2.8,0.0,5.9,test,Saturday,September,56,True,poisson|full,0.7,0,OK
2026-09-14,Nordenberg,small,1,0.7,2.8,0.0,6.1,test,Monday,September,56,True,poisson|full,1.2,0,OK
2026-09-15,Nordenberg,small,9,0.7,2.8,0.0,6.1,test,Tuesday,September,56,True,poisson|full,1.2,0,OK
2026-09-16,Nordenberg,small,14,0.7,2.8,0.0,6.1,test,Wednesday,September,56,True,poisson|full,1.2,0,OK
2025-05-01,Residences on Bigelow,small,0,1.4,3.1,0.0,7.4,train,Thursday,May,27,True,tweedie|lean,5.2,0,OK
2025-05-02,Residences on Bigelow,small,1,1.4,3.2,0.0,7.7,train,Friday,May,27,True,tweedie|lean,5.2,0,OK
2025-05-03,Residences on Bigelow,small,0,0.8,2.6,0.0,6.0,train,Saturday,May,27,True,tweedie|lean,3.0,0,OK
2025-05-05,Residences on Bigelow,small,0,1.4,3.1,0.0,7.6,train,Monday,May,27,True,tweedie|lean,5.2,0,OK
2025-05-06,Residences on Bigelow,small,0,1.2,2.9,0.0,7.0,train,Tuesday,May,27,True,tweedie|lean,4.4,0,OK
2025-05-07,Residences on Bigelow,small,0,1.0,2.7,0.0,6.2,train,Wednesday,May,27,True,tweedie|lean,3.7,0,OK
2025-05-08,Residences on Bigelow,small,0,0.9,2.6,0.0,6.1,train,Thursday,May,27,True,tweedie|lean,3.3,0,OK
2025-05-09,Residences on Bigelow,small,0,1.0,2.6,0.0,6.1,train,Friday,May,27,True,tweedie|lean,3.7,0,OK
2025-05-10,Residences on Bigelow,small,0,0.8,2.6,0.0,6.0,train,Saturday,May,27,True,tweedie|lean,3.0,0,OK
2025-05-12,Residences on Bigelow,small,0,1.4,3.1,0.0,7.6,train,Monday,May,27,True,tweedie|lean,5.2,0,OK
2025-05-13,Residences on Bigelow,small,0,1.2,2.9,0.0,6.9,train,Tuesday,May,27,True,tweedie|lean,4.4,0,OK
2025-05-14,Residences on Bigelow,small,0,1.0,2.6,0.0,6.2,train,Wednesday,May,27,True,tweedie|lean,3.7,0,OK
2025-05-15,Residences on Bigelow,small,0,0.9,2.6,0.0,6.1,train,Thursday,May,27,True,tweedie|lean,3.3,0,OK
2025-05-16,Residences on Bigelow,small,0,1.0,2.6,0.0,6.1,train,Friday,May,27,True,tweedie|lean,3.7,0,OK
2025-05-17,Residences on Bigelow,small,0,0.8,2.6,0.0,5.9,train,Saturday,May,27,True,tweedie|lean,3.0,0,OK
2025-05-19,Residences on Bigelow,small,0,1.4,3.1,0.0,7.5,train,Monday,May,27,True,tweedie|lean,5.2,0,OK
2025-05-20,Residences on Bigelow,small,0,1.2,2.9,0.0,6.9,train,Tuesday,May,27,True,tweedie|lean,4.4,0,OK
2025-05-21,Residences on Bigelow,small,0,1.0,2.6,0.0,6.2,train,Wednesday,May,27,True,tweedie|lean,3.7,0,OK
2025-05-22,Residences on Bigelow,small,0,0.9,2.6,0.0,6.1,train,Thursday,May,27,True,tweedie|lean,3.3,0,OK
2025-05-23,Residences on Bigelow,small,0,1.0,2.6,0.0,6.1,train,Friday,May,27,True,tweedie|lean,3.7,0,OK
2025-05-24,Residences on Bigelow,small,0,0.8,2.6,0.0,5.9,train,Saturday,May,27,True,tweedie|lean,3.0,0,OK
2025-05-26,Residences on Bigelow,small,0,1.4,3.1,0.0,7.5,train,Monday,May,27,True,tweedie|lean,5.2,0,OK
2025-05-27,Residences on Bigelow,small,1,1.2,2.9,0.0,6.9,train,Tuesday,May,27,True,tweedie|lean,4.4,0,OK
2025-05-28,Residences on Bigelow,small,0,1.0,2.6,0.0,6.2,train,Wednesday,May,27,True,tweedie|lean,3.7,0,OK
2025-05-29,Residences on Bigelow,small,0,0.9,2.6,0.0,6.1,train,Thursday,May,27,True,tweedie|lean,3.3,0,OK
2025-05-30,Residences on Bigelow,small,0,1.0,2.6,0.0,6.1,train,Friday,May,27,True,tweedie|lean,3.7,0,OK
2025-05-31,Residences on Bigelow,small,0,0.8,2.6,0.0,5.9,train,Saturday,May,27,True,tweedie|lean,3.0,0,OK
2025-06-02,Residences on Bigelow,small,0,1.4,3.1,0.0,7.5,train,Monday,June,27,True,tweedie|lean,5.2,0,OK
2025-06-03,Residences on Bigelow,small,0,1.2,2.9,0.0,6.9,train,Tuesday,June,27,True,tweedie|lean,4.4,0,OK
2025-06-04,Residences on Bigelow,small,0,1.0,2.6,0.0,6.2,train,Wednesday,June,27,True,tweedie|lean,3.7,0,OK
2025-06-05,Residences on Bigelow,small,0,0.9,2.6,0.0,6.1,train,Thursday,June,27,True,tweedie|lean,3.3,0,OK
2025-06-06,Residences on Bigelow,small,0,1.0,2.6,0.0,6.1,train,Friday,June,27,True,tweedie|lean,3.7,0,OK
2025-06-07,Residences on Bigelow,small,0,0.8,2.6,0.0,5.9,train,Saturday,June,27,True,tweedie|lean,3.0,0,OK
2025-06-09,Residences on Bigelow,small,0,1.4,3.1,0.0,7.5,train,Monday,June,27,True,tweedie|lean,5.2,0,OK
2025-06-10,Residences on Bigelow,small,0,1.2,2.9,0.0,6.9,train,Tuesday,June,27,True,tweedie|lean,4.4,0,OK
2025-06-11,Residences on Bigelow,small,0,1.0,2.6,0.0,6.2,train,Wednesday,June,27,True,tweedie|lean,3.7,0,OK
2025-06-12,Residences on Bigelow,small,0,0.9,2.6,0.0,6.1,train,Thursday,June,27,True,tweedie|lean,3.3,0,OK
2025-06-13,Residences on Bigelow,small,0,1.0,2.6,0.0,6.1,train,Friday,June,27,True,tweedie|lean,3.7,0,OK
2025-06-14,Residences on Bigelow,small,0,0.8,2.6,0.0,5.9,train,Saturday,June,27,True,tweedie|lean,3.0,0,OK
2025-06-16,Residences on Bigelow,small,0,1.4,3.1,0.0,7.5,train,Monday,June,27,True,tweedie|lean,5.2,0,OK
2025-06-17,Residences on Bigelow,small,0,1.2,2.9,0.0,6.9,train,Tuesday,June,27,True,tweedie|lean,4.4,0,OK
2025-06-18,Residences on Bigelow,small,0,1.0,2.6,0.0,6.2,train,Wednesday,June,27,True,tweedie|lean,3.7,0,OK
2025-06-19,Residences on Bigelow,small,0,0.9,2.6,0.0,6.1,train,Thursday,June,27,True,tweedie|lean,3.3,0,OK
2025-06-20,Residences on Bigelow,small,0,1.0,2.6,0.0,6.1,train,Friday,June,27,True,tweedie|lean,3.7,0,OK
2025-06-21,Residences on Bigelow,small,0,0.8,2.6,0.0,5.9,train,Saturday,June,27,True,tweedie|lean,3.0,0,OK
2025-06-23,Residences on Bigelow,small,0,1.4,3.1,0.0,7.5,train,Monday,June,27,True,tweedie|lean,5.2,0,OK
2025-06-24,Residences on Bigelow,small,0,1.2,2.9,0.0,6.9,train,Tuesday,June,27,True,tweedie|lean,4.4,0,OK
2025-06-25,Residences on Bigelow,small,0,1.0,2.6,0.0,6.2,train,Wednesday,June,27,True,tweedie|lean,3.7,0,OK
2025-06-26,Residences on Bigelow,small,0,0.9,2.6,0.0,6.1,train,Thursday,June,27,True,tweedie|lean,3.3,0,OK
2025-06-27,Residences on Bigelow,small,0,1.0,2.6,0.0,6.1,train,Friday,June,27,True,tweedie|lean,3.7,0,OK
2025-06-28,Residences on Bigelow,small,0,0.8,2.6,0.0,5.9,train,Saturday,June,27,True,tweedie|lean,3.0,0,OK
2025-06-30,Residences on Bigelow,small,0,1.4,3.1,0.0,7.5,train,Monday,June,27,True,tweedie|lean,5.2,0,OK
2025-07-01,Residences on Bigelow,small,0,1.2,2.9,0.0,6.9,train,Tuesday,July,27,True,tweedie|lean,4.4,0,OK
2025-07-02,Residences on Bigelow,small,0,1.0,2.6,0.0,6.2,train,Wednesday,July,27,True,tweedie|lean,3.7,0,OK
2025-07-03,Residences on Bigelow,small,0,0.9,2.6,0.0,6.1,train,Thursday,July,27,True,tweedie|lean,3.3,0,OK
2025-07-04,Residences on Bigelow,small,0,0.9,2.6,0.0,6.1,train,Friday,July,27,True,tweedie|lean,3.3,0,OK
2025-07-05,Residences on Bigelow,small,0,0.8,2.6,0.0,5.9,train,Saturday,July,27,True,tweedie|lean,3.0,0,OK
2025-07-07,Residences on Bigelow,small,0,1.4,3.1,0.0,7.5,train,Monday,July,27,True,tweedie|lean,5.2,0,OK
2025-07-08,Residences on Bigelow,small,0,1.2,2.9,0.0,6.9,train,Tuesday,July,27,True,tweedie|lean,4.4,0,OK
2025-07-09,Residences on Bigelow,small,0,1.0,2.6,0.0,6.2,train,Wednesday,July,27,True,tweedie|lean,3.7,0,OK
2025-07-10,Residences on Bigelow,small,0,0.9,2.6,0.0,6.1,train,Thursday,July,27,True,tweedie|lean,3.3,0,OK
2025-07-11,Residences on Bigelow,small,0,0.9,2.6,0.0,6.1,train,Friday,July,27,True,tweedie|lean,3.3,0,OK
2025-07-12,Residences on Bigelow,small,0,0.8,2.6,0.0,5.9,train,Saturday,July,27,True,tweedie|lean,3.0,0,OK
2025-07-14,Residences on Bigelow,small,0,1.4,3.1,0.0,7.5,train,Monday,July,27,True,tweedie|lean,5.2,0,OK
2025-07-15,Residences on Bigelow,small,0,1.2,2.9,0.0,6.9,train,Tuesday,July,27,True,tweedie|lean,4.4,0,OK
2025-07-16,Residences on Bigelow,small,2,1.0,2.6,0.0,6.2,train,Wednesday,July,27,True,tweedie|lean,3.7,0,OK
2025-07-17,Residences on Bigelow,small,1,0.9,2.6,0.0,6.1,train,Thursday,July,27,True,tweedie|lean,3.3,0,OK
2025-07-18,Residences on Bigelow,small,2,1.0,2.6,0.0,6.1,train,Friday,July,27,True,tweedie|lean,3.7,0,OK
2025-07-19,Residences on Bigelow,small,0,0.8,2.6,0.0,6.0,train,Saturday,July,27,True,tweedie|lean,3.0,0,OK
2025-07-21,Residences on Bigelow,small,2,1.4,3.2,0.0,7.7,train,Monday,July,27,True,tweedie|lean,5.2,0,OK
2025-07-22,Residences on Bigelow,small,0,1.3,3.0,0.0,7.1,train,Tuesday,July,27,True,tweedie|lean,4.8,0,OK
2025-07-23,Residences on Bigelow,small,0,1.1,2.7,0.0,6.4,train,Wednesday,July,27,True,tweedie|lean,4.1,0,OK
2025-07-24,Residences on Bigelow,small,0,0.9,2.6,0.0,6.1,train,Thursday,July,27,True,tweedie|lean,3.3,0,OK
2025-07-25,Residences on Bigelow,small,1,1.0,2.6,0.0,6.2,train,Friday,July,27,True,tweedie|lean,3.7,0,OK
2025-07-26,Residences on Bigelow,small,0,0.8,2.6,0.0,6.0,train,Saturday,July,27,True,tweedie|lean,3.0,0,OK
2025-07-28,Residences on Bigelow,small,3,1.5,3.2,0.0,7.8,train,Monday,July,27,True,tweedie|lean,5.6,0,OK
2025-07-29,Residences on Bigelow,small,0,1.3,3.0,0.0,7.3,train,Tuesday,July,27,True,tweedie|lean,4.8,0,OK
2025-07-30,Residences on Bigelow,small,0,1.1,2.8,0.0,6.5,train,Wednesday,July,27,True,tweedie|lean,4.1,0,OK
2025-07-31,Residences on Bigelow,small,0,1.0,2.6,0.0,6.2,train,Thursday,July,27,True,tweedie|lean,3.7,0,OK
2025-08-01,Residences on Bigelow,small,1,1.0,2.7,0.0,6.3,train,Friday,August,27,True,tweedie|lean,3.7,0,OK
2025-08-02,Residences on Bigelow,small,0,0.8,2.6,0.0,6.0,train,Saturday,August,27,True,tweedie|lean,3.0,0,OK
2025-08-04,Residences on Bigelow,small,2,1.5,3.2,0.0,7.9,train,Monday,August,27,True,tweedie|lean,5.6,0,OK
2025-08-05,Residences on Bigelow,small,2,1.3,3.0,0.0,7.3,train,Tuesday,August,27,True,tweedie|lean,4.8,0,OK
2025-08-06,Residences on Bigelow,small,0,1.1,2.8,0.0,6.5,train,Wednesday,August,27,True,tweedie|lean,4.1,0,OK
2025-08-07,Residences on Bigelow,small,0,1.0,2.6,0.0,6.2,train,Thursday,August,27,True,tweedie|lean,3.7,0,OK
2025-08-08,Residences on Bigelow,small,2,1.1,2.7,0.0,6.3,train,Friday,August,27,True,tweedie|lean,4.1,0,OK
2025-08-09,Residences on Bigelow,small,0,0.9,2.6,0.0,6.0,train,Saturday,August,27,True,tweedie|lean,3.3,0,OK
2025-08-11,Residences on Bigelow,small,14,1.6,3.3,0.0,8.0,train,Monday,August,27,True,tweedie|lean,5.9,0,OK
2025-08-12,Residences on Bigelow,small,0,1.5,3.3,0.0,7.9,train,Tuesday,August,27,True,tweedie|lean,5.6,0,OK
2025-08-13,Residences on Bigelow,small,2,1.3,3.0,0.0,7.0,train,Wednesday,August,27,True,tweedie|lean,4.8,0,OK
2025-08-14,Residences on Bigelow,small,8,1.1,2.8,0.0,6.6,train,Thursday,August,27,True,tweedie|lean,4.1,0,OK
2025-08-15,Residences on Bigelow,small,7,1.3,3.0,0.0,7.2,train,Friday,August,27,True,tweedie|lean,4.8,0,OK
2025-08-16,Residences on Bigelow,small,0,1.1,2.8,0.0,6.5,train,Saturday,August,27,True,tweedie|lean,4.1,0,OK
2025-08-18,Residences on Bigelow,small,12,6.1,6.5,0.0,18.9,train,Monday,August,27,True,tweedie|lean,22.6,0,OK
2025-08-19,Residences on Bigelow,small,14,5.8,6.4,0.0,18.3,train,Tuesday,August,27,True,tweedie|lean,21.5,0,OK
2025-08-20,Residences on Bigelow,small,0,5.4,6.1,0.0,17.4,train,Wednesday,August,27,True,tweedie|lean,20.0,0,OK
2025-08-21,Residences on Bigelow,small,4,4.8,5.8,0.0,16.1,train,Thursday,August,27,True,tweedie|lean,17.8,0,OK
2025-08-22,Residences on Bigelow,small,0,5.2,6.0,0.0,17.0,train,Friday,August,27,True,tweedie|lean,19.3,0,OK
2025-08-23,Residences on Bigelow,small,0,4.2,5.4,0.0,14.7,train,Saturday,August,27,True,tweedie|lean,15.6,0,OK
2025-08-25,Residences on Bigelow,small,0,7.6,7.3,0.0,21.8,train,Monday,August,27,True,tweedie|lean,28.1,0,OK
2025-08-26,Residences on Bigelow,small,12,6.5,6.7,0.0,19.7,train,Tuesday,August,27,True,tweedie|lean,24.1,0,OK
2025-08-27,Residences on Bigelow,small,13,5.9,6.4,0.0,18.5,train,Wednesday,August,27,True,tweedie|lean,21.9,0,OK
2025-08-28,Residences on Bigelow,small,0,5.5,6.2,0.0,17.7,train,Thursday,August,27,True,tweedie|lean,20.4,0,OK
2025-08-29,Residences on Bigelow,small,5,5.9,6.4,0.0,18.5,train,Friday,August,27,True,tweedie|lean,21.9,0,OK
2025-08-30,Residences on Bigelow,small,1,4.9,5.8,0.0,16.2,train,Saturday,August,27,True,tweedie|lean,18.1,0,OK
2025-09-01,Residences on Bigelow,small,9,8.5,7.7,0.0,23.5,train,Monday,September,27,True,tweedie|lean,31.5,0,OK
2025-09-02,Residences on Bigelow,small,5,7.7,7.3,0.0,22.0,train,Tuesday,September,27,True,tweedie|lean,28.5,0,OK
2025-09-03,Residences on Bigelow,small,8,6.6,6.8,0.0,19.9,train,Wednesday,September,27,True,tweedie|lean,24.4,0,OK
2025-09-04,Residences on Bigelow,small,0,6.0,6.4,0.0,18.6,train,Thursday,September,27,True,tweedie|lean,22.2,0,OK
2025-09-05,Residences on Bigelow,small,1,5.9,6.4,0.0,18.4,train,Friday,September,27,True,tweedie|lean,21.9,0,OK
2025-09-06,Residences on Bigelow,small,0,4.7,5.7,0.0,16.0,train,Saturday,September,27,True,tweedie|lean,17.4,0,OK
2025-09-08,Residences on Bigelow,small,21,8.3,7.6,0.0,23.3,train,Monday,September,27,True,tweedie|lean,30.7,0,OK
2025-09-09,Residences on Bigelow,small,10,8.7,7.8,0.0,24.0,train,Tuesday,September,27,True,tweedie|lean,32.2,0,OK
2025-09-10,Residences on Bigelow,small,36,7.8,7.4,0.0,22.3,train,Wednesday,September,27,True,tweedie|lean,28.9,9,OK
2025-09-11,Residences on Bigelow,small,3,6.0,6.5,0.0,18.7,train,Thursday,September,27,True,tweedie|lean,22.2,0,OK
2025-09-12,Residences on Bigelow,small,14,6.2,6.5,0.0,19.0,train,Friday,September,27,True,tweedie|lean,23.0,0,OK
2025-09-13,Residences on Bigelow,small,4,5.0,5.9,0.0,16.5,train,Saturday,September,27,True,tweedie|lean,18.5,0,OK
2025-09-15,Residences on Bigelow,small,11,9.3,8.1,0.0,25.1,train,Monday,September,27,True,tweedie|lean,34.4,0,OK
2025-09-16,Residences on Bigelow,small,2,8.6,7.8,0.0,23.8,train,Tuesday,September,27,True,tweedie|lean,31.9,0,OK
2025-09-17,Residences on Bigelow,small,9,7.0,7.0,0.0,20.7,train,Wednesday,September,27,True,tweedie|lean,25.9,0,OK
2025-09-18,Residences on Bigelow,small,10,6.3,6.6,0.0,19.4,train,Thursday,September,27,True,tweedie|lean,23.3,0,OK
2025-09-19,Residences on Bigelow,small,12,7.2,7.1,0.0,21.0,train,Friday,September,27,True,tweedie|lean,26.7,0,OK
2025-09-20,Residences on Bigelow,small,0,5.9,6.4,0.0,18.5,train,Saturday,September,27,True,tweedie|lean,21.9,0,OK
2025-09-22,Residences on Bigelow,small,14,10.2,8.4,0.0,26.7,train,Monday,September,27,True,tweedie|lean,37.8,0,OK
2025-09-23,Residences on Bigelow,small,7,10.0,8.3,0.0,26.3,train,Tuesday,September,27,True,tweedie|lean,37.0,0,OK
2025-09-24,Residences on Bigelow,small,2,8.6,7.7,0.0,23.8,train,Wednesday,September,27,True,tweedie|lean,31.9,0,OK
2025-09-25,Residences on Bigelow,small,3,7.0,7.0,0.0,20.7,train,Thursday,September,27,True,tweedie|lean,25.9,0,OK
2025-09-26,Residences on Bigelow,small,6,7.3,7.1,0.0,21.3,train,Friday,September,27,True,tweedie|lean,27.0,0,OK
2025-09-27,Residences on Bigelow,small,0,5.1,6.0,0.0,16.8,train,Saturday,September,27,True,tweedie|lean,18.9,0,OK
2025-09-29,Residences on Bigelow,small,11,8.7,7.8,0.0,24.0,train,Monday,September,27,True,tweedie|lean,32.2,0,OK
2025-09-30,Residences on Bigelow,small,3,7.4,7.2,0.0,21.5,train,Tuesday,September,27,True,tweedie|lean,27.4,0,OK
2025-10-01,Residences on Bigelow,small,0,6.1,6.5,0.0,18.9,train,Wednesday,October,27,True,tweedie|lean,22.6,0,OK
2025-10-02,Residences on Bigelow,small,0,5.1,6.0,0.0,16.8,train,Thursday,October,27,True,tweedie|lean,18.9,0,OK
2025-10-03,Residences on Bigelow,small,0,5.4,6.1,0.0,17.4,train,Friday,October,27,True,tweedie|lean,20.0,0,OK
2025-10-04,Residences on Bigelow,small,0,4.0,5.3,0.0,14.4,train,Saturday,October,27,True,tweedie|lean,14.8,0,OK
2025-10-06,Residences on Bigelow,small,14,6.8,6.9,0.0,20.2,train,Monday,October,27,True,tweedie|lean,25.2,0,OK
2025-10-07,Residences on Bigelow,small,11,6.1,6.5,0.0,18.8,train,Tuesday,October,27,True,tweedie|lean,22.6,0,OK
2025-10-08,Residences on Bigelow,small,2,5.5,6.2,0.0,17.6,train,Wednesday,October,27,True,tweedie|lean,20.4,0,OK
2025-10-09,Residences on Bigelow,small,4,4.6,5.7,0.0,15.8,train,Thursday,October,27,True,tweedie|lean,17.0,0,OK
2025-10-10,Residences on Bigelow,small,0,4.9,5.9,0.0,16.4,train,Friday,October,27,True,tweedie|lean,18.1,0,OK
2025-10-11,Residences on Bigelow,small,0,3.7,5.1,0.0,13.6,train,Saturday,October,27,True,tweedie|lean,13.7,0,OK
2025-10-13,Residences on Bigelow,small,14,6.3,6.6,0.0,19.3,train,Monday,October,27,True,tweedie|lean,23.3,0,OK
2025-10-14,Residences on Bigelow,small,9,5.3,6.1,0.0,17.3,train,Tuesday,October,27,True,tweedie|lean,19.6,0,OK
2025-10-15,Residences on Bigelow,small,6,4.7,5.7,0.0,15.9,train,Wednesday,October,27,True,tweedie|lean,17.4,0,OK
2025-10-16,Residences on Bigelow,small,9,4.0,5.3,0.0,14.4,train,Thursday,October,27,True,tweedie|lean,14.8,0,OK
2025-10-17,Residences on Bigelow,small,8,4.5,5.6,0.0,15.4,train,Friday,October,27,True,tweedie|lean,16.7,0,OK
2025-10-18,Residences on Bigelow,small,0,3.7,5.1,0.0,13.7,train,Saturday,October,27,True,tweedie|lean,13.7,0,OK
2025-10-20,Residences on Bigelow,small,9,6.7,6.8,0.0,20.1,train,Monday,October,27,True,tweedie|lean,24.8,0,OK
2025-10-21,Residences on Bigelow,small,6,6.1,6.5,0.0,18.9,train,Tuesday,October,27,True,tweedie|lean,22.6,0,OK
2025-10-22,Residences on Bigelow,small,0,5.1,6.0,0.0,16.9,train,Wednesday,October,27,True,tweedie|lean,18.9,0,OK
2025-10-23,Residences on Bigelow,small,11,4.1,5.4,0.0,14.6,train,Thursday,October,27,True,tweedie|lean,15.2,0,OK
2025-10-24,Residences on Bigelow,small,1,4.6,5.6,0.0,15.6,train,Friday,October,27,True,tweedie|lean,17.0,0,OK
2025-10-25,Residences on Bigelow,small,4,3.5,4.9,0.0,13.2,train,Saturday,October,27,True,tweedie|lean,13.0,0,OK
2025-10-27,Residences on Bigelow,small,35,6.3,6.6,0.0,19.2,train,Monday,October,27,True,tweedie|lean,23.3,8,OK
2025-10-28,Residences on Bigelow,small,2,7.3,7.1,0.0,21.3,train,Tuesday,October,27,True,tweedie|lean,27.0,0,OK
2025-10-29,Residences on Bigelow,small,6,6.1,6.5,0.0,18.8,train,Wednesday,October,27,True,tweedie|lean,22.6,0,OK
2025-10-30,Residences on Bigelow,small,4,5.2,6.0,0.0,17.1,train,Thursday,October,27,True,tweedie|lean,19.3,0,OK
2025-10-31,Residences on Bigelow,small,3,5.5,6.2,0.0,17.6,train,Friday,October,27,True,tweedie|lean,20.4,0,OK
2025-11-01,Residences on Bigelow,small,6,4.2,5.4,0.0,14.9,train,Saturday,November,27,True,tweedie|lean,15.6,0,OK
2025-11-03,Residences on Bigelow,small,10,7.6,7.3,0.0,21.9,train,Monday,November,27,True,tweedie|lean,28.1,0,OK
2025-11-04,Residences on Bigelow,small,5,6.9,7.0,0.0,20.6,train,Tuesday,November,27,True,tweedie|lean,25.6,0,OK
2025-11-05,Residences on Bigelow,small,3,6.0,6.4,0.0,18.6,train,Wednesday,November,27,True,tweedie|lean,22.2,0,OK
2025-11-06,Residences on Bigelow,small,16,5.2,6.0,0.0,17.1,train,Thursday,November,27,True,tweedie|lean,19.3,0,OK
2025-11-07,Residences on Bigelow,small,8,6.2,6.6,0.0,19.1,train,Friday,November,27,True,tweedie|lean,23.0,0,OK
2025-11-08,Residences on Bigelow,small,2,5.1,6.0,0.0,16.8,train,Saturday,November,27,True,tweedie|lean,18.9,0,OK
2025-11-10,Residences on Bigelow,small,19,8.6,7.7,0.0,23.7,train,Monday,November,27,True,tweedie|lean,31.9,0,OK
2025-11-11,Residences on Bigelow,small,0,8.7,7.8,0.0,23.9,train,Tuesday,November,27,True,tweedie|lean,32.2,0,OK
2025-11-12,Residences on Bigelow,small,8,6.9,6.9,0.0,20.5,train,Wednesday,November,27,True,tweedie|lean,25.6,0,OK
2025-11-13,Residences on Bigelow,small,3,5.5,6.2,0.0,17.7,train,Thursday,November,27,True,tweedie|lean,20.4,0,OK
2025-11-14,Residences on Bigelow,small,0,6.0,6.5,0.0,18.6,train,Friday,November,27,True,tweedie|lean,22.2,0,OK
2025-11-15,Residences on Bigelow,small,0,4.4,5.6,0.0,15.4,train,Saturday,November,27,True,tweedie|lean,16.3,0,OK
2025-11-17,Residences on Bigelow,small,21,7.6,7.3,0.0,21.9,train,Monday,November,27,True,tweedie|lean,28.1,0,OK
2025-11-18,Residences on Bigelow,small,5,7.7,7.3,0.0,22.1,train,Tuesday,November,27,True,tweedie|lean,28.5,0,OK
2025-11-19,Residences on Bigelow,small,1,6.2,6.6,0.0,19.1,train,Wednesday,November,27,True,tweedie|lean,23.0,0,OK
2025-11-20,Residences on Bigelow,small,5,5.2,6.0,0.0,17.0,train,Thursday,November,27,True,tweedie|lean,19.3,0,OK
2025-11-21,Residences on Bigelow,small,4,5.6,6.3,0.0,17.9,train,Friday,November,27,True,tweedie|lean,20.7,0,OK
2025-11-22,Residences on Bigelow,small,1,4.5,5.6,0.0,15.5,train,Saturday,November,27,True,tweedie|lean,16.7,0,OK
2025-11-24,Residences on Bigelow,small,22,7.4,7.2,0.0,21.4,train,Monday,November,27,True,tweedie|lean,27.4,0,OK
2025-11-25,Residences on Bigelow,small,1,7.4,7.2,0.0,21.6,train,Tuesday,November,27,True,tweedie|lean,27.4,0,OK
2025-11-26,Residences on Bigelow,small,1,5.9,6.4,0.0,18.5,train,Wednesday,November,27,True,tweedie|lean,21.9,0,OK
2025-11-27,Residences on Bigelow,small,0,4.8,5.8,0.0,16.2,train,Thursday,November,27,True,tweedie|lean,17.8,0,OK
2025-11-28,Residences on Bigelow,small,0,5.1,5.9,0.0,16.7,train,Friday,November,27,True,tweedie|lean,18.9,0,OK
2025-11-29,Residences on Bigelow,small,0,3.5,4.9,0.0,13.1,train,Saturday,November,27,True,tweedie|lean,13.0,0,OK
2025-12-01,Residences on Bigelow,small,21,6.2,6.5,0.0,19.0,train,Monday,December,27,True,tweedie|lean,23.0,0,OK
2025-12-02,Residences on Bigelow,small,5,6.3,6.6,0.0,19.3,train,Tuesday,December,27,True,tweedie|lean,23.3,0,OK
2025-12-03,Residences on Bigelow,small,3,5.3,6.1,0.0,17.3,train,Wednesday,December,27,True,tweedie|lean,19.6,0,OK
2025-12-04,Residences on Bigelow,small,8,4.4,5.5,0.0,15.2,train,Thursday,December,27,True,tweedie|lean,16.3,0,OK
2025-12-05,Residences on Bigelow,small,3,4.8,5.8,0.0,16.0,train,Friday,December,27,True,tweedie|lean,17.8,0,OK
2025-12-06,Residences on Bigelow,small,1,3.8,5.1,0.0,13.8,train,Saturday,December,27,True,tweedie|lean,14.1,0,OK
2025-12-08,Residences on Bigelow,small,3,6.6,6.8,0.0,19.9,train,Monday,December,27,True,tweedie|lean,24.4,0,OK
2025-12-09,Residences on Bigelow,small,5,5.7,6.3,0.0,18.1,train,Tuesday,December,27,True,tweedie|lean,21.1,0,OK
2025-12-10,Residences on Bigelow,small,0,4.6,5.7,0.0,15.8,train,Wednesday,December,27,True,tweedie|lean,17.0,0,OK
2025-12-11,Residences on Bigelow,small,12,3.6,5.0,0.0,13.4,train,Thursday,December,27,True,tweedie|lean,13.3,0,OK
2025-12-12,Residences on Bigelow,small,0,4.2,5.4,0.0,14.9,train,Friday,December,27,True,tweedie|lean,15.6,0,OK
2025-12-13,Residences on Bigelow,small,2,3.2,4.7,0.0,12.4,train,Saturday,December,27,True,tweedie|lean,11.9,0,OK
2025-12-15,Residences on Bigelow,small,16,5.8,6.4,0.0,18.3,train,Monday,December,27,True,tweedie|lean,21.5,0,OK
2025-12-16,Residences on Bigelow,small,0,5.7,6.3,0.0,18.0,train,Tuesday,December,27,True,tweedie|lean,21.1,0,OK
2025-12-17,Residences on Bigelow,small,0,4.6,5.7,0.0,15.8,train,Wednesday,December,27,True,tweedie|lean,17.0,0,OK
2025-12-18,Residences on Bigelow,small,0,4.6,5.7,0.0,15.7,train,Thursday,December,27,True,tweedie|lean,17.0,0,OK
2025-12-19,Residences on Bigelow,small,0,4.8,5.8,0.0,16.0,train,Friday,December,27,True,tweedie|lean,17.8,0,OK
2025-12-20,Residences on Bigelow,small,0,3.5,4.9,0.0,13.2,train,Saturday,December,27,True,tweedie|lean,13.0,0,OK
2025-12-22,Residences on Bigelow,small,0,6.0,6.5,0.0,18.7,train,Monday,December,27,True,tweedie|lean,22.2,0,OK
2025-12-23,Residences on Bigelow,small,0,5.1,6.0,0.0,16.8,train,Tuesday,December,27,True,tweedie|lean,18.9,0,OK
2025-12-24,Residences on Bigelow,small,0,4.1,5.4,0.0,14.6,train,Wednesday,December,27,True,tweedie|lean,15.2,0,OK
2025-12-25,Residences on Bigelow,small,0,3.6,5.0,0.0,13.4,train,Thursday,December,27,True,tweedie|lean,13.3,0,OK
2025-12-26,Residences on Bigelow,small,0,3.7,5.1,0.0,13.7,train,Friday,December,27,True,tweedie|lean,13.7,0,OK
2025-12-27,Residences on Bigelow,small,0,2.8,4.4,0.0,11.4,train,Saturday,December,27,True,tweedie|lean,10.4,0,OK
2025-12-29,Residences on Bigelow,small,0,4.7,5.7,0.0,15.9,train,Monday,December,27,True,tweedie|lean,17.4,0,OK
2025-12-30,Residences on Bigelow,small,47,4.1,5.3,0.0,14.5,train,Tuesday,December,27,True,tweedie|lean,15.2,20,OK
2025-12-31,Residences on Bigelow,small,0,5.0,5.9,0.0,16.6,train,Wednesday,December,27,True,tweedie|lean,18.5,0,OK
2026-01-01,Residences on Bigelow,small,0,4.1,5.4,0.0,14.6,train,Thursday,January,27,True,tweedie|lean,15.2,0,OK
2026-01-02,Residences on Bigelow,small,15,4.4,5.5,0.0,15.2,train,Friday,January,27,True,tweedie|lean,16.3,0,OK
2026-01-03,Residences on Bigelow,small,1,3.1,4.6,0.0,12.1,train,Saturday,January,27,True,tweedie|lean,11.5,0,OK
2026-01-05,Residences on Bigelow,small,0,5.5,6.2,0.0,17.6,train,Monday,January,27,True,tweedie|lean,20.4,0,OK
2026-01-06,Residences on Bigelow,small,1,4.7,5.7,0.0,16.0,train,Tuesday,January,27,True,tweedie|lean,17.4,0,OK
2026-01-07,Residences on Bigelow,small,0,3.8,5.2,0.0,13.9,train,Wednesday,January,27,True,tweedie|lean,14.1,0,OK
2026-01-08,Residences on Bigelow,small,15,3.4,4.9,0.0,13.0,train,Thursday,January,27,True,tweedie|lean,12.6,0,OK
2026-01-09,Residences on Bigelow,small,0,4.1,5.4,0.0,14.6,train,Friday,January,27,True,tweedie|lean,15.2,0,OK
2026-01-10,Residences on Bigelow,small,9,3.3,4.8,0.0,12.7,train,Saturday,January,27,True,tweedie|lean,12.2,0,OK
2026-01-12,Residences on Bigelow,small,5,6.3,6.6,0.0,19.3,train,Monday,January,27,True,tweedie|lean,23.3,0,OK
2026-01-13,Residences on Bigelow,small,0,5.7,6.3,0.0,18.1,train,Tuesday,January,27,True,tweedie|lean,21.1,0,OK
2026-01-14,Residences on Bigelow,small,14,4.5,5.6,0.0,15.6,train,Wednesday,January,27,True,tweedie|lean,16.7,0,OK
2026-01-15,Residences on Bigelow,small,8,4.6,5.7,0.0,15.7,train,Thursday,January,27,True,tweedie|lean,17.0,0,OK
2026-01-16,Residences on Bigelow,small,8,4.1,5.3,0.0,14.5,train,Friday,January,27,True,tweedie|lean,15.2,0,OK
2026-01-17,Residences on Bigelow,small,22,3.3,4.8,0.0,12.8,train,Saturday,January,27,True,tweedie|lean,12.2,0,OK
2026-01-19,Residences on Bigelow,small,5,7.3,7.1,0.0,21.2,train,Monday,January,27,True,tweedie|lean,27.0,0,OK
2026-01-20,Residences on Bigelow,small,3,6.1,6.5,0.0,18.9,train,Tuesday,January,27,True,tweedie|lean,22.6,0,OK
2026-01-21,Residences on Bigelow,small,23,5.1,6.0,0.0,16.9,train,Wednesday,January,27,True,tweedie|lean,18.9,0,OK
2026-01-22,Residences on Bigelow,small,7,5.6,6.3,0.0,17.9,train,Thursday,January,27,True,tweedie|lean,20.7,0,OK
2026-01-23,Residences on Bigelow,small,9,6.4,6.6,0.0,19.4,train,Friday,January,27,True,tweedie|lean,23.7,0,OK
2026-01-24,Residences on Bigelow,small,10,5.5,6.2,0.0,17.7,train,Saturday,January,27,True,tweedie|lean,20.4,0,OK
2026-01-26,Residences on Bigelow,small,0,10.0,8.4,0.0,26.4,train,Monday,January,27,True,tweedie|lean,37.0,0,OK
2026-01-27,Residences on Bigelow,small,0,8.8,7.8,0.0,24.1,train,Tuesday,January,27,True,tweedie|lean,32.6,0,OK
2026-01-28,Residences on Bigelow,small,4,6.9,6.9,0.0,20.4,train,Wednesday,January,27,True,tweedie|lean,25.6,0,OK
2026-01-29,Residences on Bigelow,small,1,6.2,6.6,0.0,19.1,train,Thursday,January,27,True,tweedie|lean,23.0,0,OK
2026-01-30,Residences on Bigelow,small,0,6.7,6.8,0.0,20.1,train,Friday,January,27,True,tweedie|lean,24.8,0,OK
2026-01-31,Residences on Bigelow,small,1,5.0,5.9,0.0,16.5,train,Saturday,January,27,True,tweedie|lean,18.5,0,OK
2026-02-02,Residences on Bigelow,small,38,7.5,7.2,0.0,21.6,train,Monday,February,27,True,tweedie|lean,27.8,11,OK
2026-02-03,Residences on Bigelow,small,2,8.7,7.8,0.0,23.9,train,Tuesday,February,27,True,tweedie|lean,32.2,0,OK
2026-02-04,Residences on Bigelow,small,17,6.4,6.7,0.0,19.6,train,Wednesday,February,27,True,tweedie|lean,23.7,0,OK
2026-02-05,Residences on Bigelow,small,3,6.2,6.6,0.0,19.1,train,Thursday,February,27,True,tweedie|lean,23.0,0,OK
2026-02-06,Residences on Bigelow,small,10,6.7,6.8,0.0,20.1,train,Friday,February,27,True,tweedie|lean,24.8,0,OK
2026-02-07,Residences on Bigelow,small,3,5.2,6.0,0.0,17.0,train,Saturday,February,27,True,tweedie|lean,19.3,0,OK
2026-02-09,Residences on Bigelow,small,12,9.2,8.0,0.0,24.9,train,Monday,February,27,True,tweedie|lean,34.1,0,OK
2026-02-10,Residences on Bigelow,small,2,8.5,7.7,0.0,23.6,train,Tuesday,February,27,True,tweedie|lean,31.5,0,OK
2026-02-11,Residences on Bigelow,small,7,6.4,6.7,0.0,19.5,train,Wednesday,February,27,True,tweedie|lean,23.7,0,OK
2026-02-12,Residences on Bigelow,small,8,6.1,6.5,0.0,18.9,train,Thursday,February,27,True,tweedie|lean,22.6,0,OK
2026-02-13,Residences on Bigelow,small,12,6.8,6.9,0.0,20.3,train,Friday,February,27,True,tweedie|lean,25.2,0,OK
2026-02-14,Residences on Bigelow,small,8,5.9,6.4,0.0,18.4,train,Saturday,February,27,True,tweedie|lean,21.9,0,OK
2026-02-16,Residences on Bigelow,small,2,11.3,8.9,0.0,28.6,train,Monday,February,27,True,tweedie|lean,41.9,0,HIGH
2026-02-17,Residences on Bigelow,small,1,9.5,8.2,0.0,25.5,train,Tuesday,February,27,True,tweedie|lean,35.2,0,OK
2026-02-18,Residences on Bigelow,small,15,7.7,7.3,0.0,22.0,train,Wednesday,February,27,True,tweedie|lean,28.5,0,OK
2026-02-19,Residences on Bigelow,small,5,6.2,6.6,0.0,19.2,train,Thursday,February,27,True,tweedie|lean,23.0,0,OK
2026-02-20,Residences on Bigelow,small,5,6.4,6.7,0.0,19.5,train,Friday,February,27,True,tweedie|lean,23.7,0,OK
2026-02-21,Residences on Bigelow,small,6,4.8,5.8,0.0,16.2,train,Saturday,February,27,True,tweedie|lean,17.8,0,OK
2026-02-23,Residences on Bigelow,small,7,9.0,7.9,0.0,24.4,train,Monday,February,27,True,tweedie|lean,33.3,0,OK
2026-02-24,Residences on Bigelow,small,3,7.3,7.1,0.0,21.2,train,Tuesday,February,27,True,tweedie|lean,27.0,0,OK
2026-02-25,Residences on Bigelow,small,5,5.9,6.4,0.0,18.5,train,Wednesday,February,27,True,tweedie|lean,21.9,0,OK
2026-02-26,Residences on Bigelow,small,5,5.1,5.9,0.0,16.7,train,Thursday,February,27,True,tweedie|lean,18.9,0,OK
2026-02-27,Residences on Bigelow,small,9,5.4,6.1,0.0,17.4,train,Friday,February,27,True,tweedie|lean,20.0,0,OK
2026-02-28,Residences on Bigelow,small,4,4.5,5.6,0.0,15.5,train,Saturday,February,27,True,tweedie|lean,16.7,0,OK
2026-03-02,Residences on Bigelow,small,3,8.1,7.5,0.0,22.8,train,Monday,March,27,True,tweedie|lean,30.0,0,OK
2026-03-03,Residences on Bigelow,small,3,6.7,6.8,0.0,20.1,train,Tuesday,March,27,True,tweedie|lean,24.8,0,OK
2026-03-04,Residences on Bigelow,small,6,5.4,6.1,0.0,17.4,train,Wednesday,March,27,True,tweedie|lean,20.0,0,OK
2026-03-05,Residences on Bigelow,small,15,6.4,6.7,0.0,19.4,train,Thursday,March,27,True,tweedie|lean,23.7,0,OK
2026-03-06,Residences on Bigelow,small,0,7.6,7.3,0.0,21.9,train,Friday,March,27,True,tweedie|lean,28.1,0,OK
2026-03-07,Residences on Bigelow,small,10,5.0,5.9,0.0,16.6,train,Saturday,March,27,True,tweedie|lean,18.5,0,OK
2026-03-09,Residences on Bigelow,small,5,9.6,8.2,0.0,25.5,train,Monday,March,27,True,tweedie|lean,35.6,0,OK
2026-03-10,Residences on Bigelow,small,5,8.0,7.5,0.0,22.6,train,Tuesday,March,27,True,tweedie|lean,29.6,0,OK
2026-03-11,Residences on Bigelow,small,1,6.6,6.8,0.0,19.9,train,Wednesday,March,27,True,tweedie|lean,24.4,0,OK
2026-03-12,Residences on Bigelow,small,6,5.6,6.2,0.0,17.8,train,Thursday,March,27,True,tweedie|lean,20.7,0,OK
2026-03-13,Residences on Bigelow,small,15,6.1,6.5,0.0,18.9,train,Friday,March,27,True,tweedie|lean,22.6,0,OK
2026-03-14,Residences on Bigelow,small,3,5.2,6.0,0.0,17.0,train,Saturday,March,27,True,tweedie|lean,19.3,0,OK
2026-03-16,Residences on Bigelow,small,11,7.5,7.2,0.0,21.6,train,Monday,March,27,True,tweedie|lean,27.8,0,OK
2026-03-17,Residences on Bigelow,small,2,6.7,6.8,0.0,20.0,train,Tuesday,March,27,True,tweedie|lean,24.8,0,OK
2026-03-18,Residences on Bigelow,small,1,5.3,6.1,0.0,17.2,train,Wednesday,March,27,True,tweedie|lean,19.6,0,OK
2026-03-19,Residences on Bigelow,small,12,4.6,5.6,0.0,15.6,train,Thursday,March,27,True,tweedie|lean,17.0,0,OK
2026-03-20,Residences on Bigelow,small,11,5.2,6.0,0.0,16.9,train,Friday,March,27,True,tweedie|lean,19.3,0,OK
2026-03-21,Residences on Bigelow,small,4,4.4,5.5,0.0,15.3,train,Saturday,March,27,True,tweedie|lean,16.3,0,OK
2026-03-23,Residences on Bigelow,small,5,7.6,7.3,0.0,21.8,train,Monday,March,27,True,tweedie|lean,28.1,0,OK
2026-03-24,Residences on Bigelow,small,5,6.6,6.8,0.0,19.8,train,Tuesday,March,27,True,tweedie|lean,24.4,0,OK
2026-03-25,Residences on Bigelow,small,8,5.3,6.1,0.0,17.1,train,Wednesday,March,27,True,tweedie|lean,19.6,0,OK
2026-03-26,Residences on Bigelow,small,1,4.9,5.8,0.0,16.3,train,Thursday,March,27,True,tweedie|lean,18.1,0,OK
2026-03-27,Residences on Bigelow,small,2,5.0,5.9,0.0,16.5,train,Friday,March,27,True,tweedie|lean,18.5,0,OK
2026-03-28,Residences on Bigelow,small,0,4.0,5.3,0.0,14.3,train,Saturday,March,27,True,tweedie|lean,14.8,0,OK
2026-03-30,Residences on Bigelow,small,8,6.9,6.9,0.0,20.4,train,Monday,March,27,True,tweedie|lean,25.6,0,OK
2026-03-31,Residences on Bigelow,small,0,5.8,6.4,0.0,18.3,train,Tuesday,March,27,True,tweedie|lean,21.5,0,OK
2026-04-01,Residences on Bigelow,small,21,4.6,5.7,0.0,15.8,train,Wednesday,April,27,True,tweedie|lean,17.0,0,OK
2026-04-02,Residences on Bigelow,small,15,4.6,5.6,0.0,15.7,train,Thursday,April,27,True,tweedie|lean,17.0,0,OK
2026-04-03,Residences on Bigelow,small,4,5.4,6.1,0.0,17.5,train,Friday,April,27,True,tweedie|lean,20.0,0,OK
2026-04-04,Residences on Bigelow,small,13,4.5,5.6,0.0,15.4,train,Saturday,April,27,True,tweedie|lean,16.7,0,OK
2026-04-06,Residences on Bigelow,small,6,8.4,7.6,0.0,23.3,train,Monday,April,27,True,tweedie|lean,31.1,0,OK
2026-04-07,Residences on Bigelow,small,0,7.1,7.0,0.0,20.9,train,Tuesday,April,27,True,tweedie|lean,26.3,0,OK
2026-04-08,Residences on Bigelow,small,2,5.4,6.2,0.0,17.5,train,Wednesday,April,27,True,tweedie|lean,20.0,0,OK
2026-04-09,Residences on Bigelow,small,4,4.9,5.8,0.0,16.2,train,Thursday,April,27,True,tweedie|lean,18.1,0,OK
2026-04-10,Residences on Bigelow,small,10,5.0,5.9,0.0,16.7,train,Friday,April,27,True,tweedie|lean,18.5,0,OK
2026-04-11,Residences on Bigelow,small,11,4.2,5.4,0.0,14.7,train,Saturday,April,27,True,tweedie|lean,15.6,0,OK
2026-04-13,Residences on Bigelow,small,2,8.1,7.5,0.0,22.8,train,Monday,April,27,True,tweedie|lean,30.0,0,OK
2026-04-14,Residences on Bigelow,small,3,7.1,7.0,0.0,20.9,train,Tuesday,April,27,True,tweedie|lean,26.3,0,OK
2026-04-15,Residences on Bigelow,small,0,5.9,6.4,0.0,18.4,train,Wednesday,April,27,True,tweedie|lean,21.9,0,OK
2026-04-16,Residences on Bigelow,small,6,4.8,5.8,0.0,16.2,train,Thursday,April,27,True,tweedie|lean,17.8,0,OK
2026-04-17,Residences on Bigelow,small,7,5.4,6.1,0.0,17.3,train,Friday,April,27,True,tweedie|lean,20.0,0,OK
2026-04-18,Residences on Bigelow,small,10,3.9,5.2,0.0,14.2,train,Saturday,April,27,True,tweedie|lean,14.4,0,OK
2026-04-20,Residences on Bigelow,small,8,7.1,7.0,0.0,20.9,train,Monday,April,27,True,tweedie|lean,26.3,0,OK
2026-04-21,Residences on Bigelow,small,0,6.5,6.7,0.0,19.7,train,Tuesday,April,27,True,tweedie|lean,24.1,0,OK
2026-04-22,Residences on Bigelow,small,6,3.7,5.1,0.0,13.6,train,Wednesday,April,27,True,tweedie|lean,13.7,0,OK
2026-04-23,Residences on Bigelow,small,7,3.3,4.8,0.0,12.6,train,Thursday,April,27,True,tweedie|lean,12.2,0,OK
2026-04-24,Residences on Bigelow,small,4,3.7,5.0,0.0,13.5,train,Friday,April,27,True,tweedie|lean,13.7,0,OK
2026-04-25,Residences on Bigelow,small,10,3.0,4.5,0.0,11.9,train,Saturday,April,27,True,tweedie|lean,11.1,0,OK
2026-04-27,Residences on Bigelow,small,1,5.6,6.3,0.0,17.9,train,Monday,April,27,True,tweedie|lean,20.7,0,OK
2026-04-28,Residences on Bigelow,small,1,4.6,5.6,0.0,15.6,train,Tuesday,April,27,True,tweedie|lean,17.0,0,OK
2026-04-29,Residences on Bigelow,small,2,3.6,5.0,0.0,13.3,train,Wednesday,April,27,True,tweedie|lean,13.3,0,OK
2026-04-30,Residences on Bigelow,small,4,3.2,4.7,0.0,12.4,train,Thursday,April,27,True,tweedie|lean,11.9,0,OK
2026-05-01,Residences on Bigelow,small,0,3.5,4.9,0.0,13.1,train,Friday,May,27,True,tweedie|lean,13.0,0,OK
2026-05-02,Residences on Bigelow,small,0,2.7,4.4,0.0,11.3,train,Saturday,May,27,True,tweedie|lean,10.0,0,OK
2026-05-04,Residences on Bigelow,small,0,3.2,4.7,0.0,12.4,train,Monday,May,27,True,tweedie|lean,11.9,0,OK
2026-05-05,Residences on Bigelow,small,7,2.5,4.2,0.0,10.7,train,Tuesday,May,27,True,tweedie|lean,9.3,0,OK
2026-05-06,Residences on Bigelow,small,9,2.0,3.7,0.0,9.2,train,Wednesday,May,27,True,tweedie|lean,7.4,0,OK
2026-05-07,Residences on Bigelow,small,4,1.8,3.6,0.0,8.8,train,Thursday,May,27,True,tweedie|lean,6.7,0,OK
2026-05-08,Residences on Bigelow,small,6,1.9,3.7,0.0,9.1,train,Friday,May,27,True,tweedie|lean,7.0,0,OK
2026-05-09,Residences on Bigelow,small,8,1.5,3.3,0.0,8.0,train,Saturday,May,27,True,tweedie|lean,5.6,0,OK
2026-05-11,Residences on Bigelow,small,7,2.9,4.5,0.0,11.7,train,Monday,May,27,True,tweedie|lean,10.7,0,OK
2026-05-12,Residences on Bigelow,small,5,2.6,4.2,0.0,10.9,train,Tuesday,May,27,True,tweedie|lean,9.6,0,OK
2026-05-13,Residences on Bigelow,small,0,2.1,3.8,0.0,9.5,train,Wednesday,May,27,True,tweedie|lean,7.8,0,OK
2026-05-14,Residences on Bigelow,small,2,1.8,3.5,0.0,8.7,train,Thursday,May,27,True,tweedie|lean,6.7,0,OK
2026-05-15,Residences on Bigelow,small,0,1.9,3.6,0.0,9.0,train,Friday,May,27,True,tweedie|lean,7.0,0,OK
2026-05-16,Residences on Bigelow,small,5,1.5,3.2,0.0,7.8,train,Saturday,May,27,True,tweedie|lean,5.6,0,OK
2026-05-18,Residences on Bigelow,small,2,2.7,4.3,0.0,11.2,train,Monday,May,27,True,tweedie|lean,10.0,0,OK
2026-05-19,Residences on Bigelow,small,1,2.4,4.1,0.0,10.4,train,Tuesday,May,27,True,tweedie|lean,8.9,0,OK
2026-05-20,Residences on Bigelow,small,5,2.0,3.7,0.0,9.2,train,Wednesday,May,27,True,tweedie|lean,7.4,0,OK
2026-05-21,Residences on Bigelow,small,1,1.8,3.5,0.0,8.7,train,Thursday,May,27,True,tweedie|lean,6.7,0,OK
2026-05-22,Residences on Bigelow,small,0,1.8,3.5,0.0,8.7,train,Friday,May,27,True,tweedie|lean,6.7,0,OK
2026-05-23,Residences on Bigelow,small,0,1.3,3.1,0.0,7.3,train,Saturday,May,27,True,tweedie|lean,4.8,0,OK
2026-05-25,Residences on Bigelow,small,0,2.4,4.1,0.0,10.4,train,Monday,May,27,True,tweedie|lean,8.9,0,OK
2026-05-26,Residences on Bigelow,small,2,2.0,3.7,0.0,9.2,train,Tuesday,May,27,True,tweedie|lean,7.4,0,OK
2026-05-27,Residences on Bigelow,small,2,1.5,3.3,0.0,8.0,train,Wednesday,May,27,True,tweedie|lean,5.6,0,OK
2026-05-28,Residences on Bigelow,small,2,1.3,3.1,0.0,7.3,train,Thursday,May,27,True,tweedie|lean,4.8,0,OK
2026-05-29,Residences on Bigelow,small,2,1.4,3.1,0.0,7.4,train,Friday,May,27,True,tweedie|lean,5.2,0,OK
2026-05-30,Residences on Bigelow,small,4,1.1,2.8,0.0,6.6,train,Saturday,May,27,True,tweedie|lean,4.1,0,OK
2026-06-01,Residences on Bigelow,small,0,2.1,3.8,0.0,9.5,train,Monday,June,27,True,tweedie|lean,7.8,0,OK
2026-06-02,Residences on Bigelow,small,2,1.8,3.5,0.0,8.7,train,Tuesday,June,27,True,tweedie|lean,6.7,0,OK
2026-06-03,Residences on Bigelow,small,2,1.4,3.2,0.0,7.6,train,Wednesday,June,27,True,tweedie|lean,5.2,0,OK
2026-06-04,Residences on Bigelow,small,0,1.3,3.0,0.0,7.2,train,Thursday,June,27,True,tweedie|lean,4.8,0,OK
2026-06-05,Residences on Bigelow,small,3,1.4,3.1,0.0,7.5,train,Friday,June,27,True,tweedie|lean,5.2,0,OK
2026-06-06,Residences on Bigelow,small,0,1.1,2.8,0.0,6.6,train,Saturday,June,27,True,tweedie|lean,4.1,0,OK
2026-06-08,Residences on Bigelow,small,7,2.0,3.7,0.0,9.2,train,Monday,June,27,True,tweedie|lean,7.4,0,OK
2026-06-09,Residences on Bigelow,small,3,1.8,3.5,0.0,8.6,train,Tuesday,June,27,True,tweedie|lean,6.7,0,OK
2026-06-10,Residences on Bigelow,small,1,1.5,3.2,0.0,7.7,test,Wednesday,June,27,True,tweedie|lean,5.6,0,OK
2026-06-11,Residences on Bigelow,small,0,1.3,3.0,0.0,7.2,test,Thursday,June,27,True,tweedie|lean,4.8,0,OK
2026-06-12,Residences on Bigelow,small,4,1.3,3.0,0.0,7.3,test,Friday,June,27,True,tweedie|lean,4.8,0,OK
2026-06-13,Residences on Bigelow,small,0,1.1,2.7,0.0,6.4,test,Saturday,June,27,True,tweedie|lean,4.1,0,OK
2026-06-15,Residences on Bigelow,small,5,1.9,3.6,0.0,9.0,test,Monday,June,27,True,tweedie|lean,7.0,0,OK
2026-06-16,Residences on Bigelow,small,1,1.7,3.4,0.0,8.5,test,Tuesday,June,27,True,tweedie|lean,6.3,0,OK
2026-06-17,Residences on Bigelow,small,0,1.4,3.1,0.0,7.4,test,Wednesday,June,27,True,tweedie|lean,5.2,0,OK
2026-06-18,Residences on Bigelow,small,0,1.2,2.9,0.0,7.0,test,Thursday,June,27,True,tweedie|lean,4.4,0,OK
2026-06-19,Residences on Bigelow,small,0,1.3,3.0,0.0,7.1,test,Friday,June,27,True,tweedie|lean,4.8,0,OK
2026-06-20,Residences on Bigelow,small,0,1.0,2.7,0.0,6.2,test,Saturday,June,27,True,tweedie|lean,3.7,0,OK
2026-06-22,Residences on Bigelow,small,1,1.8,3.6,0.0,8.8,test,Monday,June,27,True,tweedie|lean,6.7,0,OK
2026-06-23,Residences on Bigelow,small,1,1.6,3.3,0.0,8.0,test,Tuesday,June,27,True,tweedie|lean,5.9,0,OK
2026-06-24,Residences on Bigelow,small,0,1.3,3.0,0.0,7.1,test,Wednesday,June,27,True,tweedie|lean,4.8,0,OK
2026-06-25,Residences on Bigelow,small,0,1.1,2.8,0.0,6.6,test,Thursday,June,27,True,tweedie|lean,4.1,0,OK
2026-06-26,Residences on Bigelow,small,0,1.2,2.9,0.0,6.8,test,Friday,June,27,True,tweedie|lean,4.4,0,OK
2026-06-27,Residences on Bigelow,small,0,0.9,2.6,0.0,6.1,test,Saturday,June,27,True,tweedie|lean,3.3,0,OK
2026-06-29,Residences on Bigelow,small,0,1.7,3.4,0.0,8.4,test,Monday,June,27,True,tweedie|lean,6.3,0,OK
2026-06-30,Residences on Bigelow,small,0,1.4,3.1,0.0,7.6,test,Tuesday,June,27,True,tweedie|lean,5.2,0,OK
2026-07-01,Residences on Bigelow,small,1,1.2,2.8,0.0,6.7,test,Wednesday,July,27,True,tweedie|lean,4.4,0,OK
2026-07-02,Residences on Bigelow,small,1,1.0,2.7,0.0,6.2,test,Thursday,July,27,True,tweedie|lean,3.7,0,OK
2026-07-03,Residences on Bigelow,small,1,1.1,2.7,0.0,6.4,test,Friday,July,27,True,tweedie|lean,4.1,0,OK
2026-07-04,Residences on Bigelow,small,0,0.9,2.6,0.0,6.0,test,Saturday,July,27,True,tweedie|lean,3.3,0,OK
2026-07-06,Residences on Bigelow,small,1,1.6,3.3,0.0,8.1,test,Monday,July,27,True,tweedie|lean,5.9,0,OK
2026-07-07,Residences on Bigelow,small,0,1.4,3.1,0.0,7.4,test,Tuesday,July,27,True,tweedie|lean,5.2,0,OK
2026-07-08,Residences on Bigelow,small,1,1.1,2.8,0.0,6.6,test,Wednesday,July,27,True,tweedie|lean,4.1,0,OK
2026-07-09,Residences on Bigelow,small,0,1.0,2.6,0.0,6.2,test,Thursday,July,27,True,tweedie|lean,3.7,0,OK
2026-07-10,Residences on Bigelow,small,0,1.1,2.7,0.0,6.4,test,Friday,July,27,True,tweedie|lean,4.1,0,OK
2026-07-11,Residences on Bigelow,small,2,0.8,2.6,0.0,6.0,test,Saturday,July,27,True,tweedie|lean,3.0,0,OK
2026-07-13,Residences on Bigelow,small,0,1.5,3.3,0.0,7.9,test,Monday,July,27,True,tweedie|lean,5.6,0,OK
2026-07-14,Residences on Bigelow,small,0,1.3,3.0,0.0,7.3,test,Tuesday,July,27,True,tweedie|lean,4.8,0,OK
2026-07-15,Residences on Bigelow,small,2,1.1,2.8,0.0,6.5,test,Wednesday,July,27,True,tweedie|lean,4.1,0,OK
2026-07-16,Residences on Bigelow,small,0,1.0,2.6,0.0,6.2,test,Thursday,July,27,True,tweedie|lean,3.7,0,OK
2026-07-17,Residences on Bigelow,small,0,1.1,2.7,0.0,6.4,test,Friday,July,27,True,tweedie|lean,4.1,0,OK
2026-07-18,Residences on Bigelow,small,2,0.8,2.6,0.0,6.0,test,Saturday,July,27,True,tweedie|lean,3.0,0,OK
2026-07-20,Residences on Bigelow,small,1,1.5,3.2,0.0,7.9,test,Monday,July,27,True,tweedie|lean,5.6,0,OK
2026-07-21,Residences on Bigelow,small,0,1.3,3.0,0.0,7.3,test,Tuesday,July,27,True,tweedie|lean,4.8,0,OK
2026-07-22,Residences on Bigelow,small,0,1.1,2.8,0.0,6.5,test,Wednesday,July,27,True,tweedie|lean,4.1,0,OK
2026-07-23,Residences on Bigelow,small,0,1.0,2.6,0.0,6.1,test,Thursday,July,27,True,tweedie|lean,3.7,0,OK
2026-07-24,Residences on Bigelow,small,0,1.0,2.7,0.0,6.3,test,Friday,July,27,True,tweedie|lean,3.7,0,OK
2026-07-25,Residences on Bigelow,small,0,0.8,2.6,0.0,6.0,test,Saturday,July,27,True,tweedie|lean,3.0,0,OK
2026-07-27,Residences on Bigelow,small,0,1.5,3.2,0.0,7.8,test,Monday,July,27,True,tweedie|lean,5.6,0,OK
2026-07-28,Residences on Bigelow,small,0,1.3,3.0,0.0,7.2,test,Tuesday,July,27,True,tweedie|lean,4.8,0,OK
2026-07-29,Residences on Bigelow,small,0,1.1,2.7,0.0,6.4,test,Wednesday,July,27,True,tweedie|lean,4.1,0,OK
2026-07-30,Residences on Bigelow,small,0,1.0,2.6,0.0,6.1,test,Thursday,July,27,True,tweedie|lean,3.7,0,OK
2026-07-31,Residences on Bigelow,small,0,1.0,2.7,0.0,6.2,test,Friday,July,27,True,tweedie|lean,3.7,0,OK
2026-08-01,Residences on Bigelow,small,0,0.8,2.6,0.0,6.0,test,Saturday,August,27,True,tweedie|lean,3.0,0,OK
2026-08-03,Residences on Bigelow,small,6,1.5,3.2,0.0,7.7,test,Monday,August,27,True,tweedie|lean,5.6,0,OK
2026-08-04,Residences on Bigelow,small,0,1.3,3.0,0.0,7.3,test,Tuesday,August,27,True,tweedie|lean,4.8,0,OK
2026-08-05,Residences on Bigelow,small,0,1.1,2.7,0.0,6.5,test,Wednesday,August,27,True,tweedie|lean,4.1,0,OK
2026-08-06,Residences on Bigelow,small,5,1.0,2.6,0.0,6.1,test,Thursday,August,27,True,tweedie|lean,3.7,0,OK
2026-08-07,Residences on Bigelow,small,0,1.1,2.7,0.0,6.4,test,Friday,August,27,True,tweedie|lean,4.1,0,OK
2026-08-08,Residences on Bigelow,small,0,0.9,2.6,0.0,6.0,test,Saturday,August,27,True,tweedie|lean,3.3,0,OK
2026-08-10,Residences on Bigelow,small,1,1.6,3.3,0.0,8.0,test,Monday,August,27,True,tweedie|lean,5.9,0,OK
2026-08-11,Residences on Bigelow,small,1,1.4,3.1,0.0,7.4,test,Tuesday,August,27,True,tweedie|lean,5.2,0,OK
2026-08-12,Residences on Bigelow,small,0,1.1,2.8,0.0,6.6,test,Wednesday,August,27,True,tweedie|lean,4.1,0,OK
2026-08-13,Residences on Bigelow,small,0,1.0,2.7,0.0,6.2,test,Thursday,August,27,True,tweedie|lean,3.7,0,OK
2026-08-14,Residences on Bigelow,small,1,1.1,2.7,0.0,6.5,test,Friday,August,27,True,tweedie|lean,4.1,0,OK
2026-08-15,Residences on Bigelow,small,0,0.9,2.6,0.0,6.0,test,Saturday,August,27,True,tweedie|lean,3.3,0,OK
2026-08-17,Residences on Bigelow,small,6,4.9,5.8,0.0,16.3,test,Monday,August,27,True,tweedie|lean,18.1,0,OK
2026-08-18,Residences on Bigelow,small,1,4.4,5.6,0.0,15.3,test,Tuesday,August,27,True,tweedie|lean,16.3,0,OK
2026-08-19,Residences on Bigelow,small,2,3.7,5.1,0.0,13.6,test,Wednesday,August,27,True,tweedie|lean,13.7,0,OK
2026-08-20,Residences on Bigelow,small,0,3.3,4.8,0.0,12.6,test,Thursday,August,27,True,tweedie|lean,12.2,0,OK
2026-08-21,Residences on Bigelow,small,5,3.5,4.9,0.0,13.1,test,Friday,August,27,True,tweedie|lean,13.0,0,OK
2026-08-22,Residences on Bigelow,small,0,2.9,4.5,0.0,11.7,test,Saturday,August,27,True,tweedie|lean,10.7,0,OK
2026-08-24,Residences on Bigelow,small,9,5.1,6.0,0.0,16.8,test,Monday,August,27,True,tweedie|lean,18.9,0,OK
2026-08-25,Residences on Bigelow,small,0,4.8,5.8,0.0,16.1,test,Tuesday,August,27,True,tweedie|lean,17.8,0,OK
2026-08-26,Residences on Bigelow,small,19,4.0,5.2,0.0,14.2,test,Wednesday,August,27,True,tweedie|lean,14.8,0,OK
2026-08-27,Residences on Bigelow,small,0,4.2,5.4,0.0,14.7,test,Thursday,August,27,True,tweedie|lean,15.6,0,OK
2026-08-28,Residences on Bigelow,small,14,4.4,5.5,0.0,15.3,test,Friday,August,27,True,tweedie|lean,16.3,0,OK
2026-08-29,Residences on Bigelow,small,8,4.0,5.3,0.0,14.4,test,Saturday,August,27,True,tweedie|lean,14.8,0,OK
2026-08-31,Residences on Bigelow,small,0,7.8,7.4,0.0,22.2,test,Monday,August,27,True,tweedie|lean,28.9,0,OK
2026-09-01,Residences on Bigelow,small,1,6.7,6.9,0.0,20.2,test,Tuesday,September,27,True,tweedie|lean,24.8,0,OK
2026-09-02,Residences on Bigelow,small,4,5.6,6.2,0.0,17.8,test,Wednesday,September,27,True,tweedie|lean,20.7,0,OK
2026-09-03,Residences on Bigelow,small,0,5.0,5.9,0.0,16.7,test,Thursday,September,27,True,tweedie|lean,18.5,0,OK
2026-09-04,Residences on Bigelow,small,6,5.4,6.1,0.0,17.3,test,Friday,September,27,True,tweedie|lean,20.0,0,OK
2026-09-05,Residences on Bigelow,small,0,4.4,5.5,0.0,15.2,test,Saturday,September,27,True,tweedie|lean,16.3,0,OK
2026-09-07,Residences on Bigelow,small,22,8.0,7.4,0.0,22.5,test,Monday,September,27,True,tweedie|lean,29.6,0,OK
2026-09-08,Residences on Bigelow,small,23,8.2,7.5,0.0,22.9,test,Tuesday,September,27,True,tweedie|lean,30.4,0,OK
2026-09-09,Residences on Bigelow,small,17,8.1,7.5,0.0,22.7,test,Wednesday,September,27,True,tweedie|lean,30.0,0,OK
2026-09-10,Residences on Bigelow,small,0,8.0,7.5,0.0,22.6,test,Thursday,September,27,True,tweedie|lean,29.6,0,OK
2026-09-11,Residences on Bigelow,small,4,5.4,6.1,0.0,17.3,test,Friday,September,27,True,tweedie|lean,20.0,0,OK
2026-09-12,Residences on Bigelow,small,9,4.0,5.3,0.0,14.4,test,Saturday,September,27,True,tweedie|lean,14.8,0,OK
2026-09-14,Residences on Bigelow,small,0,7.8,7.4,0.0,22.3,test,Monday,September,27,True,tweedie|lean,28.9,0,OK
2026-09-15,Residences on Bigelow,small,0,6.3,6.6,0.0,19.3,test,Tuesday,September,27,True,tweedie|lean,23.3,0,OK
2026-09-16,Residences on Bigelow,small,3,5.0,5.9,0.0,16.5,test,Wednesday,September,27,True,tweedie|lean,18.5,0,OK
2026-09-17,Residences on Bigelow,small,0,4.6,5.7,0.0,15.7,test,Thursday,September,27,True,tweedie|lean,17.0,0,OK
2026-09-18,Residences on Bigelow,small,10,4.9,5.8,0.0,16.3,test,Friday,September,27,True,tweedie|lean,18.1,0,OK
2025-09-25,Ruskin,small,1,3.5,4.7,0.0,12.7,train,Thursday,September,15,True,tweedie|lean,23.3,0,OK
2025-09-26,Ruskin,small,1,3.0,4.4,0.0,11.5,train,Friday,September,15,True,tweedie|lean,20.0,0,OK
2025-09-27,Ruskin,small,0,0.5,2.5,0.0,5.5,train,Saturday,September,15,True,tweedie|lean,3.3,0,OK
2025-09-29,Ruskin,small,2,3.8,4.9,0.0,13.4,train,Monday,September,15,True,tweedie|lean,25.3,0,OK
2025-09-30,Ruskin,small,3,4.2,5.2,0.0,14.3,train,Tuesday,September,15,True,tweedie|lean,28.0,0,OK
2025-10-01,Ruskin,small,1,4.1,5.1,0.0,14.1,train,Wednesday,October,15,True,tweedie|lean,27.3,0,OK
2025-10-02,Ruskin,small,2,3.5,4.7,0.0,12.8,train,Thursday,October,15,True,tweedie|lean,23.3,0,OK
2025-10-03,Ruskin,small,6,3.0,4.4,0.0,11.7,train,Friday,October,15,True,tweedie|lean,20.0,0,OK
2025-10-04,Ruskin,small,0,0.6,2.5,0.0,5.5,train,Saturday,October,15,True,tweedie|lean,4.0,0,OK
2025-10-06,Ruskin,small,1,4.0,5.1,0.0,13.9,train,Monday,October,15,True,tweedie|lean,26.7,0,OK
2025-10-07,Ruskin,small,4,4.4,5.3,0.0,14.8,train,Tuesday,October,15,True,tweedie|lean,29.3,0,OK
2025-10-08,Ruskin,small,0,4.4,5.3,0.0,14.7,train,Wednesday,October,15,True,tweedie|lean,29.3,0,OK
2025-10-09,Ruskin,small,0,3.7,4.9,0.0,13.3,train,Thursday,October,15,True,tweedie|lean,24.7,0,OK
2025-10-10,Ruskin,small,6,3.2,4.5,0.0,12.0,train,Friday,October,15,True,tweedie|lean,21.3,0,OK
2025-10-11,Ruskin,small,0,0.6,2.5,0.0,5.5,train,Saturday,October,15,True,tweedie|lean,4.0,0,OK
2025-10-13,Ruskin,small,3,4.1,5.1,0.0,14.2,train,Monday,October,15,True,tweedie|lean,27.3,0,OK
2025-10-14,Ruskin,small,0,4.6,5.4,0.0,15.3,train,Tuesday,October,15,True,tweedie|lean,30.7,0,HIGH
2025-10-15,Ruskin,small,1,4.5,5.3,0.0,14.9,train,Wednesday,October,15,True,tweedie|lean,30.0,0,OK
2025-10-16,Ruskin,small,9,3.8,4.9,0.0,13.5,train,Thursday,October,15,True,tweedie|lean,25.3,0,OK
2025-10-17,Ruskin,small,2,3.4,4.7,0.0,12.5,train,Friday,October,15,True,tweedie|lean,22.7,0,OK
2025-10-18,Ruskin,small,0,0.6,2.5,0.0,5.6,train,Saturday,October,15,True,tweedie|lean,4.0,0,OK
2025-10-20,Ruskin,small,11,4.3,5.2,0.0,14.5,train,Monday,October,15,True,tweedie|lean,28.7,0,OK
2025-10-21,Ruskin,small,13,4.9,5.6,0.0,15.9,train,Tuesday,October,15,True,tweedie|lean,32.7,0,HIGH
2025-10-22,Ruskin,small,1,5.1,5.7,0.0,16.3,train,Wednesday,October,15,True,tweedie|lean,34.0,0,HIGH
2025-10-23,Ruskin,small,0,4.4,5.3,0.0,14.8,train,Thursday,October,15,True,tweedie|lean,29.3,0,OK
2025-10-24,Ruskin,small,10,3.7,4.9,0.0,13.2,train,Friday,October,15,True,tweedie|lean,24.7,0,OK
2025-10-25,Ruskin,small,0,0.7,2.5,0.0,5.6,train,Saturday,October,15,True,tweedie|lean,4.7,0,OK
2025-10-27,Ruskin,small,13,5.0,5.6,0.0,16.0,train,Monday,October,15,True,tweedie|lean,33.3,0,HIGH
2025-10-28,Ruskin,small,0,5.8,6.1,0.0,17.7,train,Tuesday,October,15,True,tweedie|lean,38.7,0,HIGH
2025-10-29,Ruskin,small,13,5.6,6.0,0.0,17.2,train,Wednesday,October,15,True,tweedie|lean,37.3,0,HIGH
2025-10-30,Ruskin,small,10,5.1,5.7,0.0,16.2,train,Thursday,October,15,True,tweedie|lean,34.0,0,HIGH
2025-10-31,Ruskin,small,7,4.6,5.4,0.0,15.3,train,Friday,October,15,True,tweedie|lean,30.7,0,HIGH
2025-11-01,Ruskin,small,0,0.8,2.5,0.0,5.8,train,Saturday,November,15,True,tweedie|lean,5.3,0,OK
2025-11-03,Ruskin,small,7,5.8,6.1,0.0,17.7,train,Monday,November,15,True,tweedie|lean,38.7,0,HIGH
2025-11-04,Ruskin,small,9,6.6,6.5,0.0,19.4,train,Tuesday,November,15,True,tweedie|lean,44.0,0,HIGH
2025-11-05,Ruskin,small,7,6.7,6.6,0.0,19.6,train,Wednesday,November,15,True,tweedie|lean,44.7,0,HIGH
2025-11-06,Ruskin,small,6,5.7,6.0,0.0,17.5,train,Thursday,November,15,True,tweedie|lean,38.0,0,HIGH
2025-11-07,Ruskin,small,1,4.7,5.5,0.0,15.5,train,Friday,November,15,True,tweedie|lean,31.3,0,HIGH
2025-11-08,Ruskin,small,2,0.8,2.5,0.0,5.8,train,Saturday,November,15,True,tweedie|lean,5.3,0,OK
2025-11-10,Ruskin,small,3,6.0,6.2,0.0,18.2,train,Monday,November,15,True,tweedie|lean,40.0,0,HIGH
2025-11-11,Ruskin,small,1,6.5,6.4,0.0,19.1,train,Tuesday,November,15,True,tweedie|lean,43.3,0,HIGH
2025-11-12,Ruskin,small,8,6.3,6.3,0.0,18.7,train,Wednesday,November,15,True,tweedie|lean,42.0,0,HIGH
2025-11-13,Ruskin,small,2,5.2,5.8,0.0,16.6,train,Thursday,November,15,True,tweedie|lean,34.7,0,HIGH
2025-11-14,Ruskin,small,7,4.6,5.4,0.0,15.1,train,Friday,November,15,True,tweedie|lean,30.7,0,HIGH
2025-11-15,Ruskin,small,0,0.8,2.5,0.0,5.7,train,Saturday,November,15,True,tweedie|lean,5.3,0,OK
2025-11-17,Ruskin,small,0,5.3,5.8,0.0,16.8,train,Monday,November,15,True,tweedie|lean,35.3,0,HIGH
2025-11-18,Ruskin,small,12,5.7,6.0,0.0,17.5,train,Tuesday,November,15,True,tweedie|lean,38.0,0,HIGH
2025-11-19,Ruskin,small,2,5.9,6.1,0.0,17.8,train,Wednesday,November,15,True,tweedie|lean,39.3,0,HIGH
2025-11-20,Ruskin,small,2,4.9,5.6,0.0,15.9,train,Thursday,November,15,True,tweedie|lean,32.7,0,HIGH
2025-11-21,Ruskin,small,7,4.1,5.1,0.0,14.0,train,Friday,November,15,True,tweedie|lean,27.3,0,OK
2025-11-22,Ruskin,small,0,0.7,2.5,0.0,5.7,train,Saturday,November,15,True,tweedie|lean,4.7,0,OK
2025-11-24,Ruskin,small,0,4.9,5.6,0.0,15.9,train,Monday,November,15,True,tweedie|lean,32.7,0,HIGH
2025-11-25,Ruskin,small,0,5.4,5.9,0.0,17.0,train,Tuesday,November,15,True,tweedie|lean,36.0,0,HIGH
2025-11-26,Ruskin,small,0,5.2,5.8,0.0,16.5,train,Wednesday,November,15,True,tweedie|lean,34.7,0,HIGH
2025-11-27,Ruskin,small,0,4.3,5.3,0.0,14.7,train,Thursday,November,15,True,tweedie|lean,28.7,0,OK
2025-11-28,Ruskin,small,0,3.7,4.9,0.0,13.3,train,Friday,November,15,True,tweedie|lean,24.7,0,OK
2025-11-29,Ruskin,small,0,0.6,2.5,0.0,5.6,train,Saturday,November,15,True,tweedie|lean,4.0,0,OK
2025-12-01,Ruskin,small,15,4.4,5.3,0.0,14.8,train,Monday,December,15,True,tweedie|lean,29.3,0,OK
2025-12-02,Ruskin,small,4,5.1,5.7,0.0,16.4,train,Tuesday,December,15,True,tweedie|lean,34.0,0,HIGH
2025-12-03,Ruskin,small,1,5.0,5.7,0.0,16.1,train,Wednesday,December,15,True,tweedie|lean,33.3,0,HIGH
2025-12-04,Ruskin,small,1,4.3,5.3,0.0,14.6,train,Thursday,December,15,True,tweedie|lean,28.7,0,OK
2025-12-05,Ruskin,small,4,3.5,4.7,0.0,12.8,train,Friday,December,15,True,tweedie|lean,23.3,0,OK
2025-12-06,Ruskin,small,0,0.6,2.5,0.0,5.6,train,Saturday,December,15,True,tweedie|lean,4.0,0,OK
2025-12-08,Ruskin,small,1,4.4,5.3,0.0,14.8,train,Monday,December,15,True,tweedie|lean,29.3,0,OK
2025-12-09,Ruskin,small,5,4.7,5.5,0.0,15.5,train,Tuesday,December,15,True,tweedie|lean,31.3,0,HIGH
2025-12-10,Ruskin,small,4,4.7,5.5,0.0,15.3,train,Wednesday,December,15,True,tweedie|lean,31.3,0,HIGH
2025-12-11,Ruskin,small,0,4.1,5.1,0.0,14.1,train,Thursday,December,15,True,tweedie|lean,27.3,0,OK
2025-12-12,Ruskin,small,3,3.5,4.7,0.0,12.8,train,Friday,December,15,True,tweedie|lean,23.3,0,OK
2025-12-13,Ruskin,small,1,0.6,2.5,0.0,5.6,train,Saturday,December,15,True,tweedie|lean,4.0,0,OK
2025-12-15,Ruskin,small,0,4.5,5.4,0.0,15.1,train,Monday,December,15,True,tweedie|lean,30.0,0,HIGH
2025-12-16,Ruskin,small,0,5.0,5.7,0.0,16.1,train,Tuesday,December,15,True,tweedie|lean,33.3,0,HIGH
2025-12-17,Ruskin,small,0,4.8,5.6,0.0,15.7,train,Wednesday,December,15,True,tweedie|lean,32.0,0,HIGH
2026-01-03,Ruskin,small,0,0.6,2.5,0.0,5.5,train,Saturday,January,15,True,tweedie|lean,4.0,0,OK
2026-01-05,Ruskin,small,0,4.1,5.1,0.0,14.0,train,Monday,January,15,True,tweedie|lean,27.3,0,OK
2026-01-06,Ruskin,small,0,4.5,5.4,0.0,15.0,train,Tuesday,January,15,True,tweedie|lean,30.0,0,OK
2026-01-07,Ruskin,small,0,4.3,5.2,0.0,14.5,train,Wednesday,January,15,True,tweedie|lean,28.7,0,OK
2026-01-08,Ruskin,small,0,3.6,4.8,0.0,12.9,train,Thursday,January,15,True,tweedie|lean,24.0,0,OK
2026-01-09,Ruskin,small,0,3.1,4.4,0.0,11.7,train,Friday,January,15,True,tweedie|lean,20.7,0,OK
2026-01-10,Ruskin,small,0,0.5,2.5,0.0,5.5,train,Saturday,January,15,True,tweedie|lean,3.3,0,OK
2026-01-12,Ruskin,small,31,3.7,4.9,0.0,13.3,train,Monday,January,15,True,tweedie|lean,24.7,16,OK
2026-01-13,Ruskin,small,3,4.9,5.6,0.0,15.9,train,Tuesday,January,15,True,tweedie|lean,32.7,0,HIGH
2026-01-14,Ruskin,small,10,4.8,5.5,0.0,15.7,train,Wednesday,January,15,True,tweedie|lean,32.0,0,HIGH
2026-01-15,Ruskin,small,2,4.3,5.3,0.0,14.6,train,Thursday,January,15,True,tweedie|lean,28.7,0,OK
2026-01-16,Ruskin,small,6,3.7,4.9,0.0,13.3,train,Friday,January,15,True,tweedie|lean,24.7,0,OK
2026-01-17,Ruskin,small,0,0.7,2.5,0.0,5.6,train,Saturday,January,15,True,tweedie|lean,4.7,0,OK
2026-01-19,Ruskin,small,0,4.9,5.6,0.0,15.9,train,Monday,January,15,True,tweedie|lean,32.7,0,HIGH
2026-01-20,Ruskin,small,8,5.4,5.9,0.0,16.9,train,Tuesday,January,15,True,tweedie|lean,36.0,0,HIGH
2026-01-21,Ruskin,small,18,5.4,5.9,0.0,17.0,train,Wednesday,January,15,True,tweedie|lean,36.0,3,HIGH
2026-01-22,Ruskin,small,1,5.2,5.8,0.0,16.5,train,Thursday,January,15,True,tweedie|lean,34.7,0,HIGH
2026-01-23,Ruskin,small,11,4.5,5.4,0.0,15.0,train,Friday,January,15,True,tweedie|lean,30.0,0,OK
2026-01-24,Ruskin,small,0,0.8,2.5,0.0,5.8,train,Saturday,January,15,True,tweedie|lean,5.3,0,OK
2026-01-26,Ruskin,small,0,6.1,6.2,0.0,18.3,train,Monday,January,15,True,tweedie|lean,40.7,0,HIGH
2026-01-27,Ruskin,small,5,6.7,6.6,0.0,19.6,train,Tuesday,January,15,True,tweedie|lean,44.7,0,HIGH
2026-01-28,Ruskin,small,6,6.7,6.5,0.0,19.4,train,Wednesday,January,15,True,tweedie|lean,44.7,0,HIGH
2026-01-29,Ruskin,small,12,5.0,5.7,0.0,16.1,train,Thursday,January,15,True,tweedie|lean,33.3,0,HIGH
2026-01-30,Ruskin,small,12,4.6,5.4,0.0,15.1,train,Friday,January,15,True,tweedie|lean,30.7,0,HIGH
2026-01-31,Ruskin,small,0,0.8,2.5,0.0,5.8,train,Saturday,January,15,True,tweedie|lean,5.3,0,OK
2026-02-02,Ruskin,small,0,5.8,6.1,0.0,17.8,train,Monday,February,15,True,tweedie|lean,38.7,0,HIGH
2026-02-03,Ruskin,small,20,6.3,6.3,0.0,18.6,train,Tuesday,February,15,True,tweedie|lean,42.0,5,HIGH
2026-02-04,Ruskin,small,10,6.8,6.6,0.0,19.7,train,Wednesday,February,15,True,tweedie|lean,45.3,0,HIGH
2026-02-05,Ruskin,small,5,6.2,6.3,0.0,18.5,train,Thursday,February,15,True,tweedie|lean,41.3,0,HIGH
2026-02-06,Ruskin,small,9,5.3,5.8,0.0,16.6,train,Friday,February,15,True,tweedie|lean,35.3,0,HIGH
2026-02-07,Ruskin,small,0,0.9,2.5,0.0,5.8,train,Saturday,February,15,True,tweedie|lean,6.0,0,OK
2026-02-09,Ruskin,small,0,6.4,6.4,0.0,18.9,train,Monday,February,15,True,tweedie|lean,42.7,0,HIGH
2026-02-10,Ruskin,small,27,6.7,6.5,0.0,19.5,train,Tuesday,February,15,True,tweedie|lean,44.7,12,HIGH
2026-02-11,Ruskin,small,8,7.6,6.9,0.0,21.2,train,Wednesday,February,15,True,tweedie|lean,50.7,0,HIGH
2026-02-12,Ruskin,small,3,6.8,6.6,0.0,19.7,train,Thursday,February,15,True,tweedie|lean,45.3,0,HIGH
2026-02-13,Ruskin,small,6,5.8,6.1,0.0,17.7,train,Friday,February,15,True,tweedie|lean,38.7,0,HIGH
2026-02-14,Ruskin,small,0,1.0,2.5,0.0,6.0,train,Saturday,February,15,True,tweedie|lean,6.7,0,OK
2026-02-16,Ruskin,small,16,6.8,6.6,0.0,19.6,train,Monday,February,15,True,tweedie|lean,45.3,1,HIGH
2026-02-17,Ruskin,small,4,7.7,7.0,0.0,21.5,train,Tuesday,February,15,True,tweedie|lean,51.3,0,HIGH
2026-02-18,Ruskin,small,0,7.6,7.0,0.0,21.2,train,Wednesday,February,15,True,tweedie|lean,50.7,0,HIGH
2026-02-19,Ruskin,small,37,6.5,6.4,0.0,19.1,train,Thursday,February,15,True,tweedie|lean,43.3,22,HIGH
2026-02-20,Ruskin,small,14,6.3,6.3,0.0,18.7,train,Friday,February,15,True,tweedie|lean,42.0,0,HIGH
2026-02-21,Ruskin,small,0,1.1,2.7,0.0,6.4,train,Saturday,February,15,True,tweedie|lean,7.3,0,OK
2026-02-23,Ruskin,small,3,7.9,7.1,0.0,21.9,train,Monday,February,15,True,tweedie|lean,52.7,0,HIGH
2026-02-24,Ruskin,small,11,8.4,7.3,0.0,22.8,train,Tuesday,February,15,True,tweedie|lean,56.0,0,HIGH
2026-02-25,Ruskin,small,2,8.7,7.4,0.0,23.3,train,Wednesday,February,15,True,tweedie|lean,58.0,0,HIGH
2026-02-26,Ruskin,small,1,7.5,6.9,0.0,21.0,train,Thursday,February,15,True,tweedie|lean,50.0,0,HIGH
2026-02-27,Ruskin,small,19,5.6,6.0,0.0,17.3,train,Friday,February,15,True,tweedie|lean,37.3,4,HIGH
2026-02-28,Ruskin,small,0,1.1,2.6,0.0,6.2,train,Saturday,February,15,True,tweedie|lean,7.3,0,OK
2026-03-02,Ruskin,small,2,7.5,6.9,0.0,21.1,train,Monday,March,15,True,tweedie|lean,50.0,0,HIGH
2026-03-03,Ruskin,small,7,8.1,7.2,0.0,22.2,train,Tuesday,March,15,True,tweedie|lean,54.0,0,HIGH
2026-03-04,Ruskin,small,5,8.1,7.2,0.0,22.2,train,Wednesday,March,15,True,tweedie|lean,54.0,0,HIGH
2026-03-05,Ruskin,small,1,1.6,3.2,0.0,7.7,train,Thursday,March,15,True,tweedie|lean,10.7,0,OK
2026-03-06,Ruskin,small,1,1.3,2.9,0.0,7.0,train,Friday,March,15,True,tweedie|lean,8.7,0,OK
2026-03-07,Ruskin,small,0,0.2,2.5,0.0,5.2,train,Saturday,March,15,True,tweedie|lean,1.3,0,OK
2026-03-09,Ruskin,small,0,1.4,3.0,0.0,7.1,train,Monday,March,15,True,tweedie|lean,9.3,0,OK
2026-03-10,Ruskin,small,0,1.4,3.0,0.0,7.2,train,Tuesday,March,15,True,tweedie|lean,9.3,0,OK
2026-03-11,Ruskin,small,0,1.3,2.9,0.0,7.1,train,Wednesday,March,15,True,tweedie|lean,8.7,0,OK
2026-03-12,Ruskin,small,0,1.1,2.7,0.0,6.4,train,Thursday,March,15,True,tweedie|lean,7.3,0,OK
2026-03-13,Ruskin,small,1,0.9,2.5,0.0,5.9,train,Friday,March,15,True,tweedie|lean,6.0,0,OK
2026-03-14,Ruskin,small,0,0.2,2.5,0.0,5.1,train,Saturday,March,15,True,tweedie|lean,1.3,0,OK
2026-03-16,Ruskin,small,13,4.7,5.5,0.0,15.4,train,Monday,March,15,True,tweedie|lean,31.3,0,HIGH
2026-03-17,Ruskin,small,3,5.1,5.7,0.0,16.2,train,Tuesday,March,15,True,tweedie|lean,34.0,0,HIGH
2026-03-18,Ruskin,small,15,4.9,5.6,0.0,16.0,train,Wednesday,March,15,True,tweedie|lean,32.7,0,HIGH
2026-03-19,Ruskin,small,1,4.6,5.4,0.0,15.2,train,Thursday,March,15,True,tweedie|lean,30.7,0,HIGH
2026-03-20,Ruskin,small,5,3.8,4.9,0.0,13.5,train,Friday,March,15,True,tweedie|lean,25.3,0,OK
2026-03-21,Ruskin,small,0,0.7,2.5,0.0,5.6,train,Saturday,March,15,True,tweedie|lean,4.7,0,OK
2026-03-23,Ruskin,small,4,4.8,5.5,0.0,15.6,train,Monday,March,15,True,tweedie|lean,32.0,0,HIGH
2026-03-24,Ruskin,small,5,5.4,5.9,0.0,16.9,train,Tuesday,March,15,True,tweedie|lean,36.0,0,HIGH
2026-03-25,Ruskin,small,4,5.2,5.8,0.0,16.5,train,Wednesday,March,15,True,tweedie|lean,34.7,0,HIGH
2026-03-26,Ruskin,small,2,4.5,5.4,0.0,15.1,train,Thursday,March,15,True,tweedie|lean,30.0,0,HIGH
2026-03-27,Ruskin,small,5,3.9,5.0,0.0,13.8,train,Friday,March,15,True,tweedie|lean,26.0,0,OK
2026-03-28,Ruskin,small,0,0.7,2.5,0.0,5.7,train,Saturday,March,15,True,tweedie|lean,4.7,0,OK
2026-03-30,Ruskin,small,5,5.1,5.7,0.0,16.3,train,Monday,March,15,True,tweedie|lean,34.0,0,HIGH
2026-03-31,Ruskin,small,3,5.8,6.1,0.0,17.7,train,Tuesday,March,15,True,tweedie|lean,38.7,0,HIGH
2026-04-01,Ruskin,small,15,5.7,6.0,0.0,17.5,train,Wednesday,April,15,True,tweedie|lean,38.0,0,HIGH
2026-04-02,Ruskin,small,2,4.9,5.6,0.0,15.9,train,Thursday,April,15,True,tweedie|lean,32.7,0,HIGH
2026-04-03,Ruskin,small,14,4.2,5.2,0.0,14.3,train,Friday,April,15,True,tweedie|lean,28.0,0,OK
2026-04-04,Ruskin,small,0,0.7,2.5,0.0,5.7,train,Saturday,April,15,True,tweedie|lean,4.7,0,OK
2026-04-06,Ruskin,small,0,5.3,5.8,0.0,16.7,train,Monday,April,15,True,tweedie|lean,35.3,0,HIGH
2026-04-07,Ruskin,small,22,5.7,6.0,0.0,17.5,train,Tuesday,April,15,True,tweedie|lean,38.0,7,HIGH
2026-04-08,Ruskin,small,5,6.3,6.3,0.0,18.7,train,Wednesday,April,15,True,tweedie|lean,42.0,0,HIGH
2026-04-09,Ruskin,small,1,5.4,5.9,0.0,17.0,train,Thursday,April,15,True,tweedie|lean,36.0,0,HIGH
2026-04-10,Ruskin,small,0,4.6,5.4,0.0,15.1,train,Friday,April,15,True,tweedie|lean,30.7,0,HIGH
2026-04-11,Ruskin,small,0,0.8,2.5,0.0,5.7,train,Saturday,April,15,True,tweedie|lean,5.3,0,OK
2026-04-13,Ruskin,small,8,5.6,6.0,0.0,17.3,train,Monday,April,15,True,tweedie|lean,37.3,0,HIGH
2026-04-14,Ruskin,small,15,6.4,6.4,0.0,18.9,train,Tuesday,April,15,True,tweedie|lean,42.7,0,HIGH
2026-04-15,Ruskin,small,4,6.7,6.5,0.0,19.5,train,Wednesday,April,15,True,tweedie|lean,44.7,0,HIGH
2026-04-16,Ruskin,small,2,5.7,6.1,0.0,17.6,train,Thursday,April,15,True,tweedie|lean,38.0,0,HIGH
2026-04-17,Ruskin,small,5,4.9,5.6,0.0,15.9,train,Friday,April,15,True,tweedie|lean,32.7,0,HIGH
2026-04-18,Ruskin,small,0,0.8,2.5,0.0,5.8,train,Saturday,April,15,True,tweedie|lean,5.3,0,OK
2026-04-20,Ruskin,small,2,5.8,6.1,0.0,17.7,train,Monday,April,15,True,tweedie|lean,38.7,0,HIGH
2026-04-21,Ruskin,small,12,6.0,6.2,0.0,18.1,test,Tuesday,April,15,True,tweedie|lean,40.0,0,HIGH
2026-04-22,Ruskin,small,2,6.2,6.3,0.0,18.5,test,Wednesday,April,15,True,tweedie|lean,41.3,0,HIGH
2026-04-23,Ruskin,small,3,5.4,5.8,0.0,16.8,test,Thursday,April,15,True,tweedie|lean,36.0,0,HIGH
2026-04-24,Ruskin,small,14,4.2,5.2,0.0,14.3,test,Friday,April,15,True,tweedie|lean,28.0,0,OK
2026-04-25,Ruskin,small,0,0.8,2.5,0.0,5.7,test,Saturday,April,15,True,tweedie|lean,5.3,0,OK
2026-04-27,Ruskin,small,0,5.5,5.9,0.0,17.2,test,Monday,April,15,True,tweedie|lean,36.7,0,HIGH
2026-04-28,Ruskin,small,14,6.1,6.3,0.0,18.4,test,Tuesday,April,15,True,tweedie|lean,40.7,0,HIGH
2026-04-29,Ruskin,small,3,6.4,6.4,0.0,19.0,test,Wednesday,April,15,True,tweedie|lean,42.7,0,HIGH
2026-04-30,Ruskin,small,1,5.4,5.8,0.0,16.8,test,Thursday,April,15,True,tweedie|lean,36.0,0,HIGH
2026-05-01,Ruskin,small,0,4.3,5.2,0.0,14.5,test,Friday,May,15,True,tweedie|lean,28.7,0,OK
2026-05-02,Ruskin,small,0,0.7,2.5,0.0,5.7,test,Saturday,May,15,True,tweedie|lean,4.7,0,OK
2026-08-17,Ruskin,small,0,5.2,5.8,0.0,16.5,test,Monday,August,15,True,tweedie|lean,34.7,0,HIGH
2026-08-18,Ruskin,small,6,5.6,6.0,0.0,17.3,test,Tuesday,August,15,True,tweedie|lean,37.3,0,HIGH
2026-08-19,Ruskin,small,0,5.6,6.0,0.0,17.3,test,Wednesday,August,15,True,tweedie|lean,37.3,0,HIGH
2026-08-20,Ruskin,small,4,4.7,5.5,0.0,15.4,test,Thursday,August,15,True,tweedie|lean,31.3,0,HIGH
2026-08-21,Ruskin,small,8,3.9,5.0,0.0,13.6,test,Friday,August,15,True,tweedie|lean,26.0,0,OK
2026-08-22,Ruskin,small,0,0.7,2.5,0.0,5.7,test,Saturday,August,15,True,tweedie|lean,4.7,0,OK
2026-08-24,Ruskin,small,12,4.9,5.6,0.0,15.9,test,Monday,August,15,True,tweedie|lean,32.7,0,HIGH
2026-08-25,Ruskin,small,12,5.4,5.9,0.0,17.0,test,Tuesday,August,15,True,tweedie|lean,36.0,0,HIGH
2026-08-26,Ruskin,small,8,5.6,6.0,0.0,17.4,test,Wednesday,August,15,True,tweedie|lean,37.3,0,HIGH
2026-08-27,Ruskin,small,3,5.1,5.7,0.0,16.2,test,Thursday,August,15,True,tweedie|lean,34.0,0,HIGH
2026-08-28,Ruskin,small,5,4.1,5.1,0.0,14.2,test,Friday,August,15,True,tweedie|lean,27.3,0,OK
2026-08-29,Ruskin,small,0,0.7,2.5,0.0,5.7,test,Saturday,August,15,True,tweedie|lean,4.7,0,OK
2026-08-31,Ruskin,small,5,5.2,5.8,0.0,16.5,test,Monday,August,15,True,tweedie|lean,34.7,0,HIGH
2026-09-01,Ruskin,small,18,5.9,6.1,0.0,18.0,test,Tuesday,September,15,True,tweedie|lean,39.3,3,HIGH
2026-09-02,Ruskin,small,4,6.3,6.4,0.0,18.8,test,Wednesday,September,15,True,tweedie|lean,42.0,0,HIGH
2026-09-03,Ruskin,small,3,5.6,6.0,0.0,17.2,test,Thursday,September,15,True,tweedie|lean,37.3,0,HIGH
2026-09-04,Ruskin,small,2,4.7,5.5,0.0,15.5,test,Friday,September,15,True,tweedie|lean,31.3,0,HIGH
2026-09-05,Ruskin,small,0,0.8,2.5,0.0,5.8,test,Saturday,September,15,True,tweedie|lean,5.3,0,OK
2026-09-07,Ruskin,small,1,5.9,6.1,0.0,17.8,test,Monday,September,15,True,tweedie|lean,39.3,0,HIGH
2026-09-08,Ruskin,small,6,6.3,6.3,0.0,18.7,test,Tuesday,September,15,True,tweedie|lean,42.0,0,HIGH
2026-09-09,Ruskin,small,9,6.2,6.3,0.0,18.6,test,Wednesday,September,15,True,tweedie|lean,41.3,0,HIGH
2026-09-10,Ruskin,small,1,5.3,5.8,0.0,16.6,test,Thursday,September,15,True,tweedie|lean,35.3,0,HIGH
2026-09-11,Ruskin,small,5,4.3,5.2,0.0,14.5,test,Friday,September,15,True,tweedie|lean,28.7,0,OK
2026-09-12,Ruskin,small,0,0.7,2.5,0.0,5.7,test,Saturday,September,15,True,tweedie|lean,4.7,0,OK
2026-09-14,Ruskin,small,1,5.2,5.8,0.0,16.5,test,Monday,September,15,True,tweedie|lean,34.7,0,HIGH
2026-09-15,Ruskin,small,1,5.6,6.0,0.0,17.4,test,Tuesday,September,15,True,tweedie|lean,37.3,0,HIGH
2026-09-16,Ruskin,small,7,5.5,5.9,0.0,17.0,test,Wednesday,September,15,True,tweedie|lean,36.7,0,HIGH
2026-09-17,Ruskin,small,3,4.8,5.5,0.0,15.6,test,Thursday,September,15,True,tweedie|lean,32.0,0,HIGH
2026-09-18,Ruskin,small,0,3.8,4.9,0.0,13.4,test,Friday,September,15,True,tweedie|lean,25.3,0,OK
2026-09-19,Ruskin,small,1,0.7,2.5,0.0,5.6,test,Saturday,September,15,True,tweedie|lean,4.7,0,OK
2024-10-05,Sutherland,large,21,33.2,28.7,0.0,89.5,train,Saturday,October,122,True,bayes_ridge|full,27.2,0,OK
2024-10-07,Sutherland,large,128,58.3,38.0,0.0,132.8,train,Monday,October,122,True,bayes_ridge|full,47.8,6,HIGH
2024-10-08,Sutherland,large,53,62.3,39.3,0.0,139.4,train,Tuesday,October,122,True,bayes_ridge|full,51.1,0,HIGH
2024-10-09,Sutherland,large,35,59.0,38.3,0.0,134.0,train,Wednesday,October,122,True,bayes_ridge|full,48.4,0,HIGH
2024-10-10,Sutherland,large,140,54.8,36.9,0.0,127.0,train,Thursday,October,122,True,bayes_ridge|full,44.9,18,HIGH
2024-10-11,Sutherland,large,81,61.0,38.9,0.0,137.2,train,Friday,October,122,True,bayes_ridge|full,50.0,0,HIGH
2024-10-12,Sutherland,large,14,39.2,31.2,0.0,100.4,train,Saturday,October,122,True,bayes_ridge|full,32.1,0,OK
2024-10-14,Sutherland,large,46,63.9,39.8,0.0,141.9,train,Monday,October,122,True,bayes_ridge|full,52.4,0,HIGH
2024-10-15,Sutherland,large,119,63.2,39.6,0.0,140.8,train,Tuesday,October,122,True,bayes_ridge|full,51.8,0,HIGH
2024-10-16,Sutherland,large,21,61.0,38.9,0.0,137.3,train,Wednesday,October,122,True,bayes_ridge|full,50.0,0,HIGH
2024-10-17,Sutherland,large,86,57.5,37.8,0.0,131.6,train,Thursday,October,122,True,bayes_ridge|full,47.1,0,HIGH
2024-10-18,Sutherland,large,66,61.1,38.9,0.0,137.4,train,Friday,October,122,True,bayes_ridge|full,50.1,0,HIGH
2024-10-19,Sutherland,large,65,35.6,29.7,0.0,93.9,train,Saturday,October,122,True,bayes_ridge|full,29.2,0,OK
2024-10-21,Sutherland,large,114,61.5,39.1,0.0,138.0,train,Monday,October,122,True,bayes_ridge|full,50.4,0,HIGH
2024-10-22,Sutherland,large,65,65.2,40.2,0.0,144.1,train,Tuesday,October,122,True,bayes_ridge|full,53.4,0,HIGH
2024-10-23,Sutherland,large,129,64.0,39.8,0.0,142.1,train,Wednesday,October,122,True,bayes_ridge|full,52.5,7,HIGH
2024-10-24,Sutherland,large,107,63.4,39.7,0.0,141.2,train,Thursday,October,122,True,bayes_ridge|full,52.0,0,HIGH
2024-10-25,Sutherland,large,37,69.4,41.5,0.0,150.7,train,Friday,October,122,True,bayes_ridge|full,56.9,0,HIGH
2024-10-26,Sutherland,large,53,44.8,33.4,0.0,110.2,train,Saturday,October,122,True,bayes_ridge|full,36.7,0,OK
2024-10-28,Sutherland,large,111,70.1,41.7,0.0,151.9,train,Monday,October,122,True,bayes_ridge|full,57.5,0,HIGH
2024-10-29,Sutherland,large,178,70.8,41.9,0.0,153.0,train,Tuesday,October,122,True,bayes_ridge|full,58.0,56,HIGH
2024-10-30,Sutherland,large,127,72.9,42.5,0.0,156.3,train,Wednesday,October,122,True,bayes_ridge|full,59.8,5,HIGH
2024-10-31,Sutherland,large,86,75.5,43.3,0.0,160.4,train,Thursday,October,122,True,bayes_ridge|full,61.9,0,HIGH
2024-11-01,Sutherland,large,46,74.4,43.0,0.0,158.6,train,Friday,November,122,True,bayes_ridge|full,61.0,0,HIGH
2024-11-02,Sutherland,large,31,49.5,35.0,0.0,118.2,train,Saturday,November,122,True,bayes_ridge|full,40.6,0,OK
2024-11-04,Sutherland,large,67,75.3,43.2,0.0,160.0,train,Monday,November,122,True,bayes_ridge|full,61.7,0,HIGH
2024-11-05,Sutherland,large,68,74.3,42.9,0.0,158.4,train,Tuesday,November,122,True,bayes_ridge|full,60.9,0,HIGH
2024-11-06,Sutherland,large,20,69.5,41.5,0.0,150.9,train,Wednesday,November,122,True,bayes_ridge|full,57.0,0,HIGH
2024-11-07,Sutherland,large,28,59.7,38.5,0.0,135.2,train,Thursday,November,122,True,bayes_ridge|full,48.9,0,HIGH
2024-11-08,Sutherland,large,23,55.6,37.1,0.0,128.3,train,Friday,November,122,True,bayes_ridge|full,45.6,0,HIGH
2024-11-09,Sutherland,large,117,29.4,27.0,0.0,82.3,train,Saturday,November,122,True,bayes_ridge|full,24.1,0,OK
2024-11-11,Sutherland,large,13,60.0,38.6,0.0,135.6,train,Monday,November,122,True,bayes_ridge|full,49.2,0,HIGH
2024-11-12,Sutherland,large,32,57.0,37.6,0.0,130.7,train,Tuesday,November,122,True,bayes_ridge|full,46.7,0,HIGH
2024-11-13,Sutherland,large,18,52.0,35.9,0.0,122.4,train,Wednesday,November,122,True,bayes_ridge|full,42.6,0,HIGH
2024-11-14,Sutherland,large,30,47.3,34.3,0.0,114.5,train,Thursday,November,122,True,bayes_ridge|full,38.8,0,OK
2024-11-15,Sutherland,large,79,48.0,34.5,0.0,115.6,train,Friday,November,122,True,bayes_ridge|full,39.3,0,OK
2024-11-16,Sutherland,large,50,28.5,26.6,0.0,80.6,train,Saturday,November,122,True,bayes_ridge|full,23.4,0,OK
2024-11-18,Sutherland,large,28,56.0,37.3,0.0,129.0,train,Monday,November,122,True,bayes_ridge|full,45.9,0,HIGH
2024-11-19,Sutherland,large,12,49.7,35.1,0.0,118.5,train,Tuesday,November,122,True,bayes_ridge|full,40.7,0,OK
2024-11-20,Sutherland,large,13,46.5,34.0,0.0,113.2,train,Wednesday,November,122,True,bayes_ridge|full,38.1,0,OK
2024-11-21,Sutherland,large,26,19.1,21.8,0.0,61.9,train,Thursday,November,122,True,bayes_ridge|full,15.7,0,OK
2024-11-22,Sutherland,large,36,22.1,23.4,0.0,67.9,train,Friday,November,122,True,bayes_ridge|full,18.1,0,OK
2024-11-23,Sutherland,large,2,2.3,7.5,0.0,16.9,train,Saturday,November,122,True,bayes_ridge|full,1.9,0,OK
2024-11-25,Sutherland,large,0,28.9,26.8,0.0,81.4,train,Monday,November,122,True,bayes_ridge|full,23.7,0,OK
2024-11-26,Sutherland,large,1,25.9,25.3,0.0,75.5,train,Tuesday,November,122,True,bayes_ridge|full,21.2,0,OK
2024-11-27,Sutherland,large,1,22.9,23.8,0.0,69.6,train,Wednesday,November,122,True,bayes_ridge|full,18.8,0,OK
2024-11-28,Sutherland,large,0,22.8,23.8,0.0,69.5,train,Thursday,November,122,True,bayes_ridge|full,18.7,0,OK
2024-11-29,Sutherland,large,0,24.7,24.8,0.0,73.2,train,Friday,November,122,True,bayes_ridge|full,20.2,0,OK
2024-11-30,Sutherland,large,0,2.9,8.6,0.0,19.7,train,Saturday,November,122,True,bayes_ridge|full,2.4,0,OK
2024-12-02,Sutherland,large,89,31.0,27.7,0.0,85.3,train,Monday,December,122,True,bayes_ridge|full,25.4,0,OK
2024-12-03,Sutherland,large,55,35.4,29.6,0.0,93.4,train,Tuesday,December,122,True,bayes_ridge|full,29.0,0,OK
2024-12-04,Sutherland,large,30,37.5,30.5,0.0,97.3,train,Wednesday,December,122,True,bayes_ridge|full,30.7,0,OK
2024-12-05,Sutherland,large,29,39.6,31.3,0.0,101.0,train,Thursday,December,122,True,bayes_ridge|full,32.5,0,OK
2024-12-06,Sutherland,large,24,36.8,30.2,0.0,96.1,train,Friday,December,122,True,bayes_ridge|full,30.2,0,OK
2024-12-07,Sutherland,large,14,15.9,19.9,0.0,54.9,train,Saturday,December,122,True,bayes_ridge|full,13.0,0,OK
2024-12-09,Sutherland,large,59,43.0,32.7,0.0,107.0,train,Monday,December,122,True,bayes_ridge|full,35.2,0,OK
2024-12-10,Sutherland,large,26,44.4,33.2,0.0,109.4,train,Tuesday,December,122,True,bayes_ridge|full,36.4,0,OK
2024-12-11,Sutherland,large,34,38.8,31.0,0.0,99.7,train,Wednesday,December,122,True,bayes_ridge|full,31.8,0,OK
2024-12-12,Sutherland,large,20,36.7,30.2,0.0,95.8,train,Thursday,December,122,True,bayes_ridge|full,30.1,0,OK
2024-12-13,Sutherland,large,11,36.6,30.1,0.0,95.7,train,Friday,December,122,True,bayes_ridge|full,30.0,0,OK
2024-12-14,Sutherland,large,8,13.9,18.6,0.0,50.3,train,Saturday,December,122,True,bayes_ridge|full,11.4,0,OK
2024-12-16,Sutherland,large,19,39.7,31.4,0.0,101.2,train,Monday,December,122,True,bayes_ridge|full,32.5,0,OK
2024-12-17,Sutherland,large,10,38.2,30.8,0.0,98.6,train,Tuesday,December,122,True,bayes_ridge|full,31.3,0,OK
2025-01-03,Sutherland,large,4,32.5,28.4,0.0,88.1,train,Friday,January,122,True,bayes_ridge|full,26.6,0,OK
2025-01-04,Sutherland,large,0,8.6,14.6,0.0,37.3,train,Saturday,January,122,True,bayes_ridge|full,7.0,0,OK
2025-01-06,Sutherland,large,100,33.1,28.6,0.0,89.2,train,Monday,January,122,True,bayes_ridge|full,27.1,0,OK
2025-01-07,Sutherland,large,19,35.9,29.9,0.0,94.5,train,Tuesday,January,122,True,bayes_ridge|full,29.4,0,OK
2025-01-08,Sutherland,large,48,33.8,28.9,0.0,90.5,train,Wednesday,January,122,True,bayes_ridge|full,27.7,0,OK
2025-01-09,Sutherland,large,13,34.7,29.3,0.0,92.2,train,Thursday,January,122,True,bayes_ridge|full,28.4,0,OK
2025-01-10,Sutherland,large,83,35.2,29.5,0.0,93.1,train,Friday,January,122,True,bayes_ridge|full,28.9,0,OK
2025-01-11,Sutherland,large,8,17.3,20.7,0.0,57.9,train,Saturday,January,122,True,bayes_ridge|full,14.2,0,OK
2025-01-13,Sutherland,large,34,44.1,33.1,0.0,108.9,train,Monday,January,122,True,bayes_ridge|full,36.1,0,OK
2025-01-14,Sutherland,large,63,44.1,33.1,0.0,109.0,train,Tuesday,January,122,True,bayes_ridge|full,36.1,0,OK
2025-01-15,Sutherland,large,74,40.3,31.6,0.0,102.3,train,Wednesday,January,122,True,bayes_ridge|full,33.0,0,OK
2025-01-16,Sutherland,large,44,42.4,32.4,0.0,106.0,train,Thursday,January,122,True,bayes_ridge|full,34.8,0,OK
2025-01-17,Sutherland,large,60,43.5,32.9,0.0,107.9,train,Friday,January,122,True,bayes_ridge|full,35.7,0,OK
2025-01-18,Sutherland,large,12,24.5,24.6,0.0,72.8,train,Saturday,January,122,True,bayes_ridge|full,20.1,0,OK
2025-01-20,Sutherland,large,3,47.8,34.4,0.0,115.2,train,Monday,January,122,True,bayes_ridge|full,39.2,0,OK
2025-01-21,Sutherland,large,38,45.2,33.5,0.0,110.8,train,Tuesday,January,122,True,bayes_ridge|full,37.0,0,OK
2025-01-22,Sutherland,large,92,42.9,32.6,0.0,106.9,train,Wednesday,January,122,True,bayes_ridge|full,35.2,0,OK
2025-01-23,Sutherland,large,60,43.3,32.8,0.0,107.6,train,Thursday,January,122,True,bayes_ridge|full,35.5,0,OK
2025-01-24,Sutherland,large,40,43.9,33.0,0.0,108.5,train,Friday,January,122,True,bayes_ridge|full,36.0,0,OK
2025-01-25,Sutherland,large,6,21.8,23.3,0.0,67.4,train,Saturday,January,122,True,bayes_ridge|full,17.9,0,OK
2025-01-27,Sutherland,large,62,45.8,33.7,0.0,111.8,train,Monday,January,122,True,bayes_ridge|full,37.5,0,OK
2025-01-28,Sutherland,large,36,46.3,33.9,0.0,112.7,train,Tuesday,January,122,True,bayes_ridge|full,38.0,0,OK
2025-01-29,Sutherland,large,33,45.6,33.6,0.0,111.5,train,Wednesday,January,122,True,bayes_ridge|full,37.4,0,OK
2025-01-30,Sutherland,large,40,44.0,33.0,0.0,108.7,train,Thursday,January,122,True,bayes_ridge|full,36.1,0,OK
2025-01-31,Sutherland,large,43,42.2,32.4,0.0,105.7,train,Friday,January,122,True,bayes_ridge|full,34.6,0,OK
2025-02-01,Sutherland,large,3,19.5,22.0,0.0,62.6,train,Saturday,February,122,True,bayes_ridge|full,16.0,0,OK
2025-02-03,Sutherland,large,61,44.1,33.1,0.0,109.0,train,Monday,February,122,True,bayes_ridge|full,36.1,0,OK
2025-02-04,Sutherland,large,49,45.2,33.5,0.0,110.9,train,Tuesday,February,122,True,bayes_ridge|full,37.0,0,OK
2025-02-05,Sutherland,large,32,42.4,32.4,0.0,106.0,train,Wednesday,February,122,True,bayes_ridge|full,34.8,0,OK
2025-02-06,Sutherland,large,53,41.2,32.0,0.0,103.8,train,Thursday,February,122,True,bayes_ridge|full,33.8,0,OK
2025-02-07,Sutherland,large,91,43.4,32.8,0.0,107.7,train,Friday,February,122,True,bayes_ridge|full,35.6,0,OK
2025-02-08,Sutherland,large,23,24.0,24.4,0.0,71.8,train,Saturday,February,122,True,bayes_ridge|full,19.7,0,OK
2025-02-10,Sutherland,large,98,49.5,35.0,0.0,118.2,train,Monday,February,122,True,bayes_ridge|full,40.6,0,OK
2025-02-11,Sutherland,large,46,52.9,36.2,0.0,124.0,train,Tuesday,February,122,True,bayes_ridge|full,43.4,0,HIGH
2025-02-12,Sutherland,large,43,50.0,35.2,0.0,119.1,train,Wednesday,February,122,True,bayes_ridge|full,41.0,0,OK
2025-02-13,Sutherland,large,79,48.1,34.5,0.0,115.7,train,Thursday,February,122,True,bayes_ridge|full,39.4,0,OK
2025-02-14,Sutherland,large,146,51.8,35.9,0.0,122.1,train,Friday,February,122,True,bayes_ridge|full,42.5,24,HIGH
2025-02-15,Sutherland,large,39,35.8,29.8,0.0,94.2,train,Saturday,February,122,True,bayes_ridge|full,29.3,0,OK
2025-02-17,Sutherland,large,25,59.8,38.5,0.0,135.2,train,Monday,February,122,True,bayes_ridge|full,49.0,0,HIGH
2025-02-18,Sutherland,large,98,57.7,37.8,0.0,131.8,train,Tuesday,February,122,True,bayes_ridge|full,47.3,0,HIGH
2025-02-19,Sutherland,large,32,55.9,37.2,0.0,128.9,train,Wednesday,February,122,True,bayes_ridge|full,45.8,0,HIGH
2025-02-20,Sutherland,large,42,53.6,36.5,0.0,125.0,train,Thursday,February,122,True,bayes_ridge|full,43.9,0,HIGH
2025-02-21,Sutherland,large,32,54.5,36.8,0.0,126.5,train,Friday,February,122,True,bayes_ridge|full,44.7,0,HIGH
2025-02-22,Sutherland,large,27,30.4,27.5,0.0,84.3,train,Saturday,February,122,True,bayes_ridge|full,24.9,0,OK
2025-02-24,Sutherland,large,66,51.1,35.6,0.0,120.8,train,Monday,February,122,True,bayes_ridge|full,41.9,0,OK
2025-02-25,Sutherland,large,22,50.3,35.3,0.0,119.5,train,Tuesday,February,122,True,bayes_ridge|full,41.2,0,OK
2025-02-26,Sutherland,large,18,47.3,34.3,0.0,114.5,train,Wednesday,February,122,True,bayes_ridge|full,38.8,0,OK
2025-02-27,Sutherland,large,24,41.5,32.1,0.0,104.4,train,Thursday,February,122,True,bayes_ridge|full,34.0,0,OK
2025-02-28,Sutherland,large,30,41.9,32.3,0.0,105.1,train,Friday,February,122,True,bayes_ridge|full,34.3,0,OK
2025-03-01,Sutherland,large,10,19.2,21.8,0.0,62.0,train,Saturday,March,122,True,bayes_ridge|full,15.7,0,OK
2025-03-03,Sutherland,large,0,44.3,33.1,0.0,109.3,train,Monday,March,122,True,bayes_ridge|full,36.3,0,OK
2025-03-04,Sutherland,large,0,40.1,31.6,0.0,102.0,train,Tuesday,March,122,True,bayes_ridge|full,32.9,0,OK
2025-03-05,Sutherland,large,64,34.1,29.1,0.0,91.2,train,Wednesday,March,122,True,bayes_ridge|full,28.0,0,OK
2025-03-06,Sutherland,large,27,35.2,29.5,0.0,93.1,train,Thursday,March,122,True,bayes_ridge|full,28.9,0,OK
2025-03-07,Sutherland,large,0,36.2,30.0,0.0,95.0,train,Friday,March,122,True,bayes_ridge|full,29.7,0,OK
2025-03-08,Sutherland,large,0,12.6,17.7,0.0,47.3,train,Saturday,March,122,True,bayes_ridge|full,10.3,0,OK
2025-03-10,Sutherland,large,75,37.3,30.4,0.0,97.0,train,Monday,March,122,True,bayes_ridge|full,30.6,0,OK
2025-03-11,Sutherland,large,33,39.2,31.2,0.0,100.3,train,Tuesday,March,122,True,bayes_ridge|full,32.1,0,OK
2025-03-12,Sutherland,large,18,38.2,30.8,0.0,98.5,train,Wednesday,March,122,True,bayes_ridge|full,31.3,0,OK
2025-03-13,Sutherland,large,35,37.0,30.3,0.0,96.4,train,Thursday,March,122,True,bayes_ridge|full,30.3,0,OK
2025-03-14,Sutherland,large,55,36.6,30.1,0.0,95.7,train,Friday,March,122,True,bayes_ridge|full,30.0,0,OK
2025-03-15,Sutherland,large,16,16.1,20.0,0.0,55.2,train,Saturday,March,122,True,bayes_ridge|full,13.2,0,OK
2025-03-17,Sutherland,large,46,43.1,32.7,0.0,107.2,train,Monday,March,122,True,bayes_ridge|full,35.3,0,OK
2025-03-18,Sutherland,large,22,43.6,32.9,0.0,108.1,train,Tuesday,March,122,True,bayes_ridge|full,35.7,0,OK
2025-03-19,Sutherland,large,23,38.2,30.8,0.0,98.5,train,Wednesday,March,122,True,bayes_ridge|full,31.3,0,OK
2025-03-20,Sutherland,large,21,35.8,29.8,0.0,94.2,train,Thursday,March,122,True,bayes_ridge|full,29.3,0,OK
2025-03-21,Sutherland,large,61,36.8,30.2,0.0,96.1,train,Friday,March,122,True,bayes_ridge|full,30.2,0,OK
2025-03-22,Sutherland,large,12,16.4,20.2,0.0,55.9,train,Saturday,March,122,True,bayes_ridge|full,13.4,0,OK
2025-03-24,Sutherland,large,35,40.4,31.7,0.0,102.5,train,Monday,March,122,True,bayes_ridge|full,33.1,0,OK
2025-03-25,Sutherland,large,25,39.7,31.4,0.0,101.2,train,Tuesday,March,122,True,bayes_ridge|full,32.5,0,OK
2025-03-26,Sutherland,large,15,36.2,30.0,0.0,94.9,train,Wednesday,March,122,True,bayes_ridge|full,29.7,0,OK
2025-03-27,Sutherland,large,18,34.0,29.1,0.0,91.0,train,Thursday,March,122,True,bayes_ridge|full,27.9,0,OK
2025-03-28,Sutherland,large,31,34.5,29.3,0.0,91.9,train,Friday,March,122,True,bayes_ridge|full,28.3,0,OK
2025-03-29,Sutherland,large,16,13.0,18.0,0.0,48.2,train,Saturday,March,122,True,bayes_ridge|full,10.7,0,OK
2025-03-31,Sutherland,large,20,37.3,30.4,0.0,97.0,train,Monday,March,122,True,bayes_ridge|full,30.6,0,OK
2025-04-01,Sutherland,large,33,35.7,29.8,0.0,94.0,train,Tuesday,April,122,True,bayes_ridge|full,29.3,0,OK
2025-04-02,Sutherland,large,13,33.2,28.7,0.0,89.4,train,Wednesday,April,122,True,bayes_ridge|full,27.2,0,OK
2025-04-03,Sutherland,large,25,31.0,27.7,0.0,85.3,train,Thursday,April,122,True,bayes_ridge|full,25.4,0,OK
2025-04-04,Sutherland,large,38,32.4,28.4,0.0,88.0,train,Friday,April,122,True,bayes_ridge|full,26.6,0,OK
2025-04-05,Sutherland,large,9,11.8,17.1,0.0,45.3,train,Saturday,April,122,True,bayes_ridge|full,9.7,0,OK
2025-04-07,Sutherland,large,31,37.4,30.5,0.0,97.1,train,Monday,April,122,True,bayes_ridge|full,30.7,0,OK
2025-04-08,Sutherland,large,28,35.9,29.9,0.0,94.5,train,Tuesday,April,122,True,bayes_ridge|full,29.4,0,OK
2025-04-09,Sutherland,large,11,33.9,29.0,0.0,90.7,train,Wednesday,April,122,True,bayes_ridge|full,27.8,0,OK
2025-04-10,Sutherland,large,21,31.3,27.9,0.0,86.0,train,Thursday,April,122,True,bayes_ridge|full,25.7,0,OK
2025-04-11,Sutherland,large,35,32.7,28.5,0.0,88.5,train,Friday,April,122,True,bayes_ridge|full,26.8,0,OK
2025-04-12,Sutherland,large,11,11.2,16.7,0.0,43.8,train,Saturday,April,122,True,bayes_ridge|full,9.2,0,OK
2025-04-14,Sutherland,large,7,36.4,30.0,0.0,95.3,train,Monday,April,122,True,bayes_ridge|full,29.8,0,OK
2025-04-15,Sutherland,large,50,34.3,29.2,0.0,91.4,train,Tuesday,April,122,True,bayes_ridge|full,28.1,0,OK
2025-04-16,Sutherland,large,39,32.9,28.6,0.0,88.9,train,Wednesday,April,122,True,bayes_ridge|full,27.0,0,OK
2025-04-17,Sutherland,large,23,32.1,28.2,0.0,87.4,train,Thursday,April,122,True,bayes_ridge|full,26.3,0,OK
2025-04-18,Sutherland,large,36,33.5,28.8,0.0,90.1,train,Friday,April,122,True,bayes_ridge|full,27.5,0,OK
2025-04-19,Sutherland,large,18,12.5,17.6,0.0,46.9,train,Saturday,April,122,True,bayes_ridge|full,10.2,0,OK
2025-04-21,Sutherland,large,40,38.3,30.8,0.0,98.6,train,Monday,April,122,True,bayes_ridge|full,31.4,0,OK
2025-04-22,Sutherland,large,19,23.0,23.9,0.0,69.8,train,Tuesday,April,122,True,bayes_ridge|full,18.9,0,OK
2025-04-23,Sutherland,large,18,21.1,22.9,0.0,65.9,train,Wednesday,April,122,True,bayes_ridge|full,17.3,0,OK
2025-04-24,Sutherland,large,14,17.8,21.0,0.0,59.1,train,Thursday,April,122,True,bayes_ridge|full,14.6,0,OK
2025-04-25,Sutherland,large,37,17.4,20.8,0.0,58.1,train,Friday,April,122,True,bayes_ridge|full,14.3,0,OK
2025-04-26,Sutherland,large,6,0.0,5.0,0.0,9.8,train,Saturday,April,122,True,bayes_ridge|full,0.0,0,OK
2025-04-28,Sutherland,large,16,21.4,23.0,0.0,66.5,train,Monday,April,122,True,bayes_ridge|full,17.5,0,OK
2025-04-29,Sutherland,large,11,19.3,21.9,0.0,62.3,train,Tuesday,April,122,True,bayes_ridge|full,15.8,0,OK
2025-04-30,Sutherland,large,2,15.3,19.5,0.0,53.5,train,Wednesday,April,122,True,bayes_ridge|full,12.5,0,OK
2025-05-01,Sutherland,large,5,12.9,17.9,0.0,48.0,train,Thursday,May,122,True,bayes_ridge|full,10.6,0,OK
2025-05-02,Sutherland,large,1,12.8,17.8,0.0,47.8,train,Friday,May,122,True,bayes_ridge|full,10.5,0,OK
2025-08-18,Sutherland,large,1,34.1,29.1,0.0,91.1,train,Monday,August,122,True,bayes_ridge|full,28.0,0,OK
2025-08-19,Sutherland,large,12,30.2,27.4,0.0,83.8,train,Tuesday,August,122,True,bayes_ridge|full,24.8,0,OK
2025-08-20,Sutherland,large,46,27.8,26.2,0.0,79.2,train,Wednesday,August,122,True,bayes_ridge|full,22.8,0,OK
2025-08-21,Sutherland,large,21,28.2,26.4,0.0,80.0,train,Thursday,August,122,True,bayes_ridge|full,23.1,0,OK
2025-08-22,Sutherland,large,94,29.3,27.0,0.0,82.2,train,Friday,August,122,True,bayes_ridge|full,24.0,0,OK
2025-08-23,Sutherland,large,0,12.8,17.8,0.0,47.8,train,Saturday,August,122,True,bayes_ridge|full,10.5,0,OK
2025-08-25,Sutherland,large,210,39.0,31.1,0.0,100.0,train,Monday,August,122,True,bayes_ridge|full,32.0,88,OK
2025-08-26,Sutherland,large,51,49.5,35.1,0.0,118.2,train,Tuesday,August,122,True,bayes_ridge|full,40.6,0,OK
2025-08-27,Sutherland,large,39,49.7,35.1,0.0,118.6,train,Wednesday,August,122,True,bayes_ridge|full,40.7,0,OK
2025-08-28,Sutherland,large,47,50.0,35.2,0.0,119.0,train,Thursday,August,122,True,bayes_ridge|full,41.0,0,OK
2025-08-29,Sutherland,large,51,51.1,35.6,0.0,120.9,train,Friday,August,122,True,bayes_ridge|full,41.9,0,OK
2025-08-30,Sutherland,large,4,31.2,27.8,0.0,85.7,train,Saturday,August,122,True,bayes_ridge|full,25.6,0,OK
2025-09-01,Sutherland,large,0,53.4,36.4,0.0,124.8,train,Monday,September,122,True,bayes_ridge|full,43.8,0,HIGH
2025-09-02,Sutherland,large,29,51.3,35.7,0.0,121.2,train,Tuesday,September,122,True,bayes_ridge|full,42.0,0,OK
2025-09-03,Sutherland,large,60,39.9,31.5,0.0,101.5,train,Wednesday,September,122,True,bayes_ridge|full,32.7,0,OK
2025-09-04,Sutherland,large,23,39.5,31.3,0.0,100.8,train,Thursday,September,122,True,bayes_ridge|full,32.4,0,OK
2025-09-05,Sutherland,large,45,39.6,31.3,0.0,100.9,train,Friday,September,122,True,bayes_ridge|full,32.5,0,OK
2025-09-06,Sutherland,large,2,17.7,21.0,0.0,58.8,train,Saturday,September,122,True,bayes_ridge|full,14.5,0,OK
2025-09-08,Sutherland,large,15,41.7,32.2,0.0,104.7,train,Monday,September,122,True,bayes_ridge|full,34.2,0,OK
2025-09-09,Sutherland,large,8,39.9,31.5,0.0,101.6,train,Tuesday,September,122,True,bayes_ridge|full,32.7,0,OK
2025-09-10,Sutherland,large,51,37.7,30.6,0.0,97.7,train,Wednesday,September,122,True,bayes_ridge|full,30.9,0,OK
2025-09-11,Sutherland,large,109,32.8,28.5,0.0,88.6,train,Thursday,September,122,True,bayes_ridge|full,26.9,0,OK
2025-09-12,Sutherland,large,36,36.7,30.2,0.0,95.9,train,Friday,September,122,True,bayes_ridge|full,30.1,0,OK
2025-09-13,Sutherland,large,6,15.6,19.7,0.0,54.3,train,Saturday,September,122,True,bayes_ridge|full,12.8,0,OK
2025-09-15,Sutherland,large,54,40.1,31.6,0.0,102.0,train,Monday,September,122,True,bayes_ridge|full,32.9,0,OK
2025-09-16,Sutherland,large,86,41.1,31.9,0.0,103.7,train,Tuesday,September,122,True,bayes_ridge|full,33.7,0,OK
2025-09-17,Sutherland,large,43,42.9,32.6,0.0,106.9,train,Wednesday,September,122,True,bayes_ridge|full,35.2,0,OK
2025-09-18,Sutherland,large,25,43.8,32.9,0.0,108.3,train,Thursday,September,122,True,bayes_ridge|full,35.9,0,OK
2025-09-19,Sutherland,large,34,43.4,32.8,0.0,107.8,train,Friday,September,122,True,bayes_ridge|full,35.6,0,OK
2025-09-20,Sutherland,large,1,17.9,21.1,0.0,59.2,train,Saturday,September,122,True,bayes_ridge|full,14.7,0,OK
2025-09-22,Sutherland,large,61,42.7,32.5,0.0,106.5,train,Monday,September,122,True,bayes_ridge|full,35.0,0,OK
2025-09-23,Sutherland,large,101,43.7,32.9,0.0,108.3,train,Tuesday,September,122,True,bayes_ridge|full,35.8,0,OK
2025-09-24,Sutherland,large,11,44.5,33.2,0.0,109.5,train,Wednesday,September,122,True,bayes_ridge|full,36.5,0,OK
2025-09-25,Sutherland,large,36,38.9,31.1,0.0,99.8,train,Thursday,September,122,True,bayes_ridge|full,31.9,0,OK
2025-09-26,Sutherland,large,45,39.8,31.4,0.0,101.4,train,Friday,September,122,True,bayes_ridge|full,32.6,0,OK
2025-09-27,Sutherland,large,0,18.0,21.1,0.0,59.3,train,Saturday,September,122,True,bayes_ridge|full,14.8,0,OK
2025-09-29,Sutherland,large,32,42.1,32.3,0.0,105.4,train,Monday,September,122,True,bayes_ridge|full,34.5,0,OK
2025-09-30,Sutherland,large,72,41.7,32.2,0.0,104.8,train,Tuesday,September,122,True,bayes_ridge|full,34.2,0,OK
2025-10-01,Sutherland,large,18,40.2,31.6,0.0,102.1,train,Wednesday,October,122,True,bayes_ridge|full,33.0,0,OK
2025-10-02,Sutherland,large,6,34.4,29.2,0.0,91.6,train,Thursday,October,122,True,bayes_ridge|full,28.2,0,OK
2025-10-03,Sutherland,large,17,34.5,29.3,0.0,91.9,train,Friday,October,122,True,bayes_ridge|full,28.3,0,OK
2025-10-04,Sutherland,large,2,11.7,17.0,0.0,45.0,train,Saturday,October,122,True,bayes_ridge|full,9.6,0,OK
2025-10-06,Sutherland,large,33,36.0,29.9,0.0,94.5,train,Monday,October,122,True,bayes_ridge|full,29.5,0,OK
2025-10-07,Sutherland,large,107,35.6,29.7,0.0,93.9,train,Tuesday,October,122,True,bayes_ridge|full,29.2,0,OK
2025-10-08,Sutherland,large,21,37.8,30.6,0.0,97.8,train,Wednesday,October,122,True,bayes_ridge|full,31.0,0,OK
2025-10-09,Sutherland,large,20,33.6,28.9,0.0,90.1,train,Thursday,October,122,True,bayes_ridge|full,27.5,0,OK
2025-10-10,Sutherland,large,36,34.2,29.1,0.0,91.2,train,Friday,October,122,True,bayes_ridge|full,28.0,0,OK
2025-10-11,Sutherland,large,4,14.0,18.6,0.0,50.5,train,Saturday,October,122,True,bayes_ridge|full,11.5,0,OK
2025-10-13,Sutherland,large,30,39.9,31.4,0.0,101.5,train,Monday,October,122,True,bayes_ridge|full,32.7,0,OK
2025-10-14,Sutherland,large,6,39.2,31.2,0.0,100.3,train,Tuesday,October,122,True,bayes_ridge|full,32.1,0,OK
2025-10-15,Sutherland,large,11,34.8,29.4,0.0,92.3,train,Wednesday,October,122,True,bayes_ridge|full,28.5,0,OK
2025-10-16,Sutherland,large,87,28.4,26.6,0.0,80.5,train,Thursday,October,122,True,bayes_ridge|full,23.3,0,OK
2025-10-17,Sutherland,large,34,33.1,28.6,0.0,89.2,train,Friday,October,122,True,bayes_ridge|full,27.1,0,OK
2025-10-18,Sutherland,large,2,11.8,17.1,0.0,45.5,train,Saturday,October,122,True,bayes_ridge|full,9.7,0,OK
2025-10-20,Sutherland,large,35,36.4,30.0,0.0,95.3,train,Monday,October,122,True,bayes_ridge|full,29.8,0,OK
2025-10-21,Sutherland,large,86,36.1,29.9,0.0,94.8,train,Tuesday,October,122,True,bayes_ridge|full,29.6,0,OK
2025-10-22,Sutherland,large,28,37.1,30.3,0.0,96.6,train,Wednesday,October,122,True,bayes_ridge|full,30.4,0,OK
2025-10-23,Sutherland,large,36,36.8,30.2,0.0,96.0,train,Thursday,October,122,True,bayes_ridge|full,30.2,0,OK
2025-10-24,Sutherland,large,47,38.7,31.0,0.0,99.4,train,Friday,October,122,True,bayes_ridge|full,31.7,0,OK
2025-10-25,Sutherland,large,8,14.9,19.2,0.0,52.5,train,Saturday,October,122,True,bayes_ridge|full,12.2,0,OK
2025-10-27,Sutherland,large,47,39.7,31.4,0.0,101.2,train,Monday,October,122,True,bayes_ridge|full,32.5,0,OK
2025-10-28,Sutherland,large,24,40.3,31.6,0.0,102.4,train,Tuesday,October,122,True,bayes_ridge|full,33.0,0,OK
2025-10-29,Sutherland,large,128,37.3,30.4,0.0,96.9,train,Wednesday,October,122,True,bayes_ridge|full,30.6,6,OK
2025-10-30,Sutherland,large,32,39.0,31.1,0.0,100.0,train,Thursday,October,122,True,bayes_ridge|full,32.0,0,OK
2025-10-31,Sutherland,large,43,40.4,31.6,0.0,102.4,train,Friday,October,122,True,bayes_ridge|full,33.1,0,OK
2025-11-01,Sutherland,large,2,19.1,21.7,0.0,61.7,train,Saturday,November,122,True,bayes_ridge|full,15.7,0,OK
2025-11-03,Sutherland,large,36,42.7,32.5,0.0,106.5,train,Monday,November,122,True,bayes_ridge|full,35.0,0,OK
2025-11-04,Sutherland,large,63,42.3,32.4,0.0,105.8,train,Tuesday,November,122,True,bayes_ridge|full,34.7,0,OK
2025-11-05,Sutherland,large,18,41.2,32.0,0.0,103.9,train,Wednesday,November,122,True,bayes_ridge|full,33.8,0,OK
2025-11-06,Sutherland,large,12,39.5,31.3,0.0,100.8,train,Thursday,November,122,True,bayes_ridge|full,32.4,0,OK
2025-11-07,Sutherland,large,16,34.2,29.1,0.0,91.4,train,Friday,November,122,True,bayes_ridge|full,28.0,0,OK
2025-11-08,Sutherland,large,3,11.4,16.8,0.0,44.4,train,Saturday,November,122,True,bayes_ridge|full,9.3,0,OK
2025-11-10,Sutherland,large,14,35.4,29.6,0.0,93.5,train,Monday,November,122,True,bayes_ridge|full,29.0,0,OK
2025-11-11,Sutherland,large,41,33.9,29.0,0.0,90.8,train,Tuesday,November,122,True,bayes_ridge|full,27.8,0,OK
2025-11-12,Sutherland,large,9,31.9,28.1,0.0,87.0,train,Wednesday,November,122,True,bayes_ridge|full,26.1,0,OK
2025-11-13,Sutherland,large,5,27.5,26.1,0.0,78.7,train,Thursday,November,122,True,bayes_ridge|full,22.5,0,OK
2025-11-14,Sutherland,large,19,27.6,26.2,0.0,78.9,train,Friday,November,122,True,bayes_ridge|full,22.6,0,OK
2025-11-15,Sutherland,large,4,5.4,11.6,0.0,28.2,train,Saturday,November,122,True,bayes_ridge|full,4.4,0,OK
2025-11-17,Sutherland,large,29,31.4,27.9,0.0,86.0,train,Monday,November,122,True,bayes_ridge|full,25.7,0,OK
2025-11-18,Sutherland,large,13,30.8,27.7,0.0,85.0,train,Tuesday,November,122,True,bayes_ridge|full,25.2,0,OK
2025-11-19,Sutherland,large,24,27.9,26.3,0.0,79.4,train,Wednesday,November,122,True,bayes_ridge|full,22.9,0,OK
2025-11-20,Sutherland,large,8,1.0,5.0,0.0,10.9,train,Thursday,November,122,True,bayes_ridge|full,0.8,0,OK
2025-11-21,Sutherland,large,7,3.7,9.5,0.0,22.4,train,Friday,November,122,True,bayes_ridge|full,3.0,0,OK
2025-11-22,Sutherland,large,0,0.0,5.0,0.0,9.8,train,Saturday,November,122,True,bayes_ridge|full,0.0,0,OK
2025-11-24,Sutherland,large,0,13.2,18.1,0.0,48.8,train,Monday,November,122,True,bayes_ridge|full,10.8,0,OK
2025-11-25,Sutherland,large,0,13.1,18.0,0.0,48.4,train,Tuesday,November,122,True,bayes_ridge|full,10.7,0,OK
2025-11-26,Sutherland,large,0,11.0,16.5,0.0,43.4,train,Wednesday,November,122,True,bayes_ridge|full,9.0,0,OK
2025-11-27,Sutherland,large,0,10.8,16.3,0.0,42.8,train,Thursday,November,122,True,bayes_ridge|full,8.9,0,OK
2025-11-28,Sutherland,large,0,12.3,17.5,0.0,46.5,train,Friday,November,122,True,bayes_ridge|full,10.1,0,OK
2025-11-29,Sutherland,large,0,0.0,5.0,0.0,9.8,train,Saturday,November,122,True,bayes_ridge|full,0.0,0,OK
2025-12-01,Sutherland,large,60,22.2,23.5,0.0,68.3,train,Monday,December,122,True,bayes_ridge|full,18.2,0,OK
2025-12-02,Sutherland,large,32,25.3,25.1,0.0,74.5,train,Tuesday,December,122,True,bayes_ridge|full,20.7,0,OK
2025-12-03,Sutherland,large,11,26.6,25.7,0.0,77.0,train,Wednesday,December,122,True,bayes_ridge|full,21.8,0,OK
2025-12-04,Sutherland,large,25,27.6,26.2,0.0,79.0,train,Thursday,December,122,True,bayes_ridge|full,22.6,0,OK
2025-12-05,Sutherland,large,14,24.8,24.8,0.0,73.5,train,Friday,December,122,True,bayes_ridge|full,20.3,0,OK
2025-12-06,Sutherland,large,3,3.4,9.2,0.0,21.6,train,Saturday,December,122,True,bayes_ridge|full,2.8,0,OK
2025-12-08,Sutherland,large,3,29.9,27.3,0.0,83.3,train,Monday,December,122,True,bayes_ridge|full,24.5,0,OK
2025-12-09,Sutherland,large,29,28.1,26.4,0.0,79.9,train,Tuesday,December,122,True,bayes_ridge|full,23.0,0,OK
2025-12-10,Sutherland,large,6,24.3,24.6,0.0,72.4,train,Wednesday,December,122,True,bayes_ridge|full,19.9,0,OK
2025-12-11,Sutherland,large,10,21.6,23.2,0.0,67.0,train,Thursday,December,122,True,bayes_ridge|full,17.7,0,OK
2025-12-12,Sutherland,large,4,22.5,23.6,0.0,68.9,train,Friday,December,122,True,bayes_ridge|full,18.4,0,OK
2025-12-13,Sutherland,large,0,0.0,5.0,0.0,9.8,train,Saturday,December,122,True,bayes_ridge|full,0.0,0,OK
2025-12-15,Sutherland,large,0,25.4,25.1,0.0,74.5,train,Monday,December,122,True,bayes_ridge|full,20.8,0,OK
2025-12-16,Sutherland,large,0,23.3,24.1,0.0,70.5,train,Tuesday,December,122,True,bayes_ridge|full,19.1,0,OK
2025-12-17,Sutherland,large,0,20.6,22.6,0.0,64.9,train,Wednesday,December,122,True,bayes_ridge|full,16.9,0,OK
2026-01-03,Sutherland,large,0,0.0,5.0,0.0,9.8,train,Saturday,January,122,True,bayes_ridge|full,0.0,0,OK
2026-01-05,Sutherland,large,0,22.3,23.5,0.0,68.4,train,Monday,January,122,True,bayes_ridge|full,18.3,0,OK
2026-01-06,Sutherland,large,0,19.8,22.1,0.0,63.2,train,Tuesday,January,122,True,bayes_ridge|full,16.2,0,OK
2026-01-07,Sutherland,large,0,16.8,20.4,0.0,56.8,train,Wednesday,January,122,True,bayes_ridge|full,13.8,0,OK
2026-01-08,Sutherland,large,0,15.2,19.4,0.0,53.3,train,Thursday,January,122,True,bayes_ridge|full,12.5,0,OK
2026-01-09,Sutherland,large,0,16.0,19.9,0.0,55.1,train,Friday,January,122,True,bayes_ridge|full,13.1,0,OK
2026-01-10,Sutherland,large,0,0.0,5.0,0.0,9.8,train,Saturday,January,122,True,bayes_ridge|full,0.0,0,OK
2026-01-12,Sutherland,large,170,20.6,22.6,0.0,64.9,train,Monday,January,122,True,bayes_ridge|full,16.9,48,OK
2026-01-13,Sutherland,large,32,29.0,26.8,0.0,81.5,train,Tuesday,January,122,True,bayes_ridge|full,23.8,0,OK
2026-01-14,Sutherland,large,29,28.3,26.5,0.0,80.2,train,Wednesday,January,122,True,bayes_ridge|full,23.2,0,OK
2026-01-15,Sutherland,large,23,28.7,26.7,0.0,80.9,train,Thursday,January,122,True,bayes_ridge|full,23.5,0,OK
2026-01-16,Sutherland,large,35,30.9,27.7,0.0,85.2,train,Friday,January,122,True,bayes_ridge|full,25.3,0,OK
2026-01-17,Sutherland,large,4,11.1,16.6,0.0,43.7,train,Saturday,January,122,True,bayes_ridge|full,9.1,0,OK
2026-01-19,Sutherland,large,19,38.1,30.7,0.0,98.3,train,Monday,January,122,True,bayes_ridge|full,31.2,0,OK
2026-01-20,Sutherland,large,20,37.0,30.3,0.0,96.4,train,Tuesday,January,122,True,bayes_ridge|full,30.3,0,OK
2026-01-21,Sutherland,large,16,27.1,25.9,0.0,78.0,train,Wednesday,January,122,True,bayes_ridge|full,22.2,0,OK
2026-01-22,Sutherland,large,83,25.1,24.9,0.0,74.0,train,Thursday,January,122,True,bayes_ridge|full,20.6,0,OK
2026-01-23,Sutherland,large,19,29.4,27.0,0.0,82.3,train,Friday,January,122,True,bayes_ridge|full,24.1,0,OK
2026-01-24,Sutherland,large,6,7.4,13.6,0.0,34.0,train,Saturday,January,122,True,bayes_ridge|full,6.1,0,OK
2026-01-26,Sutherland,large,1,32.7,28.5,0.0,88.6,train,Monday,January,122,True,bayes_ridge|full,26.8,0,OK
2026-01-27,Sutherland,large,29,30.7,27.6,0.0,84.9,train,Tuesday,January,122,True,bayes_ridge|full,25.2,0,OK
2026-01-28,Sutherland,large,40,28.8,26.7,0.0,81.2,train,Wednesday,January,122,True,bayes_ridge|full,23.6,0,OK
2026-01-29,Sutherland,large,61,27.9,26.3,0.0,79.5,train,Thursday,January,122,True,bayes_ridge|full,22.9,0,OK
2026-01-30,Sutherland,large,31,31.4,27.9,0.0,86.2,train,Friday,January,122,True,bayes_ridge|full,25.7,0,OK
2026-01-31,Sutherland,large,3,7.1,13.3,0.0,33.2,train,Saturday,January,122,True,bayes_ridge|full,5.8,0,OK
2026-02-02,Sutherland,large,19,33.0,28.6,0.0,89.0,train,Monday,February,122,True,bayes_ridge|full,27.0,0,OK
2026-02-03,Sutherland,large,60,31.8,28.1,0.0,86.8,train,Tuesday,February,122,True,bayes_ridge|full,26.1,0,OK
2026-02-04,Sutherland,large,35,32.7,28.5,0.0,88.6,train,Wednesday,February,122,True,bayes_ridge|full,26.8,0,OK
2026-02-05,Sutherland,large,27,32.0,28.2,0.0,87.2,train,Thursday,February,122,True,bayes_ridge|full,26.2,0,OK
2026-02-06,Sutherland,large,34,32.4,28.3,0.0,87.9,train,Friday,February,122,True,bayes_ridge|full,26.6,0,OK
2026-02-07,Sutherland,large,3,9.4,15.3,0.0,39.4,train,Saturday,February,122,True,bayes_ridge|full,7.7,0,OK
2026-02-09,Sutherland,large,11,34.3,29.2,0.0,91.5,train,Monday,February,122,True,bayes_ridge|full,28.1,0,OK
2026-02-10,Sutherland,large,115,32.9,28.6,0.0,88.9,train,Tuesday,February,122,True,bayes_ridge|full,27.0,0,OK
2026-02-11,Sutherland,large,29,36.3,30.0,0.0,95.1,train,Wednesday,February,122,True,bayes_ridge|full,29.8,0,OK
2026-02-12,Sutherland,large,48,33.7,28.9,0.0,90.4,train,Thursday,February,122,True,bayes_ridge|full,27.6,0,OK
2026-02-13,Sutherland,large,106,35.6,29.7,0.0,93.8,train,Friday,February,122,True,bayes_ridge|full,29.2,0,OK
2026-02-14,Sutherland,large,81,17.6,20.9,0.0,58.5,train,Saturday,February,122,True,bayes_ridge|full,14.4,0,OK
2026-02-16,Sutherland,large,6,47.0,34.1,0.0,113.9,train,Monday,February,122,True,bayes_ridge|full,38.5,0,OK
2026-02-17,Sutherland,large,10,45.0,33.4,0.0,110.5,train,Tuesday,February,122,True,bayes_ridge|full,36.9,0,OK
2026-02-18,Sutherland,large,115,42.4,32.4,0.0,105.9,train,Wednesday,February,122,True,bayes_ridge|full,34.8,0,OK
2026-02-19,Sutherland,large,44,42.0,32.3,0.0,105.2,train,Thursday,February,122,True,bayes_ridge|full,34.4,0,OK
2026-02-20,Sutherland,large,29,43.7,32.9,0.0,108.2,train,Friday,February,122,True,bayes_ridge|full,35.8,0,OK
2026-02-21,Sutherland,large,3,20.9,22.8,0.0,65.5,train,Saturday,February,122,True,bayes_ridge|full,17.1,0,OK
2026-02-23,Sutherland,large,13,42.3,32.4,0.0,105.8,train,Monday,February,122,True,bayes_ridge|full,34.7,0,OK
2026-02-24,Sutherland,large,53,37.0,30.3,0.0,96.3,train,Tuesday,February,122,True,bayes_ridge|full,30.3,0,OK
2026-02-25,Sutherland,large,39,36.8,30.2,0.0,96.1,train,Wednesday,February,122,True,bayes_ridge|full,30.2,0,OK
2026-02-26,Sutherland,large,20,37.2,30.4,0.0,96.7,train,Thursday,February,122,True,bayes_ridge|full,30.5,0,OK
2026-02-27,Sutherland,large,19,32.9,28.6,0.0,88.9,train,Friday,February,122,True,bayes_ridge|full,27.0,0,OK
2026-02-28,Sutherland,large,1,9.8,15.6,0.0,40.4,train,Saturday,February,122,True,bayes_ridge|full,8.0,0,OK
2026-03-02,Sutherland,large,28,34.7,29.3,0.0,92.2,train,Monday,March,122,True,bayes_ridge|full,28.4,0,OK
2026-03-03,Sutherland,large,33,33.6,28.9,0.0,90.2,train,Tuesday,March,122,True,bayes_ridge|full,27.5,0,OK
2026-03-04,Sutherland,large,16,31.6,28.0,0.0,86.5,test,Wednesday,March,122,True,bayes_ridge|full,25.9,0,OK
2026-03-05,Sutherland,large,10,28.7,26.7,0.0,80.9,test,Thursday,March,122,True,bayes_ridge|full,23.5,0,OK
2026-03-06,Sutherland,large,9,28.1,26.4,0.0,79.9,test,Friday,March,122,True,bayes_ridge|full,23.0,0,OK
2026-03-07,Sutherland,large,0,5.1,11.2,0.0,27.0,test,Saturday,March,122,True,bayes_ridge|full,4.2,0,OK
2026-03-09,Sutherland,large,0,30.2,27.4,0.0,83.9,test,Monday,March,122,True,bayes_ridge|full,24.8,0,OK
2026-03-10,Sutherland,large,0,28.0,26.4,0.0,79.6,test,Tuesday,March,122,True,bayes_ridge|full,23.0,0,OK
2026-03-11,Sutherland,large,0,23.9,24.3,0.0,71.6,test,Wednesday,March,122,True,bayes_ridge|full,19.6,0,OK
2026-03-12,Sutherland,large,0,20.6,22.6,0.0,65.0,test,Thursday,March,122,True,bayes_ridge|full,16.9,0,OK
2026-03-13,Sutherland,large,0,20.4,22.5,0.0,64.5,test,Friday,March,122,True,bayes_ridge|full,16.7,0,OK
2026-03-14,Sutherland,large,0,0.0,5.0,0.0,9.8,test,Saturday,March,122,True,bayes_ridge|full,0.0,0,OK
2026-03-16,Sutherland,large,73,23.0,23.9,0.0,69.8,test,Monday,March,122,True,bayes_ridge|full,18.9,0,OK
2026-03-17,Sutherland,large,10,25.3,25.1,0.0,74.4,test,Tuesday,March,122,True,bayes_ridge|full,20.7,0,OK
2026-03-18,Sutherland,large,68,23.1,23.9,0.0,70.0,test,Wednesday,March,122,True,bayes_ridge|full,18.9,0,OK
2026-03-19,Sutherland,large,14,25.1,24.9,0.0,74.0,test,Thursday,March,122,True,bayes_ridge|full,20.6,0,OK
2026-03-20,Sutherland,large,32,26.2,25.5,0.0,76.1,test,Friday,March,122,True,bayes_ridge|full,21.5,0,OK
2026-03-21,Sutherland,large,0,6.1,12.3,0.0,30.1,test,Saturday,March,122,True,bayes_ridge|full,5.0,0,OK
2026-03-23,Sutherland,large,27,32.7,28.5,0.0,88.5,test,Monday,March,122,True,bayes_ridge|full,26.8,0,OK
2026-03-24,Sutherland,large,49,31.8,28.1,0.0,86.8,test,Tuesday,March,122,True,bayes_ridge|full,26.1,0,OK
2026-03-25,Sutherland,large,22,28.3,26.5,0.0,80.3,test,Wednesday,March,122,True,bayes_ridge|full,23.2,0,OK
2026-03-26,Sutherland,large,19,27.6,26.2,0.0,79.0,test,Thursday,March,122,True,bayes_ridge|full,22.6,0,OK
2026-03-27,Sutherland,large,22,26.3,25.5,0.0,76.3,test,Friday,March,122,True,bayes_ridge|full,21.6,0,OK
2026-03-28,Sutherland,large,1,4.9,11.1,0.0,26.7,test,Saturday,March,122,True,bayes_ridge|full,4.0,0,OK
2026-03-30,Sutherland,large,34,29.8,27.2,0.0,83.2,test,Monday,March,122,True,bayes_ridge|full,24.4,0,OK
2026-03-31,Sutherland,large,5,29.8,27.2,0.0,83.1,test,Tuesday,March,122,True,bayes_ridge|full,24.4,0,OK
2026-04-01,Sutherland,large,62,26.1,25.5,0.0,76.0,test,Wednesday,April,122,True,bayes_ridge|full,21.4,0,OK
2026-04-02,Sutherland,large,59,25.6,25.2,0.0,75.0,test,Thursday,April,122,True,bayes_ridge|full,21.0,0,OK
2026-04-03,Sutherland,large,40,28.8,26.8,0.0,81.3,test,Friday,April,122,True,bayes_ridge|full,23.6,0,OK
2026-04-04,Sutherland,large,3,7.9,14.0,0.0,35.4,test,Saturday,April,122,True,bayes_ridge|full,6.5,0,OK
2026-04-06,Sutherland,large,47,33.4,28.8,0.0,89.9,test,Monday,April,122,True,bayes_ridge|full,27.4,0,OK
2026-04-07,Sutherland,large,37,34.1,29.1,0.0,91.1,test,Tuesday,April,122,True,bayes_ridge|full,28.0,0,OK
2026-04-08,Sutherland,large,27,32.0,28.2,0.0,87.3,test,Wednesday,April,122,True,bayes_ridge|full,26.2,0,OK
2026-04-09,Sutherland,large,27,31.9,28.1,0.0,87.0,test,Thursday,April,122,True,bayes_ridge|full,26.1,0,OK
2026-04-10,Sutherland,large,8,31.0,27.7,0.0,85.4,test,Friday,April,122,True,bayes_ridge|full,25.4,0,OK
2026-04-11,Sutherland,large,2,6.6,12.8,0.0,31.7,test,Saturday,April,122,True,bayes_ridge|full,5.4,0,OK
2026-04-13,Sutherland,large,35,31.3,27.9,0.0,86.0,test,Monday,April,122,True,bayes_ridge|full,25.7,0,OK
2026-04-14,Sutherland,large,37,31.3,27.9,0.0,86.0,test,Tuesday,April,122,True,bayes_ridge|full,25.7,0,OK
2026-04-15,Sutherland,large,18,28.7,26.7,0.0,80.9,test,Wednesday,April,122,True,bayes_ridge|full,23.5,0,OK
2026-04-16,Sutherland,large,18,26.4,25.6,0.0,76.5,test,Thursday,April,122,True,bayes_ridge|full,21.6,0,OK
2026-04-17,Sutherland,large,8,27.0,25.9,0.0,77.7,test,Friday,April,122,True,bayes_ridge|full,22.1,0,OK
2026-04-18,Sutherland,large,4,3.5,9.3,0.0,21.7,test,Saturday,April,122,True,bayes_ridge|full,2.9,0,OK
2026-04-20,Sutherland,large,13,29.7,27.1,0.0,82.8,test,Monday,April,122,True,bayes_ridge|full,24.3,0,OK
2026-04-21,Sutherland,large,29,27.9,26.3,0.0,79.5,test,Tuesday,April,122,True,bayes_ridge|full,22.9,0,OK
2026-04-22,Sutherland,large,9,10.3,16.0,0.0,41.7,test,Wednesday,April,122,True,bayes_ridge|full,8.4,0,OK
2026-04-23,Sutherland,large,13,7.3,13.4,0.0,33.6,test,Thursday,April,122,True,bayes_ridge|full,6.0,0,OK
2026-04-24,Sutherland,large,16,7.8,13.9,0.0,35.1,test,Friday,April,122,True,bayes_ridge|full,6.4,0,OK
2026-04-25,Sutherland,large,0,0.0,5.0,0.0,9.8,test,Saturday,April,122,True,bayes_ridge|full,0.0,0,OK
2026-04-27,Sutherland,large,5,11.6,17.0,0.0,44.8,test,Monday,April,122,True,bayes_ridge|full,9.5,0,OK
2026-04-28,Sutherland,large,19,9.7,15.5,0.0,40.0,test,Tuesday,April,122,True,bayes_ridge|full,8.0,0,OK
2026-04-29,Sutherland,large,18,7.5,13.6,0.0,34.2,test,Wednesday,April,122,True,bayes_ridge|full,6.1,0,OK
2026-04-30,Sutherland,large,5,5.5,11.7,0.0,28.4,test,Thursday,April,122,True,bayes_ridge|full,4.5,0,OK
2026-05-01,Sutherland,large,3,6.0,12.2,0.0,29.9,test,Friday,May,122,True,bayes_ridge|full,4.9,0,OK
2026-05-02,Sutherland,large,0,0.0,5.0,0.0,9.8,test,Saturday,May,122,True,bayes_ridge|full,0.0,0,OK
2026-08-17,Sutherland,large,14,26.5,25.7,0.0,76.8,test,Monday,August,122,True,bayes_ridge|full,21.7,0,OK
2026-08-18,Sutherland,large,21,25.2,25.0,0.0,74.1,test,Tuesday,August,122,True,bayes_ridge|full,20.7,0,OK
2026-08-19,Sutherland,large,19,23.3,24.0,0.0,70.4,test,Wednesday,August,122,True,bayes_ridge|full,19.1,0,OK
2026-08-20,Sutherland,large,26,21.8,23.3,0.0,67.4,test,Thursday,August,122,True,bayes_ridge|full,17.9,0,OK
2026-08-21,Sutherland,large,31,23.2,24.0,0.0,70.2,test,Friday,August,122,True,bayes_ridge|full,19.0,0,OK
2026-08-22,Sutherland,large,0,2.6,8.1,0.0,18.4,test,Saturday,August,122,True,bayes_ridge|full,2.1,0,OK
2026-08-24,Sutherland,large,40,28.9,26.8,0.0,81.4,test,Monday,August,122,True,bayes_ridge|full,23.7,0,OK
2026-08-25,Sutherland,large,69,29.2,26.9,0.0,82.0,test,Tuesday,August,122,True,bayes_ridge|full,23.9,0,OK
2026-08-26,Sutherland,large,47,30.0,27.3,0.0,83.4,test,Wednesday,August,122,True,bayes_ridge|full,24.6,0,OK
2026-08-27,Sutherland,large,27,30.3,27.4,0.0,84.1,test,Thursday,August,122,True,bayes_ridge|full,24.8,0,OK
2026-08-28,Sutherland,large,39,31.8,28.1,0.0,86.8,test,Friday,August,122,True,bayes_ridge|full,26.1,0,OK
2026-08-29,Sutherland,large,6,10.7,16.3,0.0,42.6,test,Saturday,August,122,True,bayes_ridge|full,8.8,0,OK
2026-08-31,Sutherland,large,37,36.0,29.9,0.0,94.5,test,Monday,August,122,True,bayes_ridge|full,29.5,0,OK
2026-09-01,Sutherland,large,55,36.2,30.0,0.0,95.0,test,Tuesday,September,122,True,bayes_ridge|full,29.7,0,OK
2026-09-02,Sutherland,large,8,34.9,29.4,0.0,92.6,test,Wednesday,September,122,True,bayes_ridge|full,28.6,0,OK
2026-09-03,Sutherland,large,36,30.5,27.5,0.0,84.5,test,Thursday,September,122,True,bayes_ridge|full,25.0,0,OK
2026-09-04,Sutherland,large,25,31.1,27.8,0.0,85.5,test,Friday,September,122,True,bayes_ridge|full,25.5,0,OK
2026-09-05,Sutherland,large,3,9.2,15.1,0.0,38.8,test,Saturday,September,122,True,bayes_ridge|full,7.5,0,OK
2026-09-07,Sutherland,large,3,33.9,29.0,0.0,90.7,test,Monday,September,122,True,bayes_ridge|full,27.8,0,OK
2026-09-08,Sutherland,large,25,31.7,28.0,0.0,86.6,test,Tuesday,September,122,True,bayes_ridge|full,26.0,0,OK
2026-09-09,Sutherland,large,33,28.7,26.7,0.0,81.0,test,Wednesday,September,122,True,bayes_ridge|full,23.5,0,OK
2026-09-10,Sutherland,large,49,26.3,25.6,0.0,76.4,test,Thursday,September,122,True,bayes_ridge|full,21.6,0,OK
2026-09-11,Sutherland,large,29,25.3,25.1,0.0,74.5,test,Friday,September,122,True,bayes_ridge|full,20.7,0,OK
2026-09-12,Sutherland,large,6,3.1,8.8,0.0,20.5,test,Saturday,September,122,True,bayes_ridge|full,2.5,0,OK
2026-09-14,Sutherland,large,87,28.7,26.7,0.0,81.0,test,Monday,September,122,True,bayes_ridge|full,23.5,0,OK
2026-09-15,Sutherland,large,16,31.6,28.0,0.0,86.6,test,Tuesday,September,122,True,bayes_ridge|full,25.9,0,OK
2026-09-16,Sutherland,large,59,29.8,27.2,0.0,83.2,test,Wednesday,September,122,True,bayes_ridge|full,24.4,0,OK
2026-09-17,Sutherland,large,18,30.6,27.5,0.0,84.6,test,Thursday,September,122,True,bayes_ridge|full,25.1,0,OK
2026-09-18,Sutherland,large,35,30.6,27.5,0.0,84.6,test,Friday,September,122,True,bayes_ridge|full,25.1,0,OK
